{
    "SLIM Elastic Net": [
        0.02679797290466093
    ],
    "CombinedItemKNNCFG2": [
        0.023982454205384144
    ],
    "RP3betaG2": [
        0.025964268098026037
    ]
}