{
    "CombinedItemKNNCFG2": [
        0.02289723899596521
    ],
    "RP3betaG2": [
        0.025238673510966647
    ],
    "RP3beta_ItemKNNCF_Hybrid": [
        0.025220513445035845
    ]
}