{
    "CombinedItemKNNCFG2": [
        0.023962672534445693
    ],
    "RP3betaG2": [
        0.02527267486195723
    ],
    "RP3beta_ItemKNNCF_Hybrid": [
        0.025514269023578368
    ]
}