{
    "CombinedItemKNNCFG2": [
        0.02397998349660345
    ],
    "RP3betaG2": [
        0.026019502689470887
    ],
    "RP3beta_ItemKNNCF_Hybrid": [
        0.026330149220766756
    ]
}