{
    "IALS": [
        0.017321917272656202
    ],
    "CombinedItemKNNCFG2": [
        0.02352034683605245
    ],
    "RP3betaG2": [
        0.025647918171099997
    ]
}