{
    "topK": 390,
    "shrink": 10.253981267190092,
    "normalization": "tfidf"
}[
    {
        "PRECISION": 0.0481799749,
        "PRECISION_RECALL_MIN_DEN": 0.0929753054,
        "RECALL": 0.0928012961,
        "MAP": 0.0231090735,
        "MAP_MIN_DEN": 0.0439451559,
        "MRR": 0.178992967,
        "NDCG": 0.0987118159,
        "F1": 0.0634291929,
        "HIT_RATE": 0.3692188858,
        "ARHR_ALL_HITS": 0.2032581292,
        "NOVELTY": 0.0040221641,
        "AVERAGE_POPULARITY": 0.2877583276,
        "DIVERSITY_MEAN_INTER_LIST": 0.8402373691,
        "DIVERSITY_HERFINDAHL": 0.9840156242,
        "COVERAGE_ITEM": 0.0858530216,
        "COVERAGE_ITEM_HIT": 0.0278695883,
        "ITEMS_IN_GT": 0.9920430897,
        "COVERAGE_USER": 0.9951955415,
        "COVERAGE_USER_HIT": 0.3674449889,
        "USERS_IN_GT": 0.9951955415,
        "DIVERSITY_GINI": 0.0084324786,
        "SHANNON_ENTROPY": 7.4636591912,
        "RATIO_DIVERSITY_HERFINDAHL": 0.9843410863,
        "RATIO_DIVERSITY_GINI": 0.0165660939,
        "RATIO_SHANNON_ENTROPY": 0.5530878343,
        "RATIO_AVERAGE_POPULARITY": 5.6812893816,
        "RATIO_NOVELTY": 0.2301120989
    }
]