{
    "topK": 309,
    "shrink": 10.544403292046802,
    "normalization": "tfidf"
}[
    {
        "PRECISION": 0.0484406681,
        "PRECISION_RECALL_MIN_DEN": 0.0925468704,
        "RECALL": 0.0923749429,
        "MAP": 0.0230443753,
        "MAP_MIN_DEN": 0.0433062991,
        "MRR": 0.1759428483,
        "NDCG": 0.0988904291,
        "F1": 0.0635540892,
        "HIT_RATE": 0.3670947185,
        "ARHR_ALL_HITS": 0.2011426211,
        "NOVELTY": 0.0040292026,
        "AVERAGE_POPULARITY": 0.2867884428,
        "DIVERSITY_MEAN_INTER_LIST": 0.8415970461,
        "DIVERSITY_HERFINDAHL": 0.9841515787,
        "COVERAGE_ITEM": 0.0854857796,
        "COVERAGE_ITEM_HIT": 0.0279920023,
        "ITEMS_IN_GT": 0.9929407924,
        "COVERAGE_USER": 0.9951955415,
        "COVERAGE_USER_HIT": 0.3653310272,
        "USERS_IN_GT": 0.9951955415,
        "DIVERSITY_GINI": 0.0085387468,
        "SHANNON_ENTROPY": 7.4843872703,
        "RATIO_DIVERSITY_HERFINDAHL": 0.9844759293,
        "RATIO_DIVERSITY_GINI": 0.0167858904,
        "RATIO_SHANNON_ENTROPY": 0.5545979932,
        "RATIO_AVERAGE_POPULARITY": 5.6630728361,
        "RATIO_NOVELTY": 0.2305040279
    }
]