{
    "topK": 414,
    "shrink": 10.08237935340099,
    "similarity": "rp3beta",
    "normalization": "tfidf"
}[
    {
        "PRECISION": 0.0481819949,
        "PRECISION_RECALL_MIN_DEN": 0.0960060137,
        "RECALL": 0.0955689674,
        "MAP": 0.0227217531,
        "MAP_MIN_DEN": 0.04478638,
        "MRR": 0.1744284881,
        "NDCG": 0.0993638414,
        "F1": 0.0640650112,
        "HIT_RATE": 0.3684619872,
        "ARHR_ALL_HITS": 0.1986180554,
        "NOVELTY": 0.0035221607,
        "AVERAGE_POPULARITY": 0.2878021651,
        "DIVERSITY_MEAN_INTER_LIST": 0.8380810672,
        "DIVERSITY_HERFINDAHL": 0.9837999589,
        "COVERAGE_ITEM": 0.0765517735,
        "COVERAGE_ITEM_HIT": 0.0244207666,
        "ITEMS_IN_GT": 0.8699227689,
        "COVERAGE_USER": 0.9883732103,
        "COVERAGE_USER_HIT": 0.3641779571,
        "USERS_IN_GT": 0.9883732103,
        "DIVERSITY_GINI": 0.0074294693,
        "SHANNON_ENTROPY": 7.4543690457,
        "RATIO_DIVERSITY_HERFINDAHL": 0.9841255234,
        "RATIO_DIVERSITY_GINI": 0.0166726267,
        "RATIO_SHANNON_ENTROPY": 0.5524378986,
        "RATIO_AVERAGE_POPULARITY": 5.7007000952,
        "RATIO_NOVELTY": 0.2299801562
    }
]