{
    "topK": 286,
    "shrink": 199.9030743355846,
    "similarity": "cosine",
    "normalization": "bm25"
}[
    {
        "PRECISION": 0.048916529,
        "PRECISION_RECALL_MIN_DEN": 0.0960222987,
        "RECALL": 0.0955592619,
        "MAP": 0.0234059156,
        "MAP_MIN_DEN": 0.0451703253,
        "MRR": 0.177150014,
        "NDCG": 0.1001759905,
        "F1": 0.0647087983,
        "HIT_RATE": 0.3679914488,
        "ARHR_ALL_HITS": 0.2032423153,
        "NOVELTY": 0.0041818841,
        "AVERAGE_POPULARITY": 0.2456139775,
        "DIVERSITY_MEAN_INTER_LIST": 0.8847925334,
        "DIVERSITY_HERFINDAHL": 0.9884706556,
        "COVERAGE_ITEM": 0.1379605827,
        "COVERAGE_ITEM_HIT": 0.0317460317,
        "ITEMS_IN_GT": 0.9929407924,
        "COVERAGE_USER": 0.9888536562,
        "COVERAGE_USER_HIT": 0.3638896896,
        "USERS_IN_GT": 0.9888536562,
        "DIVERSITY_GINI": 0.0138594087,
        "SHANNON_ENTROPY": 8.0758456211,
        "RATIO_DIVERSITY_HERFINDAHL": 0.9887979339,
        "RATIO_DIVERSITY_GINI": 0.0272675239,
        "RATIO_SHANNON_ENTROPY": 0.5985271904,
        "RATIO_AVERAGE_POPULARITY": 4.8916535633,
        "RATIO_NOVELTY": 0.2392793585
    }
]