{
    "alpha": 0.13108190815550153,
    "beta": 0.4807361601575698
}[
    {
        "PRECISION": 0.0518525722,
        "PRECISION_RECALL_MIN_DEN": 0.1009876449,
        "RECALL": 0.1004977839,
        "MAP": 0.0248707105,
        "MAP_MIN_DEN": 0.0479846225,
        "MRR": 0.1867752524,
        "NDCG": 0.1091014175,
        "F1": 0.068409011,
        "HIT_RATE": 0.3830594185,
        "ARHR_ALL_HITS": 0.2150793651,
        "NOVELTY": 0.0042994717,
        "AVERAGE_POPULARITY": 0.1951643339,
        "DIVERSITY_MEAN_INTER_LIST": 0.938673176,
        "DIVERSITY_HERFINDAHL": 0.9938581892,
        "COVERAGE_ITEM": 0.1326559758,
        "COVERAGE_ITEM_HIT": 0.0357040845,
        "ITEMS_IN_GT": 0.9937160811,
        "COVERAGE_USER": 0.9880849428,
        "COVERAGE_USER_HIT": 0.3784952436,
        "USERS_IN_GT": 0.9880849428,
        "DIVERSITY_GINI": 0.0168996524,
        "SHANNON_ENTROPY": 8.7098025424,
        "RATIO_DIVERSITY_HERFINDAHL": 0.9941860494,
        "RATIO_DIVERSITY_GINI": 0.0332481009,
        "RATIO_SHANNON_ENTROPY": 0.6454779337,
        "RATIO_AVERAGE_POPULARITY": 3.8594532255,
        "RATIO_NOVELTY": 0.2459945854
    }
]