{
    "alpha": 0.6687877652632948,
    "beta": 0.3841332145259308,
    "topK": 103
}[
    {
        "PRECISION": 0.0529707275,
        "PRECISION_RECALL_MIN_DEN": 0.1027990548,
        "RECALL": 0.1025976814,
        "MAP": 0.0257547733,
        "MAP_MIN_DEN": 0.0492363601,
        "MRR": 0.1953737696,
        "NDCG": 0.1118984143,
        "F1": 0.0698686046,
        "HIT_RATE": 0.3997681383,
        "ARHR_ALL_HITS": 0.2243436337,
        "NOVELTY": 0.0042998089,
        "AVERAGE_POPULARITY": 0.1962199622,
        "DIVERSITY_MEAN_INTER_LIST": 0.9390617425,
        "DIVERSITY_HERFINDAHL": 0.9938971021,
        "COVERAGE_ITEM": 0.1306565471,
        "COVERAGE_ITEM_HIT": 0.0366833966,
        "ITEMS_IN_GT": 0.9928999878,
        "COVERAGE_USER": 0.9946190064,
        "COVERAGE_USER_HIT": 0.3976169886,
        "USERS_IN_GT": 0.9946190064,
        "DIVERSITY_GINI": 0.0168073629,
        "SHANNON_ENTROPY": 8.7105787159,
        "RATIO_DIVERSITY_HERFINDAHL": 0.9942257376,
        "RATIO_DIVERSITY_GINI": 0.0330544469,
        "RATIO_SHANNON_ENTROPY": 0.6455288179,
        "RATIO_AVERAGE_POPULARITY": 3.8633212798,
        "RATIO_NOVELTY": 0.2460113529
    }
]