{
    "topK": 100,
    "alpha": 0.010975001075569505,
    "l1_ratio": 0.48011657798419954
}[
    {
        "PRECISION": 0.0529343292,
        "PRECISION_RECALL_MIN_DEN": 0.1043795528,
        "RECALL": 0.1038652485,
        "MAP": 0.0258917466,
        "MAP_MIN_DEN": 0.0501518566,
        "MRR": 0.192491035,
        "NDCG": 0.1127793731,
        "F1": 0.0701282151,
        "HIT_RATE": 0.3930546125,
        "ARHR_ALL_HITS": 0.2226594654,
        "NOVELTY": 0.0043114294,
        "AVERAGE_POPULARITY": 0.1897592017,
        "DIVERSITY_MEAN_INTER_LIST": 0.9480169514,
        "DIVERSITY_HERFINDAHL": 0.9947924991,
        "COVERAGE_ITEM": 0.0798139307,
        "COVERAGE_ITEM_HIT": 0.0337454605,
        "ITEMS_IN_GT": 0.9924103317,
        "COVERAGE_USER": 0.9905832613,
        "COVERAGE_USER_HIT": 0.3893533199,
        "USERS_IN_GT": 0.9905832613,
        "DIVERSITY_GINI": 0.0167898908,
        "SHANNON_ENTROPY": 8.8589851528,
        "RATIO_DIVERSITY_HERFINDAHL": 0.9951202629,
        "RATIO_DIVERSITY_GINI": 0.0329937123,
        "RATIO_SHANNON_ENTROPY": 0.6564596765,
        "RATIO_AVERAGE_POPULARITY": 3.7405876013,
        "RATIO_NOVELTY": 0.2466509125
    }
]