{
    "CombinedItemKNNCFHot": [
        0.05559952852221694
    ],
    "RP3betaHot": [
        0.06419222155493863
    ],
    "RP3beta_ItemKNNCF_Hybrid": [
        0.064327893926883
    ]
}