{
    "worstSlimElasticNetHot": [
        0.06968665807538699
    ],
    "bestSlimElasticNetHot": [
        0.06900701899256872
    ]
}