{
    "bestMultiSlimElasticNetHot": [
        0.06868842688192275
    ],
    "bestSlimElasticNetHot": [
        0.0699884289677329
    ]
}