{
    "worstSlimElasticNetHot": [
        0.06921792762471972
    ],
    "bestSlimElasticNetHot": [
        0.06859588348388959
    ]
}