{
    "SLIM Elastic Net": [
        0.06964372264037254
    ],
    "CombinedItemKNNCFG3": [
        0.05894711184522036
    ],
    "RP3betaG3": [
        0.0655786528687598
    ],
    "RP3beta_ItemKNNCF_Hybrid": [
        0.06575479204076032
    ]
}