{
    "SLIM Elastic Net": [
        0.06849668756099436
    ],
    "CombinedItemKNNCFG3": [
        0.05794430160398433
    ],
    "RP3betaG3": [
        0.06363441912936188
    ],
    "RP3beta_ItemKNNCF_Hybrid": [
        0.06369350503382347
    ],
    "RP3betaHot": [
        0.06406705369133181
    ],
    "IALSHot": [
        0.047910051172334774
    ],
    "SlimElasticNetHot": [
        0.06870799760611941
    ]
}