{
    "CombinedItemKNNCFHot": [
        0.05572031212204661
    ],
    "RP3betaHot": [
        0.06335437884209597
    ],
    "RP3beta_ItemKNNCF_Hybrid": [
        0.06381714022971295
    ]
}