{
    "factors": 145,
    "alpha": 2,
    "iterations": 84,
    "regularization": 0.0068126415129997255,
    "MAP": 0.019900070100908242
}
