{
    "alpha": 0.9812218605848964,
    "beta": 0.9233919307046949
}[
    {
        "PRECISION": 0.1463193028,
        "PRECISION_RECALL_MIN_DEN": 0.1582776321,
        "RECALL": 0.1176415501,
        "MAP": 0.0739302638,
        "MAP_MIN_DEN": 0.0794830323,
        "MRR": 0.3886298818,
        "NDCG": 0.1587678033,
        "F1": 0.1304225941,
        "HIT_RATE": 0.7520860375,
        "ARHR_ALL_HITS": 0.5326509379,
        "NOVELTY": 0.0042777238,
        "AVERAGE_POPULARITY": 0.1870448489,
        "DIVERSITY_MEAN_INTER_LIST": 0.9442779711,
        "DIVERSITY_HERFINDAHL": 0.9944102878,
        "COVERAGE_ITEM": 0.059738034,
        "COVERAGE_ITEM_HIT": 0.0366833966,
        "ITEMS_IN_GT": 0.9927775738,
        "COVERAGE_USER": 1.0,
        "COVERAGE_USER_HIT": 0.7520860375,
        "USERS_IN_GT": 1.0,
        "DIVERSITY_GINI": 0.012291756,
        "SHANNON_ENTROPY": 8.4864598654,
        "RATIO_DIVERSITY_HERFINDAHL": 0.9947386344,
        "RATIO_DIVERSITY_GINI": 0.024166291,
        "RATIO_SHANNON_ENTROPY": 0.6288912477,
        "RATIO_AVERAGE_POPULARITY": 3.6931054368,
        "RATIO_NOVELTY": 0.2447366997
    }
]