{
    "alpha": 0.7136052911660057,
    "beta": 0.44828831909194655,
    "topK": 54
}[
    {
        "PRECISION": 0.1380723781,
        "PRECISION_RECALL_MIN_DEN": 0.1493646104,
        "RECALL": 0.1099223099,
        "MAP": 0.0692045102,
        "MAP_MIN_DEN": 0.0743596629,
        "MRR": 0.370482008,
        "NDCG": 0.1483924356,
        "F1": 0.122399676,
        "HIT_RATE": 0.7210118168,
        "ARHR_ALL_HITS": 0.5028654809,
        "NOVELTY": 0.0044464611,
        "AVERAGE_POPULARITY": 0.1501455021,
        "DIVERSITY_MEAN_INTER_LIST": 0.961807619,
        "DIVERSITY_HERFINDAHL": 0.9961630033,
        "COVERAGE_ITEM": 0.0751213939,
        "COVERAGE_ITEM_HIT": 0.0438242135,
        "ITEMS_IN_GT": 0.9931856204,
        "COVERAGE_USER": 1.0,
        "COVERAGE_USER_HIT": 0.7210118168,
        "USERS_IN_GT": 1.0,
        "DIVERSITY_GINI": 0.0176644231,
        "SHANNON_ENTROPY": 9.0238957402,
        "RATIO_DIVERSITY_HERFINDAHL": 0.9964918959,
        "RATIO_DIVERSITY_GINI": 0.034745918,
        "RATIO_SHANNON_ENTROPY": 0.6687429298,
        "RATIO_AVERAGE_POPULARITY": 2.9687217292,
        "RATIO_NOVELTY": 0.2543999359
    }
]