{
    "alpha": 0.2617149087459967,
    "beta": 0.38766862684444214,
    "topK": 109
}[
    {
        "PRECISION": 0.1349311295,
        "PRECISION_RECALL_MIN_DEN": 0.1465842407,
        "RECALL": 0.1084197219,
        "MAP": 0.0674212252,
        "MAP_MIN_DEN": 0.072758024,
        "MRR": 0.3610556503,
        "NDCG": 0.1432244247,
        "F1": 0.1202313076,
        "HIT_RATE": 0.7085399449,
        "ARHR_ALL_HITS": 0.4907915373,
        "NOVELTY": 0.0043829591,
        "AVERAGE_POPULARITY": 0.1687439636,
        "DIVERSITY_MEAN_INTER_LIST": 0.9497655872,
        "DIVERSITY_HERFINDAHL": 0.9949591158,
        "COVERAGE_ITEM": 0.079038642,
        "COVERAGE_ITEM_HIT": 0.0432937528,
        "ITEMS_IN_GT": 0.9935120578,
        "COVERAGE_USER": 0.999816379,
        "COVERAGE_USER_HIT": 0.7084098421,
        "USERS_IN_GT": 0.999816379,
        "DIVERSITY_GINI": 0.0156958265,
        "SHANNON_ENTROPY": 8.7538140195,
        "RATIO_DIVERSITY_HERFINDAHL": 0.9952883441,
        "RATIO_DIVERSITY_GINI": 0.030873038,
        "RATIO_SHANNON_ENTROPY": 0.6487705816,
        "RATIO_AVERAGE_POPULARITY": 3.3191250545,
        "RATIO_NOVELTY": 0.2507833035
    }
]