{
    "topK": 429,
    "alpha": 0.0047217460142242595,
    "l1_ratio": 0.501517968826842
}[
    {
        "PRECISION": 0.1454108957,
        "PRECISION_RECALL_MIN_DEN": 0.1576176552,
        "RECALL": 0.1173970818,
        "MAP": 0.0735888259,
        "MAP_MIN_DEN": 0.0792862535,
        "MRR": 0.3893426549,
        "NDCG": 0.1566708231,
        "F1": 0.1299109333,
        "HIT_RATE": 0.7495844875,
        "ARHR_ALL_HITS": 0.5325635727,
        "NOVELTY": 0.0043203664,
        "AVERAGE_POPULARITY": 0.1841966201,
        "DIVERSITY_MEAN_INTER_LIST": 0.9478221334,
        "DIVERSITY_HERFINDAHL": 0.9947647097,
        "COVERAGE_ITEM": 0.0749581752,
        "COVERAGE_ITEM_HIT": 0.0425592688,
        "ITEMS_IN_GT": 0.9931856204,
        "COVERAGE_USER": 1.0,
        "COVERAGE_USER_HIT": 0.7495844875,
        "USERS_IN_GT": 1.0,
        "DIVERSITY_GINI": 0.0157800547,
        "SHANNON_ENTROPY": 8.7638367887,
        "RATIO_DIVERSITY_HERFINDAHL": 0.9950936903,
        "RATIO_DIVERSITY_GINI": 0.031020345,
        "RATIO_SHANNON_ENTROPY": 0.6494604098,
        "RATIO_AVERAGE_POPULARITY": 3.6507290905,
        "RATIO_NOVELTY": 0.2471817208
    }
]