recommender,alpha,l1_ratio,TopK,MAP
SLIMElasticNetRecommender,0.3987004675064453,0.8520365374459303,108,3.796620764021546e-05
