recommender,alpha,beta,MAP
Slim-Ials,0.8625069381521083,0.023011129916126527,0.018796307834601334
