{
    "topK": 323,
    "alpha": 0.002808322158631471,
    "l1_ratio": 0.9062165027826957
}[
    {
        "PRECISION": 0.0531167777,
        "PRECISION_RECALL_MIN_DEN": 0.0876548631,
        "RECALL": 0.0815903165,
        "MAP": 0.0263919402,
        "MAP_MIN_DEN": 0.0427142807,
        "MRR": 0.1746859023,
        "NDCG": 0.0916769025,
        "F1": 0.0643442683,
        "HIT_RATE": 0.3489807461,
        "ARHR_ALL_HITS": 0.212963916,
        "NOVELTY": 0.0044457592,
        "AVERAGE_POPULARITY": 0.1727194673,
        "DIVERSITY_MEAN_INTER_LIST": 0.9577224749,
        "DIVERSITY_HERFINDAHL": 0.9957698925,
        "COVERAGE_ITEM": 0.1697882238,
        "COVERAGE_ITEM_HIT": 0.0658995389,
        "ITEMS_IN_GT": 0.9929815971,
        "COVERAGE_USER": 0.9768911096,
        "COVERAGE_USER_HIT": 0.3409161882,
        "USERS_IN_GT": 0.9768911096,
        "DIVERSITY_GINI": 0.0300357497,
        "SHANNON_ENTROPY": 9.498620345,
        "RATIO_DIVERSITY_HERFINDAHL": 0.996099661,
        "RATIO_DIVERSITY_GINI": 0.0590476233,
        "RATIO_SHANNON_ENTROPY": 0.7039538475,
        "RATIO_AVERAGE_POPULARITY": 3.4180437403,
        "RATIO_NOVELTY": 0.2543706256
    }
]