{
    "topK": 262,
    "alpha": 0.0009965041133080904,
    "l1_ratio": 0.0007872659976219006
}[
    {
        "PRECISION": 0.0533881862,
        "PRECISION_RECALL_MIN_DEN": 0.0878307691,
        "RECALL": 0.0817747733,
        "MAP": 0.0268927602,
        "MAP_MIN_DEN": 0.0436670962,
        "MRR": 0.1785206302,
        "NDCG": 0.0860990092,
        "F1": 0.0646006397,
        "HIT_RATE": 0.3500675427,
        "ARHR_ALL_HITS": 0.2173913031,
        "NOVELTY": 0.0045289758,
        "AVERAGE_POPULARITY": 0.1481334208,
        "DIVERSITY_MEAN_INTER_LIST": 0.9704945801,
        "DIVERSITY_HERFINDAHL": 0.9970470744,
        "COVERAGE_ITEM": 0.2189170441,
        "COVERAGE_ITEM_HIT": 0.0699800057,
        "ITEMS_IN_GT": 0.9936752765,
        "COVERAGE_USER": 0.9780441519,
        "COVERAGE_USER_HIT": 0.3423815129,
        "USERS_IN_GT": 0.9780441519,
        "DIVERSITY_GINI": 0.0330249926,
        "SHANNON_ENTROPY": 9.7764422417,
        "RATIO_DIVERSITY_HERFINDAHL": 0.9973678093,
        "RATIO_DIVERSITY_GINI": 0.0640562537,
        "RATIO_SHANNON_ENTROPY": 0.7232034753,
        "RATIO_AVERAGE_POPULARITY": 2.9054586652,
        "RATIO_NOVELTY": 0.2548727955
    }
]