{
    "topK": 227,
    "alpha": 0.0009957584137870225,
    "l1_ratio": 0.000589380938643829
}[
    {
        "PRECISION": 0.0531745057,
        "PRECISION_RECALL_MIN_DEN": 0.0874053964,
        "RECALL": 0.0813445853,
        "MAP": 0.0268019401,
        "MAP_MIN_DEN": 0.0434903277,
        "MRR": 0.1778802614,
        "NDCG": 0.0857511837,
        "F1": 0.0643099516,
        "HIT_RATE": 0.3484710795,
        "ARHR_ALL_HITS": 0.2166258779,
        "NOVELTY": 0.0045390979,
        "AVERAGE_POPULARITY": 0.1462988924,
        "DIVERSITY_MEAN_INTER_LIST": 0.9711002596,
        "DIVERSITY_HERFINDAHL": 0.9971076408,
        "COVERAGE_ITEM": 0.2234871669,
        "COVERAGE_ITEM_HIT": 0.0701024197,
        "ITEMS_IN_GT": 0.9936752765,
        "COVERAGE_USER": 0.9780441519,
        "COVERAGE_USER_HIT": 0.3408201014,
        "USERS_IN_GT": 0.9780441519,
        "DIVERSITY_GINI": 0.0336763092,
        "SHANNON_ENTROPY": 9.8073969556,
        "RATIO_DIVERSITY_HERFINDAHL": 0.9974283953,
        "RATIO_DIVERSITY_GINI": 0.0653195666,
        "RATIO_SHANNON_ENTROPY": 0.7254933223,
        "RATIO_AVERAGE_POPULARITY": 2.8694765997,
        "RATIO_NOVELTY": 0.2554424259
    }
]