{
    "factors": 207,
    "alpha": 8,
    "iterations": 64,
    "regularization": 0.0008028438717010397
}{
    "10": {
        "ROC_AUC": 0.18525447214375956,
        "PRECISION": 0.04143190470342204,
        "PRECISION_RECALL_MIN_DEN": 0.0689610416191513,
        "RECALL": 0.06469276841117846,
        "MAP": 0.03250165972597922,
        "MRR": 0.1393211035283973,
        "NDCG": 0.06300017452017287,
        "F1": 0.0505131283263051,
        "HIT_RATE": 0.41431904703426253,
        "ARHR": 0.16394019403168353,
        "NOVELTY": 0.0045020107097043585,
        "AVERAGE_POPULARITY": 0.11337547375363323,
        "DIVERSITY_MEAN_INTER_LIST": 0.9809194010455069,
        "DIVERSITY_HERFINDAHL": 0.9980895308710961,
        "COVERAGE_ITEM": 0.09882890602684948,
        "COVERAGE_ITEM_CORRECT": 0.06067654139633574,
        "COVERAGE_USER": 0.9780441519133296,
        "COVERAGE_USER_CORRECT": 0.286987436642725,
        "DIVERSITY_GINI": 0.023480198221921073,
        "SHANNON_ENTROPY": 9.594872889380957
    }
}