{
    "factors": 200,
    "alpha": 7,
    "iterations": 68,
    "regularization": 0.002073912969557343
}{
    "10": {
        "ROC_AUC": 0.18565593975933783,
        "PRECISION": 0.04126489008964319,
        "PRECISION_RECALL_MIN_DEN": 0.06868560785483123,
        "RECALL": 0.0644205364937562,
        "MAP": 0.03246677589693558,
        "MRR": 0.14020215044960113,
        "NDCG": 0.06293743586275888,
        "F1": 0.05030601557600664,
        "HIT_RATE": 0.4126489008964755,
        "ARHR": 0.16466894342984204,
        "NOVELTY": 0.0045106055791511585,
        "AVERAGE_POPULARITY": 0.11011474897441462,
        "DIVERSITY_MEAN_INTER_LIST": 0.9813339677497188,
        "DIVERSITY_HERFINDAHL": 0.9981309865233011,
        "COVERAGE_ITEM": 0.09568694658668951,
        "COVERAGE_ITEM_CORRECT": 0.05990125270330926,
        "COVERAGE_USER": 0.9780441519133296,
        "COVERAGE_USER_CORRECT": 0.28677124120204667,
        "DIVERSITY_GINI": 0.023415935020333154,
        "SHANNON_ENTROPY": 9.595918159991648
    }
}