{
    "factors": 68,
    "alpha": 8,
    "iterations": 70,
    "regularization": 0.009923327190069177
}{
    "10": {
        "ROC_AUC": 0.18976741928503765,
        "PRECISION": 0.04335011666461467,
        "PRECISION_RECALL_MIN_DEN": 0.07287514449064042,
        "RECALL": 0.06846682818564574,
        "MAP": 0.03313761716315689,
        "MRR": 0.1413877729240609,
        "NDCG": 0.06505830422056152,
        "F1": 0.05308757082351921,
        "HIT_RATE": 0.4335011666461992,
        "ARHR": 0.16636728595404698,
        "NOVELTY": 0.004253944160017837,
        "AVERAGE_POPULARITY": 0.16688180120829438,
        "DIVERSITY_MEAN_INTER_LIST": 0.9625638442467074,
        "DIVERSITY_HERFINDAHL": 0.9962540202742489,
        "COVERAGE_ITEM": 0.05459664585628596,
        "COVERAGE_ITEM_CORRECT": 0.036887419920838944,
        "COVERAGE_USER": 0.9780441519133296,
        "COVERAGE_USER_CORRECT": 0.3011842705806049,
        "DIVERSITY_GINI": 0.012580286109475192,
        "SHANNON_ENTROPY": 8.679405007094015
    }
}