{
    "factors": 97,
    "alpha": 8,
    "iterations": 24,
    "regularization": 0.0005620315371961919
}{
    "10": {
        "ROC_AUC": 0.18925014278501545,
        "PRECISION": 0.04306766547954796,
        "PRECISION_RECALL_MIN_DEN": 0.07245262753674696,
        "RECALL": 0.06807425684756327,
        "MAP": 0.03318774307062946,
        "MRR": 0.14175291271692966,
        "NDCG": 0.064913758168613,
        "F1": 0.05275775801413358,
        "HIT_RATE": 0.4306766547955299,
        "ARHR": 0.16709029471217718,
        "NOVELTY": 0.004331775347318335,
        "AVERAGE_POPULARITY": 0.1481660985127979,
        "DIVERSITY_MEAN_INTER_LIST": 0.9700452878298474,
        "DIVERSITY_HERFINDAHL": 0.9970021462574098,
        "COVERAGE_ITEM": 0.06732770228914188,
        "COVERAGE_ITEM_CORRECT": 0.04476272085526584,
        "COVERAGE_USER": 0.9780441519133296,
        "COVERAGE_USER_CORRECT": 0.298373729851786,
        "DIVERSITY_GINI": 0.015485134428232123,
        "SHANNON_ENTROPY": 8.984594151943941
    }
}