{
    "factors": 203,
    "alpha": 8,
    "iterations": 93,
    "regularization": 0.0017479791810984802
}{
    "10": {
        "ROC_AUC": 0.1849260373599647,
        "PRECISION": 0.041409799828069034,
        "PRECISION_RECALL_MIN_DEN": 0.06916720759284753,
        "RECALL": 0.06495137342502696,
        "MAP": 0.03266282903403363,
        "MRR": 0.14059324495281678,
        "NDCG": 0.06327693512045414,
        "F1": 0.05057528588347419,
        "HIT_RATE": 0.4140979982807319,
        "ARHR": 0.16510429641585217,
        "NOVELTY": 0.004497977608161952,
        "AVERAGE_POPULARITY": 0.1144193662839899,
        "DIVERSITY_MEAN_INTER_LIST": 0.9807154270965465,
        "DIVERSITY_HERFINDAHL": 0.9980691339771799,
        "COVERAGE_ITEM": 0.09882890602684948,
        "COVERAGE_ITEM_CORRECT": 0.06035010405190354,
        "COVERAGE_USER": 0.9780441519133296,
        "COVERAGE_USER_CORRECT": 0.2872276537990343,
        "DIVERSITY_GINI": 0.02330469069078808,
        "SHANNON_ENTROPY": 9.58336515173952
    }
}