{
    "factors": 98,
    "alpha": 7,
    "iterations": 34,
    "regularization": 0.0008866558623568822
}{
    "10": {
        "ROC_AUC": 0.1901469155511855,
        "PRECISION": 0.043011175242534734,
        "PRECISION_RECALL_MIN_DEN": 0.07199109567278364,
        "RECALL": 0.06759102105336481,
        "MAP": 0.033332211327273986,
        "MRR": 0.14234683991898694,
        "NDCG": 0.06499382957292762,
        "F1": 0.052569828605761766,
        "HIT_RATE": 0.43011175242539607,
        "ARHR": 0.16776345054375205,
        "NOVELTY": 0.004341325385811444,
        "AVERAGE_POPULARITY": 0.14435166972003013,
        "DIVERSITY_MEAN_INTER_LIST": 0.9709542304640505,
        "DIVERSITY_HERFINDAHL": 0.9970930382883786,
        "COVERAGE_ITEM": 0.06500183621006243,
        "COVERAGE_ITEM_CORRECT": 0.04378340882196923,
        "COVERAGE_USER": 0.9780441519133296,
        "COVERAGE_USER_CORRECT": 0.2982776429892623,
        "DIVERSITY_GINI": 0.015553453377174823,
        "SHANNON_ENTROPY": 8.996802759328695
    }
}