{
    "topK": 206,
    "shrink": 376,
    "similarity": "cosine",
    "feature_weighting": "TF-IDF"
}[
    {
        "PRECISION": 0.0474616235,
        "PRECISION_RECALL_MIN_DEN": 0.0801560791,
        "RECALL": 0.0750832414,
        "MAP": 0.0234388773,
        "MAP_MIN_DEN": 0.0389011664,
        "MRR": 0.1613222478,
        "NDCG": 0.0774697144,
        "F1": 0.0581594755,
        "HIT_RATE": 0.3259486676,
        "ARHR_ALL_HITS": 0.1930631529,
        "NOVELTY": 0.0042620464,
        "AVERAGE_POPULARITY": 0.2159273196,
        "DIVERSITY_MEAN_INTER_LIST": 0.9170539658,
        "DIVERSITY_HERFINDAHL": 0.9917031442,
        "COVERAGE_ITEM": 0.3408005876,
        "COVERAGE_ITEM_HIT": 0.0493328437,
        "ITEMS_IN_GT": 0.9936752765,
        "COVERAGE_USER": 0.9780441519,
        "COVERAGE_USER_HIT": 0.3187921881,
        "USERS_IN_GT": 0.9780441519,
        "DIVERSITY_GINI": 0.0217936924,
        "SHANNON_ENTROPY": 8.5723865885,
        "RATIO_DIVERSITY_HERFINDAHL": 0.9920304785,
        "RATIO_DIVERSITY_GINI": 0.0428626207,
        "RATIO_SHANNON_ENTROPY": 0.6352962923,
        "RATIO_AVERAGE_POPULARITY": 4.2429840813,
        "RATIO_NOVELTY": 0.2438541257
    }
]