{
    "topK": 352,
    "shrink": 189,
    "similarity": "asym",
    "normalization": "bm25"
}[
    {
        "PRECISION": 0.0479381063,
        "PRECISION_RECALL_MIN_DEN": 0.079908179,
        "RECALL": 0.0747989099,
        "MAP": 0.0235335832,
        "MAP_MIN_DEN": 0.0387683126,
        "MRR": 0.1608675871,
        "NDCG": 0.0773639996,
        "F1": 0.0584292858,
        "HIT_RATE": 0.3270047894,
        "ARHR_ALL_HITS": 0.1932611026,
        "NOVELTY": 0.0045272224,
        "AVERAGE_POPULARITY": 0.2086081595,
        "DIVERSITY_MEAN_INTER_LIST": 0.9224543247,
        "DIVERSITY_HERFINDAHL": 0.9922431668,
        "COVERAGE_ITEM": 0.8617537846,
        "COVERAGE_ITEM_HIT": 0.049169625,
        "ITEMS_IN_GT": 0.9936752765,
        "COVERAGE_USER": 0.9780441519,
        "COVERAGE_USER_HIT": 0.3198251219,
        "USERS_IN_GT": 0.9780441519,
        "DIVERSITY_GINI": 0.1117167621,
        "SHANNON_ENTROPY": 9.6532941809,
        "RATIO_DIVERSITY_HERFINDAHL": 0.9925706794,
        "RATIO_DIVERSITY_GINI": 0.2197183069,
        "RATIO_SHANNON_ENTROPY": 0.7154019406,
        "RATIO_AVERAGE_POPULARITY": 4.0991621714,
        "RATIO_NOVELTY": 0.2590262415
    }
]