{
    "topK": 117,
    "shrink": 108,
    "feature_weighting": "TF-IDF"
}[
    {
        "PRECISION": 0.047955299,
        "PRECISION_RECALL_MIN_DEN": 0.0805657795,
        "RECALL": 0.0753948906,
        "MAP": 0.0237642878,
        "MAP_MIN_DEN": 0.0392666546,
        "MRR": 0.1623686914,
        "NDCG": 0.0780370507,
        "F1": 0.0586230882,
        "HIT_RATE": 0.3266609358,
        "ARHR_ALL_HITS": 0.1949341337,
        "NOVELTY": 0.0043303718,
        "AVERAGE_POPULARITY": 0.1997416221,
        "DIVERSITY_MEAN_INTER_LIST": 0.9306093987,
        "DIVERSITY_HERFINDAHL": 0.9930586542,
        "COVERAGE_ITEM": 0.3673236218,
        "COVERAGE_ITEM_HIT": 0.0543110132,
        "ITEMS_IN_GT": 0.9936752765,
        "COVERAGE_USER": 0.9780441519,
        "COVERAGE_USER_HIT": 0.3194888179,
        "USERS_IN_GT": 0.9780441519,
        "DIVERSITY_GINI": 0.0258897034,
        "SHANNON_ENTROPY": 8.848628526,
        "RATIO_DIVERSITY_HERFINDAHL": 0.9933864359,
        "RATIO_DIVERSITY_GINI": 0.050918427,
        "RATIO_SHANNON_ENTROPY": 0.6557684766,
        "RATIO_AVERAGE_POPULARITY": 3.9249342069,
        "RATIO_NOVELTY": 0.2477633837
    }
]