{
    "topK": 215,
    "alpha": 0.011427035477783338,
    "l1_ratio": 0.02271429182478071
}[
    {
        "PRECISION": 0.0503180646,
        "PRECISION_RECALL_MIN_DEN": 0.084577025,
        "RECALL": 0.0791944097,
        "MAP": 0.0248565824,
        "MAP_MIN_DEN": 0.0409960216,
        "MRR": 0.1698598465,
        "NDCG": 0.0816826893,
        "F1": 0.061537075,
        "HIT_RATE": 0.339874739,
        "ARHR_ALL_HITS": 0.203945769,
        "NOVELTY": 0.0041353458,
        "AVERAGE_POPULARITY": 0.2343007452,
        "DIVERSITY_MEAN_INTER_LIST": 0.9174623772,
        "DIVERSITY_HERFINDAHL": 0.9917439843,
        "COVERAGE_ITEM": 0.0939731505,
        "COVERAGE_ITEM_HIT": 0.0328885625,
        "ITEMS_IN_GT": 0.9936752765,
        "COVERAGE_USER": 0.9780441519,
        "COVERAGE_USER_HIT": 0.3324125009,
        "USERS_IN_GT": 0.9780441519,
        "DIVERSITY_GINI": 0.0109342564,
        "SHANNON_ENTROPY": 8.195718082,
        "RATIO_DIVERSITY_HERFINDAHL": 0.9920713321,
        "RATIO_DIVERSITY_GINI": 0.0215048866,
        "RATIO_SHANNON_ENTROPY": 0.6073815333,
        "RATIO_AVERAGE_POPULARITY": 4.6040229384,
        "RATIO_NOVELTY": 0.236604921
    }
]