{
    "topK": 268,
    "alpha": 0.0027359057281956746,
    "l1_ratio": 0.0021227672604916194
}[
    {
        "PRECISION": 0.0545646568,
        "PRECISION_RECALL_MIN_DEN": 0.0903771669,
        "RECALL": 0.084303798,
        "MAP": 0.0273411704,
        "MAP_MIN_DEN": 0.0445383343,
        "MRR": 0.1813679097,
        "NDCG": 0.0879674156,
        "F1": 0.0662498594,
        "HIT_RATE": 0.3571656638,
        "ARHR_ALL_HITS": 0.2209287751,
        "NOVELTY": 0.0044080527,
        "AVERAGE_POPULARITY": 0.1687272637,
        "DIVERSITY_MEAN_INTER_LIST": 0.9608632235,
        "DIVERSITY_HERFINDAHL": 0.9960839624,
        "COVERAGE_ITEM": 0.1701962705,
        "COVERAGE_ITEM_HIT": 0.0619822908,
        "ITEMS_IN_GT": 0.9936752765,
        "COVERAGE_USER": 0.9780441519,
        "COVERAGE_USER_HIT": 0.3493237887,
        "USERS_IN_GT": 0.9780441519,
        "DIVERSITY_GINI": 0.0247339882,
        "SHANNON_ENTROPY": 9.3550624712,
        "RATIO_DIVERSITY_HERFINDAHL": 0.9964127427,
        "RATIO_DIVERSITY_GINI": 0.0486454307,
        "RATIO_SHANNON_ENTROPY": 0.6933001027,
        "RATIO_AVERAGE_POPULARITY": 3.3155003054,
        "RATIO_NOVELTY": 0.2522079162
    }
]