{
    "topK": 396,
    "alpha": 0.0026732398099801086,
    "l1_ratio": 0.00859835955640564
}[
    {
        "PRECISION": 0.0549969299,
        "PRECISION_RECALL_MIN_DEN": 0.0914850909,
        "RECALL": 0.0854374717,
        "MAP": 0.0275504786,
        "MAP_MIN_DEN": 0.0450383263,
        "MRR": 0.1827375153,
        "NDCG": 0.0888249023,
        "F1": 0.0669180569,
        "HIT_RATE": 0.3593761513,
        "ARHR_ALL_HITS": 0.2225509397,
        "NOVELTY": 0.0043765866,
        "AVERAGE_POPULARITY": 0.1767408209,
        "DIVERSITY_MEAN_INTER_LIST": 0.9568106973,
        "DIVERSITY_HERFINDAHL": 0.9956787197,
        "COVERAGE_ITEM": 0.1636267189,
        "COVERAGE_ITEM_HIT": 0.0607989554,
        "ITEMS_IN_GT": 0.9936752765,
        "COVERAGE_USER": 0.9780441519,
        "COVERAGE_USER_HIT": 0.3514857431,
        "USERS_IN_GT": 0.9780441519,
        "DIVERSITY_GINI": 0.0234615791,
        "SHANNON_ENTROPY": 9.252521493,
        "RATIO_DIVERSITY_HERFINDAHL": 0.9960073662,
        "RATIO_DIVERSITY_GINI": 0.0461429273,
        "RATIO_SHANNON_ENTROPY": 0.68570083,
        "RATIO_AVERAGE_POPULARITY": 3.4729671581,
        "RATIO_NOVELTY": 0.2504075744
    }
]