{
    "topK": 246,
    "alpha": 0.003032696689659577,
    "l1_ratio": 0.009813852653622251
}[
    {
        "PRECISION": 0.0549723689,
        "PRECISION_RECALL_MIN_DEN": 0.0914293999,
        "RECALL": 0.0853806999,
        "MAP": 0.0274934806,
        "MAP_MIN_DEN": 0.0449885743,
        "MRR": 0.1824054744,
        "NDCG": 0.0887351674,
        "F1": 0.0668824611,
        "HIT_RATE": 0.3591551025,
        "ARHR_ALL_HITS": 0.2221223312,
        "NOVELTY": 0.0043702879,
        "AVERAGE_POPULARITY": 0.1774592989,
        "DIVERSITY_MEAN_INTER_LIST": 0.956355452,
        "DIVERSITY_HERFINDAHL": 0.9956331963,
        "COVERAGE_ITEM": 0.1646876403,
        "COVERAGE_ITEM_HIT": 0.0594115967,
        "ITEMS_IN_GT": 0.9936752765,
        "COVERAGE_USER": 0.9780441519,
        "COVERAGE_USER_HIT": 0.3512695477,
        "USERS_IN_GT": 0.9780441519,
        "DIVERSITY_GINI": 0.0229989142,
        "SHANNON_ENTROPY": 9.2269415674,
        "RATIO_DIVERSITY_HERFINDAHL": 0.9959618278,
        "RATIO_DIVERSITY_GINI": 0.0452329838,
        "RATIO_SHANNON_ENTROPY": 0.6838051115,
        "RATIO_AVERAGE_POPULARITY": 3.4870852923,
        "RATIO_NOVELTY": 0.2500471921
    }
]