{
    "topK": 730,
    "alpha": 0.0035400926464889413,
    "l1_ratio": 0.007772315386335226
}[
    {
        "PRECISION": 0.0549895616,
        "PRECISION_RECALL_MIN_DEN": 0.0918235353,
        "RECALL": 0.0858330143,
        "MAP": 0.0274419591,
        "MAP_MIN_DEN": 0.0451242474,
        "MRR": 0.1827243577,
        "NDCG": 0.0889652094,
        "F1": 0.0670335675,
        "HIT_RATE": 0.3609480535,
        "ARHR_ALL_HITS": 0.2221003043,
        "NOVELTY": 0.0043065202,
        "AVERAGE_POPULARITY": 0.1930887131,
        "DIVERSITY_MEAN_INTER_LIST": 0.9473961249,
        "DIVERSITY_HERFINDAHL": 0.9947372856,
        "COVERAGE_ITEM": 0.1513037091,
        "COVERAGE_ITEM_HIT": 0.0556983719,
        "ITEMS_IN_GT": 0.9936752765,
        "COVERAGE_USER": 0.9780441519,
        "COVERAGE_USER_HIT": 0.3530231329,
        "USERS_IN_GT": 0.9780441519,
        "DIVERSITY_GINI": 0.0199671163,
        "SHANNON_ENTROPY": 8.9961748539,
        "RATIO_DIVERSITY_HERFINDAHL": 0.9950656214,
        "RATIO_DIVERSITY_GINI": 0.0392702125,
        "RATIO_SHANNON_ENTROPY": 0.6667030786,
        "RATIO_AVERAGE_POPULARITY": 3.7942041674,
        "RATIO_NOVELTY": 0.2463987067
    }
]