{
    "topK": 315,
    "alpha": 0.0029908408773215342,
    "l1_ratio": 0.008298990903734742
}[
    {
        "PRECISION": 0.0549895616,
        "PRECISION_RECALL_MIN_DEN": 0.0913963693,
        "RECALL": 0.0853375476,
        "MAP": 0.0275395276,
        "MAP_MIN_DEN": 0.0450534552,
        "MRR": 0.1827753509,
        "NDCG": 0.0888227683,
        "F1": 0.0668819354,
        "HIT_RATE": 0.3592042245,
        "ARHR_ALL_HITS": 0.2225364857,
        "NOVELTY": 0.0043688347,
        "AVERAGE_POPULARITY": 0.1782116976,
        "DIVERSITY_MEAN_INTER_LIST": 0.9559859232,
        "DIVERSITY_HERFINDAHL": 0.9955962443,
        "COVERAGE_ITEM": 0.1636267189,
        "COVERAGE_ITEM_HIT": 0.0600236667,
        "ITEMS_IN_GT": 0.9936752765,
        "COVERAGE_USER": 0.9780441519,
        "COVERAGE_USER_HIT": 0.3513175911,
        "USERS_IN_GT": 0.9780441519,
        "DIVERSITY_GINI": 0.022975274,
        "SHANNON_ENTROPY": 9.2224901122,
        "RATIO_DIVERSITY_HERFINDAHL": 0.9959248636,
        "RATIO_DIVERSITY_GINI": 0.0451864896,
        "RATIO_SHANNON_ENTROPY": 0.6834752158,
        "RATIO_AVERAGE_POPULARITY": 3.5018699688,
        "RATIO_NOVELTY": 0.2499640504
    }
]