{
    "topK": 116,
    "alpha": 0.8763131065621229
}[
    {
        "PRECISION": 0.0479160015,
        "PRECISION_RECALL_MIN_DEN": 0.0806830874,
        "RECALL": 0.0756121061,
        "MAP": 0.0230046042,
        "MAP_MIN_DEN": 0.0380705566,
        "MRR": 0.1581136296,
        "NDCG": 0.0767543913,
        "F1": 0.0586591968,
        "HIT_RATE": 0.3283802039,
        "ARHR_ALL_HITS": 0.1894269984,
        "NOVELTY": 0.0041168688,
        "AVERAGE_POPULARITY": 0.2515057587,
        "DIVERSITY_MEAN_INTER_LIST": 0.8871703625,
        "DIVERSITY_HERFINDAHL": 0.9887148573,
        "COVERAGE_ITEM": 0.3639368344,
        "COVERAGE_ITEM_HIT": 0.0394173093,
        "ITEMS_IN_GT": 0.9936752765,
        "COVERAGE_USER": 0.9780441519,
        "COVERAGE_USER_HIT": 0.321170338,
        "USERS_IN_GT": 0.9780441519,
        "DIVERSITY_GINI": 0.0184743818,
        "SHANNON_ENTROPY": 8.0376127032,
        "RATIO_DIVERSITY_HERFINDAHL": 0.9890412052,
        "RATIO_DIVERSITY_GINI": 0.0363343854,
        "RATIO_SHANNON_ENTROPY": 0.5956644041,
        "RATIO_AVERAGE_POPULARITY": 4.9421024285,
        "RATIO_NOVELTY": 0.2355477548
    }
]