{
    "topK": 116,
    "alpha": 0.8761215417092758
}[
    {
        "PRECISION": 0.0479307381,
        "PRECISION_RECALL_MIN_DEN": 0.0807169465,
        "RECALL": 0.0756469865,
        "MAP": 0.0230023411,
        "MAP_MIN_DEN": 0.0380691559,
        "MRR": 0.1581009105,
        "NDCG": 0.0767657521,
        "F1": 0.0586807357,
        "HIT_RATE": 0.3284538868,
        "ARHR_ALL_HITS": 0.1894191135,
        "NOVELTY": 0.0041167089,
        "AVERAGE_POPULARITY": 0.251540389,
        "DIVERSITY_MEAN_INTER_LIST": 0.8871402158,
        "DIVERSITY_HERFINDAHL": 0.9887118427,
        "COVERAGE_ITEM": 0.3640592484,
        "COVERAGE_ITEM_HIT": 0.0394989187,
        "ITEMS_IN_GT": 0.9936752765,
        "COVERAGE_USER": 0.9780441519,
        "COVERAGE_USER_HIT": 0.3212424031,
        "USERS_IN_GT": 0.9780441519,
        "DIVERSITY_GINI": 0.0184605566,
        "SHANNON_ENTROPY": 8.0368585362,
        "RATIO_DIVERSITY_HERFINDAHL": 0.9890381896,
        "RATIO_DIVERSITY_GINI": 0.0363071947,
        "RATIO_SHANNON_ENTROPY": 0.5956085131,
        "RATIO_AVERAGE_POPULARITY": 4.9427829158,
        "RATIO_NOVELTY": 0.2355386038
    }
]