{
    "topK": 460,
    "alpha": 0.8637716612439851
}[
    {
        "PRECISION": 0.0456637603,
        "PRECISION_RECALL_MIN_DEN": 0.0774568575,
        "RECALL": 0.0726521217,
        "MAP": 0.0213313763,
        "MAP_MIN_DEN": 0.0355836113,
        "MRR": 0.1495322402,
        "NDCG": 0.0726957785,
        "F1": 0.0560798603,
        "HIT_RATE": 0.3193663269,
        "ARHR_ALL_HITS": 0.17745215,
        "NOVELTY": 0.0039420445,
        "AVERAGE_POPULARITY": 0.2982586277,
        "DIVERSITY_MEAN_INTER_LIST": 0.8341776558,
        "DIVERSITY_HERFINDAHL": 0.9834157168,
        "COVERAGE_ITEM": 0.1715020198,
        "COVERAGE_ITEM_HIT": 0.0315012037,
        "ITEMS_IN_GT": 0.9936752765,
        "COVERAGE_USER": 0.9780441519,
        "COVERAGE_USER_HIT": 0.3123543683,
        "USERS_IN_GT": 0.9780441519,
        "DIVERSITY_GINI": 0.0076255829,
        "SHANNON_ENTROPY": 7.2579990536,
        "RATIO_DIVERSITY_HERFINDAHL": 0.9837403156,
        "RATIO_DIVERSITY_GINI": 0.0149975718,
        "RATIO_SHANNON_ENTROPY": 0.5378875346,
        "RATIO_AVERAGE_POPULARITY": 5.8607989566,
        "RATIO_NOVELTY": 0.2255451349
    }
]