{
    "topK": 78,
    "alpha": 0.8462944464325309,
    "beta": 0.3050885269698352
}[
    {
        "PRECISION": 0.052398379,
        "PRECISION_RECALL_MIN_DEN": 0.0874659314,
        "RECALL": 0.0817997666,
        "MAP": 0.025791684,
        "MAP_MIN_DEN": 0.0421723513,
        "MRR": 0.1724617209,
        "NDCG": 0.0840309393,
        "F1": 0.063878307,
        "HIT_RATE": 0.3493552745,
        "ARHR_ALL_HITS": 0.2094075153,
        "NOVELTY": 0.0044998233,
        "AVERAGE_POPULARITY": 0.1769134135,
        "DIVERSITY_MEAN_INTER_LIST": 0.9535049929,
        "DIVERSITY_HERFINDAHL": 0.9953481574,
        "COVERAGE_ITEM": 0.667727588,
        "COVERAGE_ITEM_HIT": 0.058636308,
        "ITEMS_IN_GT": 0.9936752765,
        "COVERAGE_USER": 0.9780441519,
        "COVERAGE_USER_HIT": 0.3416848831,
        "USERS_IN_GT": 0.9780441519,
        "DIVERSITY_GINI": 0.0627149213,
        "SHANNON_ENTROPY": 9.6787028831,
        "RATIO_DIVERSITY_HERFINDAHL": 0.9956766948,
        "RATIO_DIVERSITY_GINI": 0.123344215,
        "RATIO_SHANNON_ENTROPY": 0.7172849698,
        "RATIO_AVERAGE_POPULARITY": 3.4763586133,
        "RATIO_NOVELTY": 0.2574585963
    }
]