{
    "topK": 50,
    "alpha": 0.7737821534691136,
    "beta": 0.31091865832802756
}[
    {
        "PRECISION": 0.052398379,
        "PRECISION_RECALL_MIN_DEN": 0.0864714167,
        "RECALL": 0.0806788578,
        "MAP": 0.0258719019,
        "MAP_MIN_DEN": 0.0420555825,
        "MRR": 0.172046007,
        "NDCG": 0.0836916625,
        "F1": 0.0635336511,
        "HIT_RATE": 0.3454746408,
        "ARHR_ALL_HITS": 0.2094977963,
        "NOVELTY": 0.0046518227,
        "AVERAGE_POPULARITY": 0.152106226,
        "DIVERSITY_MEAN_INTER_LIST": 0.9663511424,
        "DIVERSITY_HERFINDAHL": 0.9966327408,
        "COVERAGE_ITEM": 0.7338311503,
        "COVERAGE_ITEM_HIT": 0.0661443669,
        "ITEMS_IN_GT": 0.9936752765,
        "COVERAGE_USER": 0.9780441519,
        "COVERAGE_USER_HIT": 0.3378894521,
        "USERS_IN_GT": 0.9780441519,
        "DIVERSITY_GINI": 0.0849718041,
        "SHANNON_ENTROPY": 10.2393398153,
        "RATIO_DIVERSITY_HERFINDAHL": 0.9969617022,
        "RATIO_DIVERSITY_GINI": 0.1671178128,
        "RATIO_SHANNON_ENTROPY": 0.7588335585,
        "RATIO_AVERAGE_POPULARITY": 2.9888959719,
        "RATIO_NOVELTY": 0.2661552863
    }
]