{
    "topK": 77,
    "alpha": 0.8401946814961014,
    "beta": 0.3073181471251768
}[
    {
        "PRECISION": 0.0524032912,
        "PRECISION_RECALL_MIN_DEN": 0.0874558244,
        "RECALL": 0.0817899656,
        "MAP": 0.0258118493,
        "MAP_MIN_DEN": 0.0421923069,
        "MRR": 0.1723882037,
        "NDCG": 0.0840384849,
        "F1": 0.0638789681,
        "HIT_RATE": 0.3489622989,
        "ARHR_ALL_HITS": 0.2094274272,
        "NOVELTY": 0.0045045085,
        "AVERAGE_POPULARITY": 0.1760655872,
        "DIVERSITY_MEAN_INTER_LIST": 0.9539904171,
        "DIVERSITY_HERFINDAHL": 0.9953966986,
        "COVERAGE_ITEM": 0.6694821888,
        "COVERAGE_ITEM_HIT": 0.058758722,
        "ITEMS_IN_GT": 0.9936752765,
        "COVERAGE_USER": 0.9780441519,
        "COVERAGE_USER_HIT": 0.3413005357,
        "USERS_IN_GT": 0.9780441519,
        "DIVERSITY_GINI": 0.0633100448,
        "SHANNON_ENTROPY": 9.6966996279,
        "RATIO_DIVERSITY_HERFINDAHL": 0.995725252,
        "RATIO_DIVERSITY_GINI": 0.1245146709,
        "RATIO_SHANNON_ENTROPY": 0.7186187017,
        "RATIO_AVERAGE_POPULARITY": 3.4596987792,
        "RATIO_NOVELTY": 0.2577266636
    }
]