{
    "topK": 54,
    "alpha": 0.8285172350759491,
    "beta": 0.292180138700761
}[
    {
        "PRECISION": 0.0525899546,
        "PRECISION_RECALL_MIN_DEN": 0.0869377438,
        "RECALL": 0.0811638562,
        "MAP": 0.0258960954,
        "MAP_MIN_DEN": 0.0421058469,
        "MRR": 0.1725782199,
        "NDCG": 0.0839318029,
        "F1": 0.0638247761,
        "HIT_RATE": 0.3471693479,
        "ARHR_ALL_HITS": 0.2098293305,
        "NOVELTY": 0.0046213495,
        "AVERAGE_POPULARITY": 0.1569899961,
        "DIVERSITY_MEAN_INTER_LIST": 0.9638653642,
        "DIVERSITY_HERFINDAHL": 0.9963841691,
        "COVERAGE_ITEM": 0.726731138,
        "COVERAGE_ITEM_HIT": 0.0635328682,
        "ITEMS_IN_GT": 0.9936752765,
        "COVERAGE_USER": 0.9780441519,
        "COVERAGE_USER_HIT": 0.3395469504,
        "USERS_IN_GT": 0.9780441519,
        "DIVERSITY_GINI": 0.0811841305,
        "SHANNON_ENTROPY": 10.1251430916,
        "RATIO_DIVERSITY_HERFINDAHL": 0.9967130484,
        "RATIO_DIVERSITY_GINI": 0.1596684273,
        "RATIO_SHANNON_ENTROPY": 0.750370483,
        "RATIO_AVERAGE_POPULARITY": 3.0848623309,
        "RATIO_NOVELTY": 0.2644117496
    }
]