{
    "topK": 77,
    "alpha": 0.8401167139051529,
    "beta": 0.3073219741581048
}[
    {
        "PRECISION": 0.0524008351,
        "PRECISION_RECALL_MIN_DEN": 0.0874533683,
        "RECALL": 0.0817884305,
        "MAP": 0.0258106836,
        "MAP_MIN_DEN": 0.0421911094,
        "MRR": 0.172384656,
        "NDCG": 0.0840360799,
        "F1": 0.0638766751,
        "HIT_RATE": 0.3489622989,
        "ARHR_ALL_HITS": 0.209421053,
        "NOVELTY": 0.0045045112,
        "AVERAGE_POPULARITY": 0.1760627053,
        "DIVERSITY_MEAN_INTER_LIST": 0.9539914144,
        "DIVERSITY_HERFINDAHL": 0.9953967983,
        "COVERAGE_ITEM": 0.6694821888,
        "COVERAGE_ITEM_HIT": 0.058758722,
        "ITEMS_IN_GT": 0.9936752765,
        "COVERAGE_USER": 0.9780441519,
        "COVERAGE_USER_HIT": 0.3413005357,
        "USERS_IN_GT": 0.9780441519,
        "DIVERSITY_GINI": 0.0633100086,
        "SHANNON_ENTROPY": 9.6967070338,
        "RATIO_DIVERSITY_HERFINDAHL": 0.9957253518,
        "RATIO_DIVERSITY_GINI": 0.1245145995,
        "RATIO_SHANNON_ENTROPY": 0.7186192506,
        "RATIO_AVERAGE_POPULARITY": 3.4596421497,
        "RATIO_NOVELTY": 0.2577268141
    }
]