{
    "topK": 241,
    "alpha": 0.0031642653228324906,
    "l1_ratio": 0.009828283497311959
}[
    {
        "PRECISION": 0.0549846494,
        "PRECISION_RECALL_MIN_DEN": 0.0915051198,
        "RECALL": 0.0854560863,
        "MAP": 0.0274980761,
        "MAP_MIN_DEN": 0.0450281911,
        "MRR": 0.1824882117,
        "NDCG": 0.0887840417,
        "F1": 0.0669146729,
        "HIT_RATE": 0.3594007123,
        "ARHR_ALL_HITS": 0.222160888,
        "NOVELTY": 0.0043630352,
        "AVERAGE_POPULARITY": 0.1790842874,
        "DIVERSITY_MEAN_INTER_LIST": 0.9554874046,
        "DIVERSITY_HERFINDAHL": 0.9955463937,
        "COVERAGE_ITEM": 0.1635451096,
        "COVERAGE_ITEM_HIT": 0.058758722,
        "ITEMS_IN_GT": 0.9936752765,
        "COVERAGE_USER": 0.9780441519,
        "COVERAGE_USER_HIT": 0.3515097648,
        "USERS_IN_GT": 0.9780441519,
        "DIVERSITY_GINI": 0.0226010986,
        "SHANNON_ENTROPY": 9.2004101536,
        "RATIO_DIVERSITY_HERFINDAHL": 0.9958749965,
        "RATIO_DIVERSITY_GINI": 0.0444505822,
        "RATIO_SHANNON_ENTROPY": 0.6818388785,
        "RATIO_AVERAGE_POPULARITY": 3.5190164091,
        "RATIO_NOVELTY": 0.2496322274
    }
]