{
    "topK": 267,
    "alpha": 0.0028770039350753365,
    "l1_ratio": 0.008003923576002632
}[
    {
        "PRECISION": 0.0549134226,
        "PRECISION_RECALL_MIN_DEN": 0.0912508552,
        "RECALL": 0.0851914775,
        "MAP": 0.0274810413,
        "MAP_MIN_DEN": 0.0449359388,
        "MRR": 0.1823085755,
        "NDCG": 0.0886249856,
        "F1": 0.0667807564,
        "HIT_RATE": 0.358762127,
        "ARHR_ALL_HITS": 0.2220175085,
        "NOVELTY": 0.0043853725,
        "AVERAGE_POPULARITY": 0.1740654338,
        "DIVERSITY_MEAN_INTER_LIST": 0.9581011481,
        "DIVERSITY_HERFINDAHL": 0.9958077616,
        "COVERAGE_ITEM": 0.1670135063,
        "COVERAGE_ITEM_HIT": 0.0607581507,
        "ITEMS_IN_GT": 0.9936752765,
        "COVERAGE_USER": 0.9780441519,
        "COVERAGE_USER_HIT": 0.3508852002,
        "USERS_IN_GT": 0.9780441519,
        "DIVERSITY_GINI": 0.0237905808,
        "SHANNON_ENTROPY": 9.2799422872,
        "RATIO_DIVERSITY_HERFINDAHL": 0.9961364507,
        "RATIO_DIVERSITY_GINI": 0.0467899897,
        "RATIO_SHANNON_ENTROPY": 0.6877329745,
        "RATIO_AVERAGE_POPULARITY": 3.4203956514,
        "RATIO_NOVELTY": 0.2509102658
    }
]