{
    "topK": 287,
    "alpha": 0.002876720384709537,
    "l1_ratio": 0.00817765857216069
}[
    {
        "PRECISION": 0.0549600884,
        "PRECISION_RECALL_MIN_DEN": 0.091303944,
        "RECALL": 0.0852453608,
        "MAP": 0.0275082172,
        "MAP_MIN_DEN": 0.0449553849,
        "MRR": 0.1825104335,
        "NDCG": 0.0886884452,
        "F1": 0.0668318185,
        "HIT_RATE": 0.3588603709,
        "ARHR_ALL_HITS": 0.222245984,
        "NOVELTY": 0.004380676,
        "AVERAGE_POPULARITY": 0.1752563188,
        "DIVERSITY_MEAN_INTER_LIST": 0.9574913827,
        "DIVERSITY_HERFINDAHL": 0.9957467866,
        "COVERAGE_ITEM": 0.1661158036,
        "COVERAGE_ITEM_HIT": 0.0605133227,
        "ITEMS_IN_GT": 0.9936752765,
        "COVERAGE_USER": 0.9780441519,
        "COVERAGE_USER_HIT": 0.3509812871,
        "USERS_IN_GT": 0.9780441519,
        "DIVERSITY_GINI": 0.0235756545,
        "SHANNON_ENTROPY": 9.2642108805,
        "RATIO_DIVERSITY_HERFINDAHL": 0.9960754556,
        "RATIO_DIVERSITY_GINI": 0.0463672845,
        "RATIO_SHANNON_ENTROPY": 0.686567126,
        "RATIO_AVERAGE_POPULARITY": 3.443796609,
        "RATIO_NOVELTY": 0.2506415508
    }
]