{
    "topK": 235,
    "alpha": 0.0035456129305221494,
    "l1_ratio": 0.0072830993867147534
}[
    {
        "PRECISION": 0.054923247,
        "PRECISION_RECALL_MIN_DEN": 0.091396301,
        "RECALL": 0.0853598968,
        "MAP": 0.0274638447,
        "MAP_MIN_DEN": 0.0449916023,
        "MRR": 0.1822983417,
        "NDCG": 0.0887023842,
        "F1": 0.0668397153,
        "HIT_RATE": 0.3589094928,
        "ARHR_ALL_HITS": 0.2219203172,
        "NOVELTY": 0.0043551453,
        "AVERAGE_POPULARITY": 0.1804763489,
        "DIVERSITY_MEAN_INTER_LIST": 0.9546598961,
        "DIVERSITY_HERFINDAHL": 0.9954636449,
        "COVERAGE_ITEM": 0.1624841882,
        "COVERAGE_ITEM_HIT": 0.0578202146,
        "ITEMS_IN_GT": 0.9936752765,
        "COVERAGE_USER": 0.9780441519,
        "COVERAGE_USER_HIT": 0.3510293305,
        "USERS_IN_GT": 0.9780441519,
        "DIVERSITY_GINI": 0.0220863316,
        "SHANNON_ENTROPY": 9.1677325538,
        "RATIO_DIVERSITY_HERFINDAHL": 0.9957922204,
        "RATIO_DIVERSITY_GINI": 0.0434381671,
        "RATIO_SHANNON_ENTROPY": 0.6794171541,
        "RATIO_AVERAGE_POPULARITY": 3.5463704962,
        "RATIO_NOVELTY": 0.2491808046
    }
]