{
    "topK": 211,
    "alpha": 0.003520668066481557,
    "l1_ratio": 0.007825415595326402
}[
    {
        "PRECISION": 0.0549306153,
        "PRECISION_RECALL_MIN_DEN": 0.0913709019,
        "RECALL": 0.0853337067,
        "MAP": 0.0274723465,
        "MAP_MIN_DEN": 0.0450162438,
        "MRR": 0.1823391208,
        "NDCG": 0.0887205248,
        "F1": 0.0668371393,
        "HIT_RATE": 0.3589340538,
        "ARHR_ALL_HITS": 0.2219795852,
        "NOVELTY": 0.0043576597,
        "AVERAGE_POPULARITY": 0.1798517694,
        "DIVERSITY_MEAN_INTER_LIST": 0.9549970444,
        "DIVERSITY_HERFINDAHL": 0.9954973589,
        "COVERAGE_ITEM": 0.1632186722,
        "COVERAGE_ITEM_HIT": 0.058269066,
        "ITEMS_IN_GT": 0.9936752765,
        "COVERAGE_USER": 0.9780441519,
        "COVERAGE_USER_HIT": 0.3510533522,
        "USERS_IN_GT": 0.9780441519,
        "DIVERSITY_GINI": 0.0222112656,
        "SHANNON_ENTROPY": 9.1766622746,
        "RATIO_DIVERSITY_HERFINDAHL": 0.9958259455,
        "RATIO_DIVERSITY_GINI": 0.0436838804,
        "RATIO_SHANNON_ENTROPY": 0.6800789323,
        "RATIO_AVERAGE_POPULARITY": 3.5340974731,
        "RATIO_NOVELTY": 0.2493246692
    }
]