{
    "topK": 90,
    "alpha": 0.0038655267665233827,
    "l1_ratio": 0.005520716411969717
}[
    {
        "PRECISION": 0.0545793933,
        "PRECISION_RECALL_MIN_DEN": 0.0907308546,
        "RECALL": 0.0847143962,
        "MAP": 0.0272326704,
        "MAP_MIN_DEN": 0.0446237905,
        "MRR": 0.1810456737,
        "NDCG": 0.0880605912,
        "F1": 0.0663871716,
        "HIT_RATE": 0.3580252978,
        "ARHR_ALL_HITS": 0.2202895661,
        "NOVELTY": 0.0043801906,
        "AVERAGE_POPULARITY": 0.1737211115,
        "DIVERSITY_MEAN_INTER_LIST": 0.9580153185,
        "DIVERSITY_HERFINDAHL": 0.9957991789,
        "COVERAGE_ITEM": 0.1717060432,
        "COVERAGE_ITEM_HIT": 0.0588403313,
        "ITEMS_IN_GT": 0.9936752765,
        "COVERAGE_USER": 0.9780441519,
        "COVERAGE_USER_HIT": 0.3501645488,
        "USERS_IN_GT": 0.9780441519,
        "DIVERSITY_GINI": 0.0231231117,
        "SHANNON_ENTROPY": 9.2465203942,
        "RATIO_DIVERSITY_HERFINDAHL": 0.9961278651,
        "RATIO_DIVERSITY_GINI": 0.0454772485,
        "RATIO_SHANNON_ENTROPY": 0.6852560908,
        "RATIO_AVERAGE_POPULARITY": 3.413629698,
        "RATIO_NOVELTY": 0.2506137809
    }
]