{
    "topK": 500,
    "shrink": 10
}[
    {
        "PRECISION": 0.0468156699,
        "PRECISION_RECALL_MIN_DEN": 0.0781659289,
        "RECALL": 0.0730953556,
        "MAP": 0.0230027066,
        "MAP_MIN_DEN": 0.0377933467,
        "MRR": 0.158825352,
        "NDCG": 0.0757573073,
        "F1": 0.0570757864,
        "HIT_RATE": 0.321036473,
        "ARHR_ALL_HITS": 0.1897844872,
        "NOVELTY": 0.0041879521,
        "AVERAGE_POPULARITY": 0.2256688766,
        "DIVERSITY_MEAN_INTER_LIST": 0.9223601346,
        "DIVERSITY_HERFINDAHL": 0.9922337481,
        "COVERAGE_ITEM": 0.3671604032,
        "COVERAGE_ITEM_HIT": 0.0422736361,
        "ITEMS_IN_GT": 0.9936752765,
        "COVERAGE_USER": 0.9780441519,
        "COVERAGE_USER_HIT": 0.313987845,
        "USERS_IN_GT": 0.9780441519,
        "DIVERSITY_GINI": 0.0209035131,
        "SHANNON_ENTROPY": 8.5525142419,
        "RATIO_DIVERSITY_HERFINDAHL": 0.9925612575,
        "RATIO_DIVERSITY_GINI": 0.0411118656,
        "RATIO_SHANNON_ENTROPY": 0.6338235602,
        "RATIO_AVERAGE_POPULARITY": 4.4344062305,
        "RATIO_NOVELTY": 0.2396148049
    }
]