{
    "alpha": 0.25298176046324095,
    "beta": 0.3943631447967617
}[
    {
        "PRECISION": 0.0541368367,
        "PRECISION_RECALL_MIN_DEN": 0.0893166621,
        "RECALL": 0.0832376707,
        "MAP": 0.0269901379,
        "MAP_MIN_DEN": 0.0438264664,
        "MRR": 0.1798024396,
        "NDCG": 0.0948749873,
        "F1": 0.0656049549,
        "HIT_RATE": 0.3549585455,
        "ARHR_ALL_HITS": 0.2183984858,
        "NOVELTY": 0.0043558721,
        "AVERAGE_POPULARITY": 0.1852160629,
        "DIVERSITY_MEAN_INTER_LIST": 0.9495262745,
        "DIVERSITY_HERFINDAHL": 0.9949502914,
        "COVERAGE_ITEM": 0.2110417432,
        "COVERAGE_ITEM_HIT": 0.05900355,
        "ITEMS_IN_GT": 0.9930632064,
        "COVERAGE_USER": 0.9764106753,
        "COVERAGE_USER_HIT": 0.3465853131,
        "USERS_IN_GT": 0.9764106753,
        "DIVERSITY_GINI": 0.0237852389,
        "SHANNON_ENTROPY": 9.1504312606,
        "RATIO_DIVERSITY_HERFINDAHL": 0.995279025,
        "RATIO_DIVERSITY_GINI": 0.0467606025,
        "RATIO_SHANNON_ENTROPY": 0.6781178057,
        "RATIO_AVERAGE_POPULARITY": 3.6701320664,
        "RATIO_NOVELTY": 0.2492160847
    }
]