{
    "alpha": 0.18228980979705656,
    "beta": 0.5426630600143958
}[
    {
        "PRECISION": 0.0536330988,
        "PRECISION_RECALL_MIN_DEN": 0.0891831745,
        "RECALL": 0.0834038975,
        "MAP": 0.0266599657,
        "MAP_MIN_DEN": 0.0435060752,
        "MRR": 0.1775312139,
        "NDCG": 0.0940731309,
        "F1": 0.0652846983,
        "HIT_RATE": 0.353642938,
        "ARHR_ALL_HITS": 0.2161065781,
        "NOVELTY": 0.0043470801,
        "AVERAGE_POPULARITY": 0.1903098325,
        "DIVERSITY_MEAN_INTER_LIST": 0.9450511142,
        "DIVERSITY_HERFINDAHL": 0.9945027868,
        "COVERAGE_ITEM": 0.285061411,
        "COVERAGE_ITEM_HIT": 0.0600236667,
        "ITEMS_IN_GT": 0.9922471131,
        "COVERAGE_USER": 0.9765788273,
        "COVERAGE_USER_HIT": 0.3453602056,
        "USERS_IN_GT": 0.9765788273,
        "DIVERSITY_GINI": 0.025276905,
        "SHANNON_ENTROPY": 9.1105253869,
        "RATIO_DIVERSITY_HERFINDAHL": 0.994831374,
        "RATIO_DIVERSITY_GINI": 0.0496970798,
        "RATIO_SHANNON_ENTROPY": 0.6751710349,
        "RATIO_AVERAGE_POPULARITY": 3.7719066315,
        "RATIO_NOVELTY": 0.2487169526
    }
]