recommender,alpha,beta,MAP
Recommender_Base_Class,0.507625717878191,0.2520076883134812,0.01751470185987086
Recommender_Base_Class,0.15598083848013689,0.8790233918625467,0.017249494251866174
Recommender_Base_Class,0.23569678772452052,0.5136720145213314,0.017290596623456275
Recommender_Base_Class,0.5376192001053297,0.6306757748597276,0.017353110270894596
Recommender_Base_Class,0.24241392232105208,0.9587591839596384,0.01726604189891132
