recommender,alpha,beta,MAP
Recommender_Base_Class,0.507625717878191,0.2520076883134812,0.01751470185987086
Recommender_Base_Class,0.15598083848013689,0.8790233918625467,0.017249494251866174
Recommender_Base_Class,0.23569678772452052,0.5136720145213314,0.017290596623456275
