recommender,alpha,beta,MAP
Recommender_Base_Class,0.06704394647419576,0.908899271641173,0.01723158045943875
Recommender_Base_Class,0.14824901177159688,0.07066311699995487,0.017519687544720674
Recommender_Base_Class,0.23020680153965278,0.027353072900332287,0.01805279730543083
