recommender,alpha,beta,TopK,MAP
RP3betaRecommender,0.32176867565878275,0.759819992008265,487,0.001055990495862687
