recommender,alpha,beta,TopK,MAP
RP3betaRecommender,0.3151497340579741,0.8419277620013211,100,0.0010665239878723026
