recommender,alpha,beta,TopK,MAP
RP3betaRecommender,0.2523615073919928,0.19532700174160234,221,0.002322670641290224
