recommender,alpha,beta,TopK,MAP
RP3betaRecommender,0.1795384262700912,0.8274789919935386,182,0.001998414930904395
RP3betaRecommender,0.36341388351111104,0.850075823915263,353,0.0015564667646613068
