recommender,alpha,beta,TopK,MAP
RP3betaRecommender,0.14674621410145436,0.4030604334966357,381,0.0026349928688232313
