{
    "alpha": 0.6888887253927546,
    "beta": 0.3349397863261402,
    "topK": 63
}[
    {
        "PRECISION": 0.1403647752,
        "PRECISION_RECALL_MIN_DEN": 0.1525094747,
        "RECALL": 0.1135871141,
        "MAP": 0.0702169161,
        "MAP_MIN_DEN": 0.075517567,
        "MRR": 0.3768167117,
        "NDCG": 0.1657727659,
        "F1": 0.125564175,
        "HIT_RATE": 0.7371039057,
        "ARHR_ALL_HITS": 0.5113502445,
        "NOVELTY": 0.0044074706,
        "AVERAGE_POPULARITY": 0.1614510944,
        "DIVERSITY_MEAN_INTER_LIST": 0.9568693216,
        "DIVERSITY_HERFINDAHL": 0.9956693038,
        "COVERAGE_ITEM": 0.0727955278,
        "COVERAGE_ITEM_HIT": 0.0434161668,
        "ITEMS_IN_GT": 0.9936752765,
        "COVERAGE_USER": 1.0,
        "COVERAGE_USER_HIT": 0.7371039057,
        "USERS_IN_GT": 1.0,
        "DIVERSITY_GINI": 0.0163927659,
        "SHANNON_ENTROPY": 8.888518463,
        "RATIO_DIVERSITY_HERFINDAHL": 0.9959979472,
        "RATIO_DIVERSITY_GINI": 0.0322403791,
        "RATIO_SHANNON_ENTROPY": 0.6587247046,
        "RATIO_AVERAGE_POPULARITY": 3.1725231649,
        "RATIO_NOVELTY": 0.2521746115
    }
]