{
    "alpha": 0.4322822994433989,
    "beta": 0.30639974408807535,
    "topK": 91
}[
    {
        "PRECISION": 0.1379697863,
        "PRECISION_RECALL_MIN_DEN": 0.1498901931,
        "RECALL": 0.1113976563,
        "MAP": 0.0692425518,
        "MAP_MIN_DEN": 0.0744106606,
        "MRR": 0.3737641974,
        "NDCG": 0.163264165,
        "F1": 0.123267983,
        "HIT_RATE": 0.7304716286,
        "ARHR_ALL_HITS": 0.5048486098,
        "NOVELTY": 0.0043725752,
        "AVERAGE_POPULARITY": 0.1699310444,
        "DIVERSITY_MEAN_INTER_LIST": 0.9498831751,
        "DIVERSITY_HERFINDAHL": 0.9949708178,
        "COVERAGE_ITEM": 0.0745093239,
        "COVERAGE_ITEM_HIT": 0.0417839801,
        "ITEMS_IN_GT": 0.9936752765,
        "COVERAGE_USER": 1.0,
        "COVERAGE_USER_HIT": 0.7304716286,
        "USERS_IN_GT": 1.0,
        "DIVERSITY_GINI": 0.0148269123,
        "SHANNON_ENTROPY": 8.7028033756,
        "RATIO_DIVERSITY_HERFINDAHL": 0.9952992307,
        "RATIO_DIVERSITY_GINI": 0.0291607455,
        "RATIO_SHANNON_ENTROPY": 0.6449614305,
        "RATIO_AVERAGE_POPULARITY": 3.3391546641,
        "RATIO_NOVELTY": 0.2501780613
    }
]