{
    "alpha": 0.5535224666843549,
    "beta": 0.4888054192019302,
    "topK": 326
}[
    {
        "PRECISION": 0.0500540806,
        "PRECISION_RECALL_MIN_DEN": 0.0844260274,
        "RECALL": 0.0790600859,
        "MAP": 0.0248170087,
        "MAP_MIN_DEN": 0.0407915329,
        "MRR": 0.1689058037,
        "NDCG": 0.0900137685,
        "F1": 0.0612989267,
        "HIT_RATE": 0.3381268437,
        "ARHR_ALL_HITS": 0.2033716892,
        "NOVELTY": 0.0043640668,
        "AVERAGE_POPULARITY": 0.2165764739,
        "DIVERSITY_MEAN_INTER_LIST": 0.9173037832,
        "DIVERSITY_HERFINDAHL": 0.9917281234,
        "COVERAGE_ITEM": 0.6572407883,
        "COVERAGE_ITEM_HIT": 0.0536173338,
        "ITEMS_IN_GT": 0.9923695271,
        "COVERAGE_USER": 0.9772033919,
        "COVERAGE_USER_HIT": 0.3304186985,
        "USERS_IN_GT": 0.9772033919,
        "DIVERSITY_GINI": 0.054286272,
        "SHANNON_ENTROPY": 9.0747125405,
        "RATIO_DIVERSITY_HERFINDAHL": 0.9920553156,
        "RATIO_DIVERSITY_GINI": 0.1067422796,
        "RATIO_SHANNON_ENTROPY": 0.672491792,
        "RATIO_AVERAGE_POPULARITY": 4.2548894084,
        "RATIO_NOVELTY": 0.2496794901
    }
]