{
    "alpha": 0.38823615708180764,
    "beta": 0.4766822154317642,
    "topK": 325
}[
    {
        "PRECISION": 0.0622358984,
        "PRECISION_RECALL_MIN_DEN": 0.0848708394,
        "RECALL": 0.0737376983,
        "MAP": 0.0317070357,
        "MAP_MIN_DEN": 0.0425234696,
        "MRR": 0.1975691175,
        "NDCG": 0.0933035163,
        "F1": 0.0675003385,
        "HIT_RATE": 0.3854429153,
        "ARHR_ALL_HITS": 0.2478633425,
        "NOVELTY": 0.0044201638,
        "AVERAGE_POPULARITY": 0.2071243176,
        "DIVERSITY_MEAN_INTER_LIST": 0.923180022,
        "DIVERSITY_HERFINDAHL": 0.9923157654,
        "COVERAGE_ITEM": 0.7074305301,
        "COVERAGE_ITEM_HIT": 0.058146652,
        "ITEMS_IN_GT": 0.9986126413,
        "COVERAGE_USER": 0.9914242475,
        "COVERAGE_USER_HIT": 0.3821374523,
        "USERS_IN_GT": 0.9914242475,
        "DIVERSITY_GINI": 0.062748576,
        "SHANNON_ENTROPY": 9.2396873867,
        "RATIO_DIVERSITY_HERFINDAHL": 0.9926262418,
        "RATIO_DIVERSITY_GINI": 0.1200600129,
        "RATIO_SHANNON_ENTROPY": 0.6821327105,
        "RATIO_AVERAGE_POPULARITY": 4.0885322488,
        "RATIO_NOVELTY": 0.259501445
    }
]