{
    "alpha": 0.5586539802603512,
    "beta": 0.49634087886207484,
    "topK": 322
}[
    {
        "PRECISION": 0.0502677869,
        "PRECISION_RECALL_MIN_DEN": 0.0842736391,
        "RECALL": 0.0788215036,
        "MAP": 0.0249645378,
        "MAP_MIN_DEN": 0.0412028447,
        "MRR": 0.1693403831,
        "NDCG": 0.0895607822,
        "F1": 0.0613866965,
        "HIT_RATE": 0.3350039308,
        "ARHR_ALL_HITS": 0.2040940557,
        "NOVELTY": 0.0043763336,
        "AVERAGE_POPULARITY": 0.2129431577,
        "DIVERSITY_MEAN_INTER_LIST": 0.9197627937,
        "DIVERSITY_HERFINDAHL": 0.9919740197,
        "COVERAGE_ITEM": 0.6607907945,
        "COVERAGE_ITEM_HIT": 0.0534949198,
        "ITEMS_IN_GT": 0.9934712531,
        "COVERAGE_USER": 0.977779913,
        "COVERAGE_USER_HIT": 0.3275601143,
        "USERS_IN_GT": 0.977779913,
        "DIVERSITY_GINI": 0.0554904611,
        "SHANNON_ENTROPY": 9.1162139718,
        "RATIO_DIVERSITY_HERFINDAHL": 0.9923009196,
        "RATIO_DIVERSITY_GINI": 0.1091371832,
        "RATIO_SHANNON_ENTROPY": 0.6755568914,
        "RATIO_AVERAGE_POPULARITY": 4.1953678687,
        "RATIO_NOVELTY": 0.2503774439
    }
]