{
    "alpha": 0.30010018683525774,
    "beta": 0.6366777538726758,
    "topK": 205
}[
    {
        "PRECISION": 0.0342990425,
        "PRECISION_RECALL_MIN_DEN": 0.0575023383,
        "RECALL": 0.0537107352,
        "MAP": 0.0146788111,
        "MAP_MIN_DEN": 0.0243421642,
        "MRR": 0.1097495119,
        "NDCG": 0.0552552272,
        "F1": 0.0418641391,
        "HIT_RATE": 0.2551436288,
        "ARHR_ALL_HITS": 0.1262613553,
        "NOVELTY": 0.0036921654,
        "AVERAGE_POPULARITY": 0.4087446053,
        "DIVERSITY_MEAN_INTER_LIST": 0.6214123978,
        "DIVERSITY_HERFINDAHL": 0.9621397141,
        "COVERAGE_ITEM": 0.0601460807,
        "COVERAGE_ITEM_HIT": 0.0308891337,
        "ITEMS_IN_GT": 0.9922879177,
        "COVERAGE_USER": 0.9784044776,
        "COVERAGE_USER_HIT": 0.2496336688,
        "USERS_IN_GT": 0.9784044776,
        "DIVERSITY_GINI": 0.0034431495,
        "SHANNON_ENTROPY": 6.0219197785,
        "RATIO_DIVERSITY_HERFINDAHL": 0.9624560063,
        "RATIO_DIVERSITY_GINI": 0.0068421726,
        "RATIO_SHANNON_ENTROPY": 0.4463742134,
        "RATIO_AVERAGE_POPULARITY": 8.0177469954,
        "RATIO_NOVELTY": 0.2924454904
    }
]