{
    "alpha": 0.147385516302575,
    "beta": 0.5999846326621467,
    "topK": 318
}[
    {
        "PRECISION": 0.0381159634,
        "PRECISION_RECALL_MIN_DEN": 0.0647441204,
        "RECALL": 0.0608520778,
        "MAP": 0.0166455071,
        "MAP_MIN_DEN": 0.0278662281,
        "MRR": 0.1230084181,
        "NDCG": 0.0624617784,
        "F1": 0.0468724154,
        "HIT_RATE": 0.2805399823,
        "ARHR_ALL_HITS": 0.1425981545,
        "NOVELTY": 0.0037430648,
        "AVERAGE_POPULARITY": 0.3830484169,
        "DIVERSITY_MEAN_INTER_LIST": 0.6810223144,
        "DIVERSITY_HERFINDAHL": 0.9681005568,
        "COVERAGE_ITEM": 0.0530868731,
        "COVERAGE_ITEM_HIT": 0.0279511976,
        "ITEMS_IN_GT": 0.9918798711,
        "COVERAGE_USER": 0.9769151313,
        "COVERAGE_USER_HIT": 0.2740637536,
        "USERS_IN_GT": 0.9769151313,
        "DIVERSITY_GINI": 0.0038709535,
        "SHANNON_ENTROPY": 6.3484160973,
        "RATIO_DIVERSITY_HERFINDAHL": 0.9684222731,
        "RATIO_DIVERSITY_GINI": 0.0076984867,
        "RATIO_SHANNON_ENTROPY": 0.4707226046,
        "RATIO_AVERAGE_POPULARITY": 7.5388516322,
        "RATIO_NOVELTY": 0.2965696183
    }
]