{
    "topK": 345,
    "shrink": 23.461120092081153
}[
    {
        "PRECISION": 0.0002405971,
        "PRECISION_RECALL_MIN_DEN": 0.0003835953,
        "RECALL": 0.0003427817,
        "MAP": 6.88229e-05,
        "MAP_MIN_DEN": 0.0001195558,
        "MRR": 0.0006882288,
        "NDCG": 0.0002152043,
        "F1": 0.0002827401,
        "HIT_RATE": 0.0024059707,
        "ARHR_ALL_HITS": 0.0006882288,
        "NOVELTY": 0.0049108213,
        "AVERAGE_POPULARITY": 0.0062820328,
        "DIVERSITY_MEAN_INTER_LIST": 0.9234947143,
        "DIVERSITY_HERFINDAHL": 0.9923472042,
        "COVERAGE_ITEM": 0.1419479405,
        "COVERAGE_ITEM_HIT": 0.0021095538,
        "ITEMS_IN_GT": 0.8698870137,
        "COVERAGE_USER": 0.9784525211,
        "COVERAGE_USER_HIT": 0.0023541281,
        "USERS_IN_GT": 0.9784525211,
        "DIVERSITY_GINI": 0.0144071047,
        "SHANNON_ENTROPY": 8.489894323,
        "RATIO_DIVERSITY_HERFINDAHL": 0.9926742122,
        "RATIO_DIVERSITY_GINI": 0.0323438691,
        "RATIO_SHANNON_ENTROPY": 0.6291460623,
        "RATIO_AVERAGE_POPULARITY": 0.1238788466,
        "RATIO_NOVELTY": 0.3206357591
    }
]