{
    "topK": 1873,
    "shrink": 935.9351676026147
}[
    {
        "PRECISION": 0.00023059,
        "PRECISION_RECALL_MIN_DEN": 0.0004297376,
        "RECALL": 0.0003962874,
        "MAP": 6.48267e-05,
        "MAP_MIN_DEN": 0.0001348778,
        "MRR": 0.0006482666,
        "NDCG": 0.0002508898,
        "F1": 0.00029154,
        "HIT_RATE": 0.0023058997,
        "ARHR_ALL_HITS": 0.0006482666,
        "NOVELTY": 0.0061460616,
        "AVERAGE_POPULARITY": 0.0073662598,
        "DIVERSITY_MEAN_INTER_LIST": 0.4661919714,
        "DIVERSITY_HERFINDAHL": 0.9466180535,
        "COVERAGE_ITEM": 0.0066919656,
        "COVERAGE_ITEM_HIT": 0.0007752887,
        "ITEMS_IN_GT": 0.9938384951,
        "COVERAGE_USER": 0.9792452377,
        "COVERAGE_USER_HIT": 0.0022580413,
        "USERS_IN_GT": 0.9792452377,
        "DIVERSITY_GINI": 0.00085166,
        "SHANNON_ENTROPY": 4.6489356684,
        "RATIO_DIVERSITY_HERFINDAHL": 0.9469313127,
        "RATIO_DIVERSITY_GINI": 0.0016762259,
        "RATIO_SHANNON_ENTROPY": 0.3445598145,
        "RATIO_AVERAGE_POPULARITY": 0.1462871867,
        "RATIO_NOVELTY": 0.3516781307
    }
]