{
    "topK": 3108,
    "shrink": 293.27754951046273
}[
    {
        "PRECISION": 0.0002604103,
        "PRECISION_RECALL_MIN_DEN": 0.0004466808,
        "RECALL": 0.0003967585,
        "MAP": 7.04751e-05,
        "MAP_MIN_DEN": 0.0001299916,
        "MRR": 0.0007047514,
        "NDCG": 0.0002919374,
        "F1": 0.0003144397,
        "HIT_RATE": 0.0026041027,
        "ARHR_ALL_HITS": 0.0007047514,
        "NOVELTY": 0.0062241261,
        "AVERAGE_POPULARITY": 0.0070673199,
        "DIVERSITY_MEAN_INTER_LIST": 0.6696123927,
        "DIVERSITY_HERFINDAHL": 0.9669595942,
        "COVERAGE_ITEM": 0.020035092,
        "COVERAGE_ITEM_HIT": 0.0018362101,
        "ITEMS_IN_GT": 0.9929815971,
        "COVERAGE_USER": 0.9778039348,
        "COVERAGE_USER_HIT": 0.0025463019,
        "USERS_IN_GT": 0.9778039348,
        "DIVERSITY_GINI": 0.0019214106,
        "SHANNON_ENTROPY": 5.7497207749,
        "RATIO_DIVERSITY_HERFINDAHL": 0.9672791847,
        "RATIO_DIVERSITY_GINI": 0.0038186593,
        "RATIO_SHANNON_ENTROPY": 0.4262769307,
        "RATIO_AVERAGE_POPULARITY": 0.13885763,
        "RATIO_NOVELTY": 0.4930864948
    }
]