{
    "topK": 296,
    "shrink": 196
}[
    {
        "PRECISION": 0.0105514316,
        "PRECISION_RECALL_MIN_DEN": 0.0314285293,
        "RECALL": 0.031422844,
        "MAP": 0.0049555132,
        "MAP_MIN_DEN": 0.0143874535,
        "MRR": 0.0449738956,
        "NDCG": 0.0258095781,
        "F1": 0.0157980565,
        "HIT_RATE": 0.0961470484,
        "ARHR_ALL_HITS": 0.0471481594,
        "NOVELTY": 0.0042020448,
        "AVERAGE_POPULARITY": 0.2342862231,
        "DIVERSITY_MEAN_INTER_LIST": 0.904725946,
        "DIVERSITY_HERFINDAHL": 0.9904566044,
        "COVERAGE_ITEM": 0.1227812462,
        "COVERAGE_ITEM_HIT": 0.0088954176,
        "ITEMS_IN_GT": 0.9936752765,
        "COVERAGE_USER": 0.9528460761,
        "COVERAGE_USER_HIT": 0.0916133378,
        "USERS_IN_GT": 0.9528460761,
        "DIVERSITY_GINI": 0.0177934397,
        "SHANNON_ENTROPY": 8.4232377359,
        "RATIO_DIVERSITY_HERFINDAHL": 0.9907835272,
        "RATIO_DIVERSITY_GINI": 0.0349951463,
        "RATIO_SHANNON_ENTROPY": 0.6242429278,
        "RATIO_AVERAGE_POPULARITY": 4.6037375774,
        "RATIO_NOVELTY": 0.2404211206
    }
]