{
    "topK": 356,
    "shrink": 115
}[
    {
        "PRECISION": 0.0146759128,
        "PRECISION_RECALL_MIN_DEN": 0.0407328971,
        "RECALL": 0.040719553,
        "MAP": 0.007155583,
        "MAP_MIN_DEN": 0.0193674957,
        "MRR": 0.0623226192,
        "NDCG": 0.0347632837,
        "F1": 0.0215756507,
        "HIT_RATE": 0.127795075,
        "ARHR_ALL_HITS": 0.0667681475,
        "NOVELTY": 0.0041532435,
        "AVERAGE_POPULARITY": 0.2459992999,
        "DIVERSITY_MEAN_INTER_LIST": 0.8909681883,
        "DIVERSITY_HERFINDAHL": 0.9890905142,
        "COVERAGE_ITEM": 0.1489370384,
        "COVERAGE_ITEM_HIT": 0.0168931326,
        "ITEMS_IN_GT": 0.9936752765,
        "COVERAGE_USER": 0.9579068664,
        "COVERAGE_USER_HIT": 0.1224157798,
        "USERS_IN_GT": 0.9579068664,
        "DIVERSITY_GINI": 0.0157893613,
        "SHANNON_ENTROPY": 8.2199940116,
        "RATIO_DIVERSITY_HERFINDAHL": 0.9894169861,
        "RATIO_DIVERSITY_GINI": 0.0310536366,
        "RATIO_SHANNON_ENTROPY": 0.6091806131,
        "RATIO_AVERAGE_POPULARITY": 4.833900202,
        "RATIO_NOVELTY": 0.2376289422
    }
]