{
    "topK": 321,
    "shrink": 164
}[
    {
        "PRECISION": 0.0106044539,
        "PRECISION_RECALL_MIN_DEN": 0.0315375897,
        "RECALL": 0.0315319043,
        "MAP": 0.0049514033,
        "MAP_MIN_DEN": 0.014307475,
        "MRR": 0.0448017837,
        "NDCG": 0.0257761069,
        "F1": 0.0158712636,
        "HIT_RATE": 0.0957935666,
        "ARHR_ALL_HITS": 0.0470503908,
        "NOVELTY": 0.0042197705,
        "AVERAGE_POPULARITY": 0.2307554862,
        "DIVERSITY_MEAN_INTER_LIST": 0.9076974238,
        "DIVERSITY_HERFINDAHL": 0.9907536997,
        "COVERAGE_ITEM": 0.1244542376,
        "COVERAGE_ITEM_HIT": 0.0091402456,
        "ITEMS_IN_GT": 0.9936752765,
        "COVERAGE_USER": 0.9528460761,
        "COVERAGE_USER_HIT": 0.0912765241,
        "USERS_IN_GT": 0.9528460761,
        "DIVERSITY_GINI": 0.0185217682,
        "SHANNON_ENTROPY": 8.486439283,
        "RATIO_DIVERSITY_HERFINDAHL": 0.9910807206,
        "RATIO_DIVERSITY_GINI": 0.0364275824,
        "RATIO_SHANNON_ENTROPY": 0.6289267703,
        "RATIO_AVERAGE_POPULARITY": 4.5343583961,
        "RATIO_NOVELTY": 0.2414353035
    }
]