{
    "topK": 60,
    "shrink": 110
}[
    {
        "PRECISION": 0.0076824584,
        "PRECISION_RECALL_MIN_DEN": 0.0231500112,
        "RECALL": 0.0231500112,
        "MAP": 0.0036645631,
        "MAP_MIN_DEN": 0.0114996714,
        "MRR": 0.0362798,
        "NDCG": 0.020190286,
        "F1": 0.0115364744,
        "HIT_RATE": 0.0755441741,
        "ARHR_ALL_HITS": 0.0364627157,
        "NOVELTY": 0.0045723082,
        "AVERAGE_POPULARITY": 0.1617673362,
        "DIVERSITY_MEAN_INTER_LIST": 0.958600742,
        "DIVERSITY_HERFINDAHL": 0.995737334,
        "COVERAGE_ITEM": 0.087893255,
        "COVERAGE_ITEM_HIT": 0.0018770147,
        "ITEMS_IN_GT": 0.9936752765,
        "COVERAGE_USER": 0.9536019536,
        "COVERAGE_USER_HIT": 0.072039072,
        "USERS_IN_GT": 0.9536019536,
        "DIVERSITY_GINI": 0.0323799362,
        "SHANNON_ENTROPY": 9.4906206386,
        "RATIO_DIVERSITY_HERFINDAHL": 0.9960659999,
        "RATIO_DIVERSITY_GINI": 0.0636830556,
        "RATIO_SHANNON_ENTROPY": 0.7033462666,
        "RATIO_AVERAGE_POPULARITY": 3.1787373349,
        "RATIO_NOVELTY": 0.2616058405
    }
]