{
    "alpha": 0.005356570342488541,
    "beta": 0.940247725854182
}[
    {
        "PRECISION": 0.0078104994,
        "PRECISION_RECALL_MIN_DEN": 0.0233634128,
        "RECALL": 0.0233634128,
        "MAP": 0.0036837693,
        "MAP_MIN_DEN": 0.011533206,
        "MRR": 0.0362157795,
        "NDCG": 0.0202868616,
        "F1": 0.0117072198,
        "HIT_RATE": 0.0755441741,
        "ARHR_ALL_HITS": 0.0365267362,
        "NOVELTY": 0.0045720053,
        "AVERAGE_POPULARITY": 0.1618421919,
        "DIVERSITY_MEAN_INTER_LIST": 0.958557405,
        "DIVERSITY_HERFINDAHL": 0.9957330059,
        "COVERAGE_ITEM": 0.088015669,
        "COVERAGE_ITEM_HIT": 0.0018770147,
        "ITEMS_IN_GT": 0.9936752765,
        "COVERAGE_USER": 0.9536019536,
        "COVERAGE_USER_HIT": 0.072039072,
        "USERS_IN_GT": 0.9536019536,
        "DIVERSITY_GINI": 0.0324253159,
        "SHANNON_ENTROPY": 9.4910148538,
        "RATIO_DIVERSITY_HERFINDAHL": 0.9960616703,
        "RATIO_DIVERSITY_GINI": 0.0637723057,
        "RATIO_SHANNON_ENTROPY": 0.7033754817,
        "RATIO_AVERAGE_POPULARITY": 3.1802082537,
        "RATIO_NOVELTY": 0.2615885121
    }
]