{
    "alpha": 0.7760317295237318,
    "beta": 0.18414663385821492
}[
    {
        "PRECISION": 0.011223047,
        "PRECISION_RECALL_MIN_DEN": 0.0333890909,
        "RECALL": 0.0333834055,
        "MAP": 0.0053904361,
        "MAP_MIN_DEN": 0.0152562405,
        "MRR": 0.0486628709,
        "NDCG": 0.0275333645,
        "F1": 0.0167986248,
        "HIT_RATE": 0.1012725345,
        "ARHR_ALL_HITS": 0.0511184473,
        "NOVELTY": 0.0041687839,
        "AVERAGE_POPULARITY": 0.2535490353,
        "DIVERSITY_MEAN_INTER_LIST": 0.886045436,
        "DIVERSITY_HERFINDAHL": 0.9885888836,
        "COVERAGE_ITEM": 0.1421634635,
        "COVERAGE_ITEM_HIT": 0.009099441,
        "ITEMS_IN_GT": 0.9936752765,
        "COVERAGE_USER": 0.9528460761,
        "COVERAGE_USER_HIT": 0.0964971371,
        "USERS_IN_GT": 0.9528460761,
        "DIVERSITY_GINI": 0.0186335344,
        "SHANNON_ENTROPY": 8.2941470514,
        "RATIO_DIVERSITY_HERFINDAHL": 0.9889151899,
        "RATIO_DIVERSITY_GINI": 0.0366473979,
        "RATIO_SHANNON_ENTROPY": 0.6146760665,
        "RATIO_AVERAGE_POPULARITY": 4.9822529304,
        "RATIO_NOVELTY": 0.2385180869
    }
]