{
    "alpha": 0.3526722458618991,
    "beta": 0.08407567456216236
}[
    {
        "PRECISION": 0.0112053729,
        "PRECISION_RECALL_MIN_DEN": 0.0333301772,
        "RECALL": 0.0333244919,
        "MAP": 0.0053862139,
        "MAP_MIN_DEN": 0.0152438499,
        "MRR": 0.0486559977,
        "NDCG": 0.0275082526,
        "F1": 0.0167713673,
        "HIT_RATE": 0.1012725345,
        "ARHR_ALL_HITS": 0.0510938999,
        "NOVELTY": 0.0041688942,
        "AVERAGE_POPULARITY": 0.2534773838,
        "DIVERSITY_MEAN_INTER_LIST": 0.8861334722,
        "DIVERSITY_HERFINDAHL": 0.9885976856,
        "COVERAGE_ITEM": 0.1420002448,
        "COVERAGE_ITEM_HIT": 0.009099441,
        "ITEMS_IN_GT": 0.9936752765,
        "COVERAGE_USER": 0.9528460761,
        "COVERAGE_USER_HIT": 0.0964971371,
        "USERS_IN_GT": 0.9528460761,
        "DIVERSITY_GINI": 0.0186221747,
        "SHANNON_ENTROPY": 8.2945535906,
        "RATIO_DIVERSITY_HERFINDAHL": 0.9889239949,
        "RATIO_DIVERSITY_GINI": 0.0366250564,
        "RATIO_SHANNON_ENTROPY": 0.614706195,
        "RATIO_AVERAGE_POPULARITY": 4.9808449737,
        "RATIO_NOVELTY": 0.2385244026
    }
]