{
    "alpha": 0.46089718814412106,
    "beta": 0.026688893854121983
}[
    {
        "PRECISION": 0.0157585621,
        "PRECISION_RECALL_MIN_DEN": 0.0434740867,
        "RECALL": 0.0434607427,
        "MAP": 0.0076764205,
        "MAP_MIN_DEN": 0.0206967602,
        "MRR": 0.0665221393,
        "NDCG": 0.0371510677,
        "F1": 0.0231302551,
        "HIT_RATE": 0.1370648174,
        "ARHR_ALL_HITS": 0.0714262689,
        "NOVELTY": 0.0042612121,
        "AVERAGE_POPULARITY": 0.2376552344,
        "DIVERSITY_MEAN_INTER_LIST": 0.9029236228,
        "DIVERSITY_HERFINDAHL": 0.9902859731,
        "COVERAGE_ITEM": 0.3224792916,
        "COVERAGE_ITEM_HIT": 0.0192189987,
        "ITEMS_IN_GT": 0.9936752765,
        "COVERAGE_USER": 0.9579068664,
        "COVERAGE_USER_HIT": 0.1312953298,
        "USERS_IN_GT": 0.9579068664,
        "DIVERSITY_GINI": 0.0322964801,
        "SHANNON_ENTROPY": 8.7177729857,
        "RATIO_DIVERSITY_HERFINDAHL": 0.9906128396,
        "RATIO_DIVERSITY_GINI": 0.0635189187,
        "RATIO_SHANNON_ENTROPY": 0.6460708226,
        "RATIO_AVERAGE_POPULARITY": 4.6699388396,
        "RATIO_NOVELTY": 0.2438063932
    }
]