{
    "alpha": 0.8933157693622866,
    "beta": 0.14484583688745223,
    "topK": 344
}[
    {
        "PRECISION": 0.0117709438,
        "PRECISION_RECALL_MIN_DEN": 0.0343147363,
        "RECALL": 0.0343090509,
        "MAP": 0.0054809246,
        "MAP_MIN_DEN": 0.0153309517,
        "MRR": 0.0494137392,
        "NDCG": 0.0281054766,
        "F1": 0.0175282099,
        "HIT_RATE": 0.1058677978,
        "ARHR_ALL_HITS": 0.0519198129,
        "NOVELTY": 0.0042152536,
        "AVERAGE_POPULARITY": 0.2690695862,
        "DIVERSITY_MEAN_INTER_LIST": 0.8650144939,
        "DIVERSITY_HERFINDAHL": 0.986486161,
        "COVERAGE_ITEM": 0.2301791325,
        "COVERAGE_ITEM_HIT": 0.009099441,
        "ITEMS_IN_GT": 0.9936752765,
        "COVERAGE_USER": 0.9528460761,
        "COVERAGE_USER_HIT": 0.1008757157,
        "USERS_IN_GT": 0.9528460761,
        "DIVERSITY_GINI": 0.0323136376,
        "SHANNON_ENTROPY": 8.4455900034,
        "RATIO_DIVERSITY_HERFINDAHL": 0.9868117733,
        "RATIO_DIVERSITY_GINI": 0.0635526631,
        "RATIO_SHANNON_ENTROPY": 0.6258994458,
        "RATIO_AVERAGE_POPULARITY": 5.2872326366,
        "RATIO_NOVELTY": 0.2411768635
    }
]