{
    "alpha": 0.3146556397597279,
    "beta": 0.22537681115893407,
    "topK": 274
}[
    {
        "PRECISION": 0.0083226633,
        "PRECISION_RECALL_MIN_DEN": 0.0259242323,
        "RECALL": 0.0259242323,
        "MAP": 0.003965307,
        "MAP_MIN_DEN": 0.0130030605,
        "MRR": 0.0391124525,
        "NDCG": 0.0224015985,
        "F1": 0.0126001877,
        "HIT_RATE": 0.0806658131,
        "ARHR_ALL_HITS": 0.0393827612,
        "NOVELTY": 0.0045271947,
        "AVERAGE_POPULARITY": 0.2061255268,
        "DIVERSITY_MEAN_INTER_LIST": 0.9265822909,
        "DIVERSITY_HERFINDAHL": 0.9925395886,
        "COVERAGE_ITEM": 0.0924225731,
        "COVERAGE_ITEM_HIT": 0.0018770147,
        "ITEMS_IN_GT": 0.9936752765,
        "COVERAGE_USER": 0.9536019536,
        "COVERAGE_USER_HIT": 0.0769230769,
        "USERS_IN_GT": 0.9536019536,
        "DIVERSITY_GINI": 0.0326940619,
        "SHANNON_ENTROPY": 9.1838240999,
        "RATIO_DIVERSITY_HERFINDAHL": 0.992867199,
        "RATIO_DIVERSITY_GINI": 0.0643008604,
        "RATIO_SHANNON_ENTROPY": 0.6806096924,
        "RATIO_AVERAGE_POPULARITY": 4.0503782976,
        "RATIO_NOVELTY": 0.2590246608
    }
]