{
    "alpha": 0.8980670702587029,
    "beta": 0.1312394470773224
}[
    {
        "PRECISION": 0.0114351361,
        "PRECISION_RECALL_MIN_DEN": 0.0335746688,
        "RECALL": 0.0335689834,
        "MAP": 0.0054652564,
        "MAP_MIN_DEN": 0.0154387984,
        "MRR": 0.0491964601,
        "NDCG": 0.0278506731,
        "F1": 0.0170591447,
        "HIT_RATE": 0.1032166843,
        "ARHR_ALL_HITS": 0.0517431422,
        "NOVELTY": 0.0041597074,
        "AVERAGE_POPULARITY": 0.2591554168,
        "DIVERSITY_MEAN_INTER_LIST": 0.8799646056,
        "DIVERSITY_HERFINDAHL": 0.987980908,
        "COVERAGE_ITEM": 0.1513445138,
        "COVERAGE_ITEM_HIT": 0.009099441,
        "ITEMS_IN_GT": 0.9936752765,
        "COVERAGE_USER": 0.9528460761,
        "COVERAGE_USER_HIT": 0.0983496127,
        "USERS_IN_GT": 0.9528460761,
        "DIVERSITY_GINI": 0.0193254128,
        "SHANNON_ENTROPY": 8.2570718701,
        "RATIO_DIVERSITY_HERFINDAHL": 0.9883070137,
        "RATIO_DIVERSITY_GINI": 0.0380081459,
        "RATIO_SHANNON_ENTROPY": 0.611928439,
        "RATIO_AVERAGE_POPULARITY": 5.0924186437,
        "RATIO_NOVELTY": 0.2379987733
    }
]