{
    "alpha": 0.7998969302777552,
    "beta": 0.1881165454589589
}[
    {
        "PRECISION": 0.011223047,
        "PRECISION_RECALL_MIN_DEN": 0.0333890909,
        "RECALL": 0.0333834055,
        "MAP": 0.0053886476,
        "MAP_MIN_DEN": 0.0152434057,
        "MRR": 0.0486449864,
        "NDCG": 0.0275218493,
        "F1": 0.0167986248,
        "HIT_RATE": 0.1012725345,
        "ARHR_ALL_HITS": 0.0511005628,
        "NOVELTY": 0.004168445,
        "AVERAGE_POPULARITY": 0.2536639941,
        "DIVERSITY_MEAN_INTER_LIST": 0.8859183088,
        "DIVERSITY_HERFINDAHL": 0.9885761731,
        "COVERAGE_ITEM": 0.1421634635,
        "COVERAGE_ITEM_HIT": 0.009099441,
        "ITEMS_IN_GT": 0.9936752765,
        "COVERAGE_USER": 0.9528460761,
        "COVERAGE_USER_HIT": 0.0964971371,
        "USERS_IN_GT": 0.9528460761,
        "DIVERSITY_GINI": 0.0186256464,
        "SHANNON_ENTROPY": 8.2928439282,
        "RATIO_DIVERSITY_HERFINDAHL": 0.9889024752,
        "RATIO_DIVERSITY_GINI": 0.0366318842,
        "RATIO_SHANNON_ENTROPY": 0.6145794926,
        "RATIO_AVERAGE_POPULARITY": 4.9845118772,
        "RATIO_NOVELTY": 0.2384986967
    }
]