{
    "alpha": 0.0032160119088313487,
    "beta": 0.9912291611750172
}[
    {
        "PRECISION": 0.0078104994,
        "PRECISION_RECALL_MIN_DEN": 0.0233634128,
        "RECALL": 0.0233634128,
        "MAP": 0.0036901713,
        "MAP_MIN_DEN": 0.0115423518,
        "MRR": 0.0362798,
        "NDCG": 0.0203022856,
        "F1": 0.0117072198,
        "HIT_RATE": 0.0755441741,
        "ARHR_ALL_HITS": 0.0365907567,
        "NOVELTY": 0.0045721072,
        "AVERAGE_POPULARITY": 0.1618461872,
        "DIVERSITY_MEAN_INTER_LIST": 0.9585551069,
        "DIVERSITY_HERFINDAHL": 0.9957327764,
        "COVERAGE_ITEM": 0.088015669,
        "COVERAGE_ITEM_HIT": 0.0018770147,
        "ITEMS_IN_GT": 0.9936752765,
        "COVERAGE_USER": 0.9536019536,
        "COVERAGE_USER_HIT": 0.072039072,
        "USERS_IN_GT": 0.9536019536,
        "DIVERSITY_GINI": 0.0324252741,
        "SHANNON_ENTROPY": 9.4909115385,
        "RATIO_DIVERSITY_HERFINDAHL": 0.9960614407,
        "RATIO_DIVERSITY_GINI": 0.0637722235,
        "RATIO_SHANNON_ENTROPY": 0.7033678251,
        "RATIO_AVERAGE_POPULARITY": 3.1802867614,
        "RATIO_NOVELTY": 0.2615943423
    }
]