{
    "alpha": 0.8166802181707715,
    "beta": 0.3021122847190576,
    "topK": 158
}[
    {
        "PRECISION": 0.0156241155,
        "PRECISION_RECALL_MIN_DEN": 0.0425139501,
        "RECALL": 0.0424991298,
        "MAP": 0.0075741506,
        "MAP_MIN_DEN": 0.0203955949,
        "MRR": 0.0656235539,
        "NDCG": 0.0365699667,
        "F1": 0.0228483908,
        "HIT_RATE": 0.1362864421,
        "ARHR_ALL_HITS": 0.0704325767,
        "NOVELTY": 0.0045230125,
        "AVERAGE_POPULARITY": 0.202994265,
        "DIVERSITY_MEAN_INTER_LIST": 0.9317365552,
        "DIVERSITY_HERFINDAHL": 0.9931670624,
        "COVERAGE_ITEM": 0.5410698984,
        "COVERAGE_ITEM_HIT": 0.0210552087,
        "ITEMS_IN_GT": 0.9936752765,
        "COVERAGE_USER": 0.9579068664,
        "COVERAGE_USER_HIT": 0.1305497187,
        "USERS_IN_GT": 0.9579068664,
        "DIVERSITY_GINI": 0.0808392377,
        "SHANNON_ENTROPY": 9.7212035839,
        "RATIO_DIVERSITY_HERFINDAHL": 0.9934948799,
        "RATIO_DIVERSITY_GINI": 0.1589901114,
        "RATIO_SHANNON_ENTROPY": 0.7204346805,
        "RATIO_AVERAGE_POPULARITY": 3.9888488246,
        "RATIO_NOVELTY": 0.2587853714
    }
]