{
    "alpha": 0.30306295300350317,
    "beta": 0.3631103402811665,
    "topK": 118,
    "gamma": 87
}[
    {
        "PRECISION": 0.0508266392,
        "PRECISION_RECALL_MIN_DEN": 0.0845616136,
        "RECALL": 0.0789364751,
        "MAP": 0.0247972581,
        "MAP_MIN_DEN": 0.0404017432,
        "MRR": 0.1673535635,
        "NDCG": 0.087961903,
        "F1": 0.0618369212,
        "HIT_RATE": 0.3411452576,
        "ARHR_ALL_HITS": 0.2021585344,
        "NOVELTY": 0.0044535688,
        "AVERAGE_POPULARITY": 0.1820238448,
        "DIVERSITY_MEAN_INTER_LIST": 0.9468602868,
        "DIVERSITY_HERFINDAHL": 0.9946837026,
        "COVERAGE_ITEM": 0.587954462,
        "COVERAGE_ITEM_HIT": 0.0629207981,
        "ITEMS_IN_GT": 0.9934304484,
        "COVERAGE_USER": 0.9778519782,
        "COVERAGE_USER_HIT": 0.333589565,
        "USERS_IN_GT": 0.9778519782,
        "DIVERSITY_GINI": 0.0490249158,
        "SHANNON_ENTROPY": 9.4299881192,
        "RATIO_DIVERSITY_HERFINDAHL": 0.9949959491,
        "RATIO_DIVERSITY_GINI": 0.0938486964,
        "RATIO_SHANNON_ENTROPY": 0.6963252816,
        "RATIO_AVERAGE_POPULARITY": 3.6036710674,
        "RATIO_NOVELTY": 0.2465769702
    }
]