{
    "alpha": 0.5817078651486325,
    "beta": 0.33051427396133287,
    "topK": 100,
    "gamma": 82
}[
    {
        "PRECISION": 0.0512969149,
        "PRECISION_RECALL_MIN_DEN": 0.0847072019,
        "RECALL": 0.0790169338,
        "MAP": 0.0249763271,
        "MAP_MIN_DEN": 0.0405636007,
        "MRR": 0.1670355568,
        "NDCG": 0.0879142249,
        "F1": 0.0622086596,
        "HIT_RATE": 0.3400717233,
        "ARHR_ALL_HITS": 0.2029122103,
        "NOVELTY": 0.0044508995,
        "AVERAGE_POPULARITY": 0.1853329067,
        "DIVERSITY_MEAN_INTER_LIST": 0.9460985569,
        "DIVERSITY_HERFINDAHL": 0.9946075318,
        "COVERAGE_ITEM": 0.627657404,
        "COVERAGE_ITEM_HIT": 0.0607173461,
        "ITEMS_IN_GT": 0.9937568858,
        "COVERAGE_USER": 0.9779720868,
        "COVERAGE_USER_HIT": 0.3325806529,
        "USERS_IN_GT": 0.9779720868,
        "DIVERSITY_GINI": 0.0519586837,
        "SHANNON_ENTROPY": 9.4212035157,
        "RATIO_DIVERSITY_HERFINDAHL": 0.994919865,
        "RATIO_DIVERSITY_GINI": 0.0994376486,
        "RATIO_SHANNON_ENTROPY": 0.6956445314,
        "RATIO_AVERAGE_POPULARITY": 3.6486987566,
        "RATIO_NOVELTY": 0.2464178199
    }
]