{
    "alpha": 0.5698446069954325,
    "beta": 0.33289472779289225,
    "topK": 101
}[
    {
        "PRECISION": 0.0517528559,
        "PRECISION_RECALL_MIN_DEN": 0.084948926,
        "RECALL": 0.0791817132,
        "MAP": 0.0254358099,
        "MAP_MIN_DEN": 0.0413458856,
        "MRR": 0.1704539924,
        "NDCG": 0.0899834476,
        "F1": 0.0625943144,
        "HIT_RATE": 0.343422184,
        "ARHR_ALL_HITS": 0.206692735,
        "NOVELTY": 0.004449662,
        "AVERAGE_POPULARITY": 0.1827349653,
        "DIVERSITY_MEAN_INTER_LIST": 0.947063085,
        "DIVERSITY_HERFINDAHL": 0.9947039818,
        "COVERAGE_ITEM": 0.6301872934,
        "COVERAGE_ITEM_HIT": 0.0610029787,
        "ITEMS_IN_GT": 0.9929815971,
        "COVERAGE_USER": 0.9778039348,
        "COVERAGE_USER_HIT": 0.3357995628,
        "USERS_IN_GT": 0.9778039348,
        "DIVERSITY_GINI": 0.0524198578,
        "SHANNON_ENTROPY": 9.4390664406,
        "RATIO_DIVERSITY_HERFINDAHL": 0.9950241333,
        "RATIO_DIVERSITY_GINI": 0.10163418,
        "RATIO_SHANNON_ENTROPY": 0.6981938236,
        "RATIO_AVERAGE_POPULARITY": 3.6234902693,
        "RATIO_NOVELTY": 0.2503964856
    }
]