{
    "alpha": 0.5903931705192896,
    "beta": 0.5125177621500434,
    "topK": 301
}[
    {
        "PRECISION": 0.0499840369,
        "PRECISION_RECALL_MIN_DEN": 0.0836925997,
        "RECALL": 0.0783658013,
        "MAP": 0.0247485944,
        "MAP_MIN_DEN": 0.0405444688,
        "MRR": 0.1673026262,
        "NDCG": 0.0877186097,
        "F1": 0.0610369154,
        "HIT_RATE": 0.3347577298,
        "ARHR_ALL_HITS": 0.2020912491,
        "NOVELTY": 0.0044032188,
        "AVERAGE_POPULARITY": 0.2059532325,
        "DIVERSITY_MEAN_INTER_LIST": 0.9260356707,
        "DIVERSITY_HERFINDAHL": 0.9926012929,
        "COVERAGE_ITEM": 0.6601379198,
        "COVERAGE_ITEM_HIT": 0.0548414739,
        "ITEMS_IN_GT": 0.9930632064,
        "COVERAGE_USER": 0.9781402388,
        "COVERAGE_USER_HIT": 0.3274400058,
        "USERS_IN_GT": 0.9781402388,
        "DIVERSITY_GINI": 0.0569646136,
        "SHANNON_ENTROPY": 9.2147802976,
        "RATIO_DIVERSITY_HERFINDAHL": 0.9929285743,
        "RATIO_DIVERSITY_GINI": 0.1119750329,
        "RATIO_SHANNON_ENTROPY": 0.6828624994,
        "RATIO_AVERAGE_POPULARITY": 4.0513906129,
        "RATIO_NOVELTY": 0.2519160927
    }
]