{
    "alpha": 0.5087585731772544,
    "beta": 0.42515997303191466,
    "topK": 374
}[
    {
        "PRECISION": 0.0456274886,
        "PRECISION_RECALL_MIN_DEN": 0.0755446181,
        "RECALL": 0.0705618683,
        "MAP": 0.0217945889,
        "MAP_MIN_DEN": 0.0354454974,
        "MRR": 0.1506117603,
        "NDCG": 0.0812777131,
        "F1": 0.0554192041,
        "HIT_RATE": 0.3143587475,
        "ARHR_ALL_HITS": 0.1799419031,
        "NOVELTY": 0.0043828623,
        "AVERAGE_POPULARITY": 0.2165761756,
        "DIVERSITY_MEAN_INTER_LIST": 0.9071644844,
        "DIVERSITY_HERFINDAHL": 0.9907142188,
        "COVERAGE_ITEM": 0.6151303709,
        "COVERAGE_ITEM_HIT": 0.0463949076,
        "ITEMS_IN_GT": 0.9931040111,
        "COVERAGE_USER": 0.9773475222,
        "COVERAGE_USER_HIT": 0.3072377429,
        "USERS_IN_GT": 0.9773475222,
        "DIVERSITY_GINI": 0.0583880775,
        "SHANNON_ENTROPY": 8.9793903352,
        "RATIO_DIVERSITY_HERFINDAHL": 0.9910418956,
        "RATIO_DIVERSITY_GINI": 0.1148372101,
        "RATIO_SHANNON_ENTROPY": 0.6654690541,
        "RATIO_AVERAGE_POPULARITY": 4.2473325294,
        "RATIO_NOVELTY": 0.2507703599
    }
]