{
    "alpha": 0.7374740262490058,
    "beta": 0.31114169352550514,
    "topK": 100
}[
    {
        "PRECISION": 0.0520569815,
        "PRECISION_RECALL_MIN_DEN": 0.0871300016,
        "RECALL": 0.0815069197,
        "MAP": 0.0255241292,
        "MAP_MIN_DEN": 0.0418737046,
        "MRR": 0.1713888938,
        "NDCG": 0.0835141038,
        "F1": 0.0635351943,
        "HIT_RATE": 0.3482009088,
        "ARHR_ALL_HITS": 0.20756438,
        "NOVELTY": 0.0044430476,
        "AVERAGE_POPULARITY": 0.1855067184,
        "DIVERSITY_MEAN_INTER_LIST": 0.948087748,
        "DIVERSITY_HERFINDAHL": 0.9948064462,
        "COVERAGE_ITEM": 0.6310033868,
        "COVERAGE_ITEM_HIT": 0.057901824,
        "ITEMS_IN_GT": 0.9936752765,
        "COVERAGE_USER": 0.9780441519,
        "COVERAGE_USER_HIT": 0.3405558625,
        "USERS_IN_GT": 0.9780441519,
        "DIVERSITY_GINI": 0.0532073728,
        "SHANNON_ENTROPY": 9.4543236935,
        "RATIO_DIVERSITY_HERFINDAHL": 0.9951348048,
        "RATIO_DIVERSITY_GINI": 0.1046452981,
        "RATIO_SHANNON_ENTROPY": 0.7006563139,
        "RATIO_AVERAGE_POPULARITY": 3.6452175428,
        "RATIO_NOVELTY": 0.2542101618
    }
]