{
    "alpha": 0.5126756776495514,
    "beta": 0.396119587486951,
    "topK": 100
}[
    {
        "PRECISION": 0.0518580335,
        "PRECISION_RECALL_MIN_DEN": 0.0861105462,
        "RECALL": 0.0803726915,
        "MAP": 0.0255115241,
        "MAP_MIN_DEN": 0.0412760276,
        "MRR": 0.1696118549,
        "NDCG": 0.089894758,
        "F1": 0.0630408663,
        "HIT_RATE": 0.3419567032,
        "ARHR_ALL_HITS": 0.2064247105,
        "NOVELTY": 0.0044903781,
        "AVERAGE_POPULARITY": 0.1727282395,
        "DIVERSITY_MEAN_INTER_LIST": 0.9532534163,
        "DIVERSITY_HERFINDAHL": 0.9953230019,
        "COVERAGE_ITEM": 0.6479781287,
        "COVERAGE_ITEM_HIT": 0.0630432121,
        "ITEMS_IN_GT": 0.9942873465,
        "COVERAGE_USER": 0.9786927382,
        "COVERAGE_USER_HIT": 0.3346705422,
        "USERS_IN_GT": 0.9786927382,
        "DIVERSITY_GINI": 0.0580338429,
        "SHANNON_ENTROPY": 9.6348536641,
        "RATIO_DIVERSITY_HERFINDAHL": 0.9956513348,
        "RATIO_DIVERSITY_GINI": 0.1141088933,
        "RATIO_SHANNON_ENTROPY": 0.7139633318,
        "RATIO_AVERAGE_POPULARITY": 3.440904556,
        "RATIO_NOVELTY": 0.2568922875
    }
]