{
    "alpha": 0.610567561753193,
    "beta": 0.29964622075485847,
    "topK": 101
}[
    {
        "PRECISION": 0.0514073418,
        "PRECISION_RECALL_MIN_DEN": 0.0846310121,
        "RECALL": 0.0789296135,
        "MAP": 0.0252200993,
        "MAP_MIN_DEN": 0.0409564683,
        "MRR": 0.1691067074,
        "NDCG": 0.089367661,
        "F1": 0.0622626424,
        "HIT_RATE": 0.340443854,
        "ARHR_ALL_HITS": 0.2050377611,
        "NOVELTY": 0.004427895,
        "AVERAGE_POPULARITY": 0.1871433216,
        "DIVERSITY_MEAN_INTER_LIST": 0.9451880138,
        "DIVERSITY_HERFINDAHL": 0.9945164758,
        "COVERAGE_ITEM": 0.6198229077,
        "COVERAGE_ITEM_HIT": 0.0605133227,
        "ITEMS_IN_GT": 0.9931448158,
        "COVERAGE_USER": 0.9763386101,
        "COVERAGE_USER_HIT": 0.3323884792,
        "USERS_IN_GT": 0.9763386101,
        "DIVERSITY_GINI": 0.0503991167,
        "SHANNON_ENTROPY": 9.3677344247,
        "RATIO_DIVERSITY_HERFINDAHL": 0.9948444032,
        "RATIO_DIVERSITY_GINI": 0.09907228,
        "RATIO_SHANNON_ENTROPY": 0.6941951815,
        "RATIO_AVERAGE_POPULARITY": 3.6813287871,
        "RATIO_NOVELTY": 0.2533271282
    }
]