{
    "alpha": 0.7005223873607896,
    "beta": 0.29778853839255404,
    "topK": 100
}[
    {
        "PRECISION": 0.0520225961,
        "PRECISION_RECALL_MIN_DEN": 0.0870856847,
        "RECALL": 0.0814572375,
        "MAP": 0.0255007047,
        "MAP_MIN_DEN": 0.0418048494,
        "MRR": 0.1711064718,
        "NDCG": 0.0834225381,
        "F1": 0.0634944898,
        "HIT_RATE": 0.3482991526,
        "ARHR_ALL_HITS": 0.207293605,
        "NOVELTY": 0.0044397266,
        "AVERAGE_POPULARITY": 0.1859281954,
        "DIVERSITY_MEAN_INTER_LIST": 0.9475643751,
        "DIVERSITY_HERFINDAHL": 0.9947541102,
        "COVERAGE_ITEM": 0.6252907333,
        "COVERAGE_ITEM_HIT": 0.0586771127,
        "ITEMS_IN_GT": 0.9936752765,
        "COVERAGE_USER": 0.9780441519,
        "COVERAGE_USER_HIT": 0.3406519494,
        "USERS_IN_GT": 0.9780441519,
        "DIVERSITY_GINI": 0.051980811,
        "SHANNON_ENTROPY": 9.4339681639,
        "RATIO_DIVERSITY_HERFINDAHL": 0.9950824515,
        "RATIO_DIVERSITY_GINI": 0.1022329646,
        "RATIO_SHANNON_ENTROPY": 0.6991477734,
        "RATIO_AVERAGE_POPULARITY": 3.653499589,
        "RATIO_NOVELTY": 0.2540201512
    }
]