{
    "alpha": 0.3936548806818178,
    "beta": 0.3100073426560124,
    "topK": 100
}[
    {
        "PRECISION": 0.0514393268,
        "PRECISION_RECALL_MIN_DEN": 0.0846209167,
        "RECALL": 0.0789067781,
        "MAP": 0.0252154919,
        "MAP_MIN_DEN": 0.0408608765,
        "MRR": 0.1689192981,
        "NDCG": 0.0889518233,
        "F1": 0.0622789849,
        "HIT_RATE": 0.3406898927,
        "ARHR_ALL_HITS": 0.2048612478,
        "NOVELTY": 0.0044567948,
        "AVERAGE_POPULARITY": 0.1813959749,
        "DIVERSITY_MEAN_INTER_LIST": 0.9484603473,
        "DIVERSITY_HERFINDAHL": 0.9948437011,
        "COVERAGE_ITEM": 0.6149671522,
        "COVERAGE_ITEM_HIT": 0.0653282736,
        "ITEMS_IN_GT": 0.9931448158,
        "COVERAGE_USER": 0.9763386101,
        "COVERAGE_USER_HIT": 0.3326286963,
        "USERS_IN_GT": 0.9763386101,
        "DIVERSITY_GINI": 0.0513044111,
        "SHANNON_ENTROPY": 9.4785008014,
        "RATIO_DIVERSITY_HERFINDAHL": 0.9951717364,
        "RATIO_DIVERSITY_GINI": 0.1008518664,
        "RATIO_SHANNON_ENTROPY": 0.7024035146,
        "RATIO_AVERAGE_POPULARITY": 3.5682717319,
        "RATIO_NOVELTY": 0.2549805373
    }
]