{
    "alpha": 0.0037329683107433786,
    "beta": 0.4255138766841733,
    "topK": 332
}[
    {
        "PRECISION": 0.0464162063,
        "PRECISION_RECALL_MIN_DEN": 0.0790454851,
        "RECALL": 0.0741120776,
        "MAP": 0.0223018679,
        "MAP_MIN_DEN": 0.0372713428,
        "MRR": 0.1572703187,
        "NDCG": 0.0819098847,
        "F1": 0.0570820619,
        "HIT_RATE": 0.3251565378,
        "ARHR_ALL_HITS": 0.1859259844,
        "NOVELTY": 0.0038235948,
        "AVERAGE_POPULARITY": 0.3489260982,
        "DIVERSITY_MEAN_INTER_LIST": 0.7545374935,
        "DIVERSITY_HERFINDAHL": 0.9754518966,
        "COVERAGE_ITEM": 0.0561064186,
        "COVERAGE_ITEM_HIT": 0.0320316644,
        "ITEMS_IN_GT": 0.9928591831,
        "COVERAGE_USER": 0.9782843691,
        "COVERAGE_USER_HIT": 0.3180955584,
        "USERS_IN_GT": 0.9782843691,
        "DIVERSITY_GINI": 0.0049823351,
        "SHANNON_ENTROPY": 6.8027822415,
        "RATIO_DIVERSITY_HERFINDAHL": 0.9757738064,
        "RATIO_DIVERSITY_GINI": 0.009793954,
        "RATIO_SHANNON_ENTROPY": 0.5041245037,
        "RATIO_AVERAGE_POPULARITY": 6.8960219537,
        "RATIO_NOVELTY": 0.2187562479
    }
]