{
    "CombinedItemKNNCFG0": [
        0.004566636573669606
    ],
    "RP3betaG0": [
        0.005726669606627678
    ],
    "RP3beta_ItemKNNCF_Hybrid": [
        0.005361809351849546
    ]
}