{
    "CombinedItemKNNCFG0": [
        0.0043964253530836
    ],
    "RP3betaG0": [
        0.005250781746377815
    ],
    "RP3beta_ItemKNNCF_Hybrid": [
        0.005263855840292577
    ]
}