{
    "topK": 987,
    "shrink": 176.39166735859573,
    "similarity": "rp3beta",
    "normalization": "tfidf"
}[
    {
        "PRECISION": 0.0116228262,
        "PRECISION_RECALL_MIN_DEN": 0.0401807302,
        "RECALL": 0.0401807302,
        "MAP": 0.0054117857,
        "MAP_MIN_DEN": 0.0183936212,
        "MRR": 0.0504471785,
        "NDCG": 0.0350571196,
        "F1": 0.0180301769,
        "HIT_RATE": 0.1081884121,
        "ARHR_ALL_HITS": 0.0522479952,
        "NOVELTY": 0.0036623007,
        "AVERAGE_POPULARITY": 0.4200976797,
        "DIVERSITY_MEAN_INTER_LIST": 0.5943597277,
        "DIVERSITY_HERFINDAHL": 0.9594307787,
        "COVERAGE_ITEM": 0.0453339862,
        "COVERAGE_ITEM_HIT": 0.0094258783,
        "ITEMS_IN_GT": 0.9925327457,
        "COVERAGE_USER": 0.9389513416,
        "COVERAGE_USER_HIT": 0.1015836547,
        "USERS_IN_GT": 0.9389513416,
        "DIVERSITY_GINI": 0.0027848294,
        "SHANNON_ENTROPY": 5.7828486184,
        "RATIO_DIVERSITY_HERFINDAHL": 0.9597469423,
        "RATIO_DIVERSITY_GINI": 0.0054744631,
        "RATIO_SHANNON_ENTROPY": 0.4285292398,
        "RATIO_AVERAGE_POPULARITY": 8.2438048169,
        "RATIO_NOVELTY": 0.2095221799
    }
]