{
    "topK": 2141,
    "shrink": 104.02829594903938,
    "similarity": "rp3beta",
    "normalization": "tfidf"
}[
    {
        "PRECISION": 0.0127318866,
        "PRECISION_RECALL_MIN_DEN": 0.0442782556,
        "RECALL": 0.0442782556,
        "MAP": 0.0059243657,
        "MAP_MIN_DEN": 0.0203786641,
        "MRR": 0.0547320422,
        "NDCG": 0.0390002989,
        "F1": 0.0197770329,
        "HIT_RATE": 0.1175183759,
        "ARHR_ALL_HITS": 0.0569156583,
        "NOVELTY": 0.003725814,
        "AVERAGE_POPULARITY": 0.3961604156,
        "DIVERSITY_MEAN_INTER_LIST": 0.6478086031,
        "DIVERSITY_HERFINDAHL": 0.9647751917,
        "COVERAGE_ITEM": 0.0616150488,
        "COVERAGE_ITEM_HIT": 0.0111396744,
        "ITEMS_IN_GT": 0.9923287224,
        "COVERAGE_USER": 0.9377205219,
        "COVERAGE_USER_HIT": 0.1101993928,
        "USERS_IN_GT": 0.9377205219,
        "DIVERSITY_GINI": 0.0040631393,
        "SHANNON_ENTROPY": 6.1653115443,
        "RATIO_DIVERSITY_HERFINDAHL": 0.9650940295,
        "RATIO_DIVERSITY_GINI": 0.0079937019,
        "RATIO_SHANNON_ENTROPY": 0.4569023255,
        "RATIO_AVERAGE_POPULARITY": 7.8240706902,
        "RATIO_NOVELTY": 0.2131703865
    }
]