{
    "alpha": 0.7246848920847219,
    "beta": 0.1853251871104266,
    "topK": 256
}[
    {
        "PRECISION": 0.0114922514,
        "PRECISION_RECALL_MIN_DEN": 0.040066133,
        "RECALL": 0.040066133,
        "MAP": 0.0054915059,
        "MAP_MIN_DEN": 0.0184519129,
        "MRR": 0.0500309556,
        "NDCG": 0.0367106595,
        "F1": 0.0178613073,
        "HIT_RATE": 0.1047362006,
        "ARHR_ALL_HITS": 0.0523795359,
        "NOVELTY": 0.0042818767,
        "AVERAGE_POPULARITY": 0.2447641325,
        "DIVERSITY_MEAN_INTER_LIST": 0.8900475671,
        "DIVERSITY_HERFINDAHL": 0.9889970077,
        "COVERAGE_ITEM": 0.3655690211,
        "COVERAGE_ITEM_HIT": 0.0141184151,
        "ITEMS_IN_GT": 0.9927367691,
        "COVERAGE_USER": 0.9424796915,
        "COVERAGE_USER_HIT": 0.098711742,
        "USERS_IN_GT": 0.9424796915,
        "DIVERSITY_GINI": 0.043313131,
        "SHANNON_ENTROPY": 8.7670315327,
        "RATIO_DIVERSITY_HERFINDAHL": 0.9893230177,
        "RATIO_DIVERSITY_GINI": 0.0851607755,
        "RATIO_SHANNON_ENTROPY": 0.6496609165,
        "RATIO_AVERAGE_POPULARITY": 4.8443554564,
        "RATIO_NOVELTY": 0.2449659338
    }
]