{
    "alpha": 0.7082281295321625,
    "beta": 0.18883579641235262,
    "topK": 377
}[
    {
        "PRECISION": 0.0114907375,
        "PRECISION_RECALL_MIN_DEN": 0.0396452636,
        "RECALL": 0.0396452636,
        "MAP": 0.0051511987,
        "MAP_MIN_DEN": 0.0177266249,
        "MRR": 0.0476785159,
        "NDCG": 0.0351156784,
        "F1": 0.0178173227,
        "HIT_RATE": 0.1064313177,
        "ARHR_ALL_HITS": 0.0495606626,
        "NOVELTY": 0.0041847721,
        "AVERAGE_POPULARITY": 0.2684224069,
        "DIVERSITY_MEAN_INTER_LIST": 0.8592501432,
        "DIVERSITY_HERFINDAHL": 0.985917506,
        "COVERAGE_ITEM": 0.3277022891,
        "COVERAGE_ITEM_HIT": 0.0133431265,
        "ITEMS_IN_GT": 0.9932264251,
        "COVERAGE_USER": 0.9390333962,
        "COVERAGE_USER_HIT": 0.0999425617,
        "USERS_IN_GT": 0.9390333962,
        "DIVERSITY_GINI": 0.0345891685,
        "SHANNON_ENTROPY": 8.3563801477,
        "RATIO_DIVERSITY_HERFINDAHL": 0.9862434427,
        "RATIO_DIVERSITY_GINI": 0.0679670957,
        "RATIO_SHANNON_ENTROPY": 0.6192313511,
        "RATIO_AVERAGE_POPULARITY": 5.3349080146,
        "RATIO_NOVELTY": 0.2394109032
    }
]