{
    "oldRP3": [
        0.06904333955804565
    ],
    "lastRP3": [
        0.07016057261479036
    ]
}