{
    "oldSlim": [
        0.07466125968207024
    ],
    "lastSlim74": [
        0.07455030859303903
    ],
    "lastMulti739": [
        0.07476199284745394
    ]
}