{
    "topK": 477,
    "shrink": 19,
    "similarity": "rp3beta",
    "normalization": "tfidf"
}[
    {
        "PRECISION": 0.1178135405,
        "PRECISION_RECALL_MIN_DEN": 0.1272538156,
        "RECALL": 0.0941216809,
        "MAP": 0.0576131532,
        "MAP_MIN_DEN": 0.0620754357,
        "MRR": 0.3296821139,
        "NDCG": 0.1242581269,
        "F1": 0.1046433754,
        "HIT_RATE": 0.6596374399,
        "ARHR_ALL_HITS": 0.4327289931,
        "NOVELTY": 0.004055343,
        "AVERAGE_POPULARITY": 0.265565845,
        "DIVERSITY_MEAN_INTER_LIST": 0.8617810409,
        "DIVERSITY_HERFINDAHL": 0.9861621629,
        "COVERAGE_ITEM": 0.0400293794,
        "COVERAGE_ITEM_HIT": 0.0240339495,
        "ITEMS_IN_GT": 0.9931448158,
        "COVERAGE_USER": 1.0,
        "COVERAGE_USER_HIT": 0.6596374399,
        "USERS_IN_GT": 1.0,
        "DIVERSITY_GINI": 0.0055464384,
        "SHANNON_ENTROPY": 7.2262989499,
        "RATIO_DIVERSITY_HERFINDAHL": 0.9864873355,
        "RATIO_DIVERSITY_GINI": 0.0109029351,
        "RATIO_SHANNON_ENTROPY": 0.5355042835,
        "RATIO_AVERAGE_POPULARITY": 5.2239918681,
        "RATIO_NOVELTY": 0.2320128184
    }
]