{
    "topK": 461,
    "shrink": 10,
    "similarity": "rp3beta",
    "normalization": "tfidf"
}[
    {
        "PRECISION": 0.1189049205,
        "PRECISION_RECALL_MIN_DEN": 0.1284436311,
        "RECALL": 0.0951334379,
        "MAP": 0.0586841634,
        "MAP_MIN_DEN": 0.0631899143,
        "MRR": 0.3350944571,
        "NDCG": 0.1258878839,
        "F1": 0.1056991275,
        "HIT_RATE": 0.662227155,
        "ARHR_ALL_HITS": 0.4402688958,
        "NOVELTY": 0.0040979566,
        "AVERAGE_POPULARITY": 0.2544988621,
        "DIVERSITY_MEAN_INTER_LIST": 0.8726758872,
        "DIVERSITY_HERFINDAHL": 0.987251446,
        "COVERAGE_ITEM": 0.0444362835,
        "COVERAGE_ITEM_HIT": 0.0259109642,
        "ITEMS_IN_GT": 0.9931448158,
        "COVERAGE_USER": 1.0,
        "COVERAGE_USER_HIT": 0.662227155,
        "USERS_IN_GT": 1.0,
        "DIVERSITY_GINI": 0.0062158039,
        "SHANNON_ENTROPY": 7.3722366429,
        "RATIO_DIVERSITY_HERFINDAHL": 0.9875769778,
        "RATIO_DIVERSITY_GINI": 0.0122187432,
        "RATIO_SHANNON_ENTROPY": 0.5463189841,
        "RATIO_AVERAGE_POPULARITY": 5.0062913242,
        "RATIO_NOVELTY": 0.2344508149
    }
]