{
    "topK": 469,
    "shrink": 17,
    "similarity": "rp3beta",
    "normalization": "tfidf"
}[
    {
        "PRECISION": 0.1180170181,
        "PRECISION_RECALL_MIN_DEN": 0.1274912795,
        "RECALL": 0.0943788952,
        "MAP": 0.0577767648,
        "MAP_MIN_DEN": 0.062268094,
        "MRR": 0.330739948,
        "NDCG": 0.1246075423,
        "F1": 0.1048825809,
        "HIT_RATE": 0.6613022568,
        "ARHR_ALL_HITS": 0.4340601859,
        "NOVELTY": 0.0040641718,
        "AVERAGE_POPULARITY": 0.2632126107,
        "DIVERSITY_MEAN_INTER_LIST": 0.8640988137,
        "DIVERSITY_HERFINDAHL": 0.9863938973,
        "COVERAGE_ITEM": 0.0408046681,
        "COVERAGE_ITEM_HIT": 0.0242379728,
        "ITEMS_IN_GT": 0.9931448158,
        "COVERAGE_USER": 1.0,
        "COVERAGE_USER_HIT": 0.6613022568,
        "USERS_IN_GT": 1.0,
        "DIVERSITY_GINI": 0.0056708717,
        "SHANNON_ENTROPY": 7.2548864478,
        "RATIO_DIVERSITY_HERFINDAHL": 0.9867191463,
        "RATIO_DIVERSITY_GINI": 0.0111475404,
        "RATIO_SHANNON_ENTROPY": 0.5376227577,
        "RATIO_AVERAGE_POPULARITY": 5.1777009877,
        "RATIO_NOVELTY": 0.2325179297
    }
]