{
    "topK": 1412,
    "shrink": 188,
    "similarity": "jaccard",
    "normalization": "bm25"
}[
    {
        "PRECISION": 0.1240658528,
        "PRECISION_RECALL_MIN_DEN": 0.1344027653,
        "RECALL": 0.0997999816,
        "MAP": 0.0614001492,
        "MAP_MIN_DEN": 0.0662479595,
        "MRR": 0.3438837065,
        "NDCG": 0.130672554,
        "F1": 0.1106177712,
        "HIT_RATE": 0.6807251202,
        "ARHR_ALL_HITS": 0.4564717187,
        "NOVELTY": 0.0042803029,
        "AVERAGE_POPULARITY": 0.2040792848,
        "DIVERSITY_MEAN_INTER_LIST": 0.9119707606,
        "DIVERSITY_HERFINDAHL": 0.9911802065,
        "COVERAGE_ITEM": 0.0531276778,
        "COVERAGE_ITEM_HIT": 0.0316644224,
        "ITEMS_IN_GT": 0.9931448158,
        "COVERAGE_USER": 1.0,
        "COVERAGE_USER_HIT": 0.6807251202,
        "USERS_IN_GT": 1.0,
        "DIVERSITY_GINI": 0.0087118955,
        "SHANNON_ENTROPY": 7.9088145993,
        "RATIO_DIVERSITY_HERFINDAHL": 0.9915070337,
        "RATIO_DIVERSITY_GINI": 0.017125446,
        "RATIO_SHANNON_ENTROPY": 0.586082049,
        "RATIO_AVERAGE_POPULARITY": 4.0144790621,
        "RATIO_NOVELTY": 0.244883143
    }
]