{
    "topK": 1819,
    "shrink": 133,
    "similarity": "jaccard",
    "normalization": "bm25"
}[
    {
        "PRECISION": 0.1236403996,
        "PRECISION_RECALL_MIN_DEN": 0.1339655674,
        "RECALL": 0.0995314982,
        "MAP": 0.0612488916,
        "MAP_MIN_DEN": 0.0660750883,
        "MRR": 0.3425729936,
        "NDCG": 0.1303464317,
        "F1": 0.110283726,
        "HIT_RATE": 0.6761006289,
        "ARHR_ALL_HITS": 0.4551235693,
        "NOVELTY": 0.004269231,
        "AVERAGE_POPULARITY": 0.2075373773,
        "DIVERSITY_MEAN_INTER_LIST": 0.9094093211,
        "DIVERSITY_HERFINDAHL": 0.9909241099,
        "COVERAGE_ITEM": 0.0516995144,
        "COVERAGE_ITEM_HIT": 0.0312155711,
        "ITEMS_IN_GT": 0.9931448158,
        "COVERAGE_USER": 1.0,
        "COVERAGE_USER_HIT": 0.6761006289,
        "USERS_IN_GT": 1.0,
        "DIVERSITY_GINI": 0.0085145799,
        "SHANNON_ENTROPY": 7.8732102091,
        "RATIO_DIVERSITY_HERFINDAHL": 0.9912508527,
        "RATIO_DIVERSITY_GINI": 0.016737572,
        "RATIO_SHANNON_ENTROPY": 0.5834435886,
        "RATIO_AVERAGE_POPULARITY": 4.0825037998,
        "RATIO_NOVELTY": 0.2442497045
    }
]