{
    "topK": 322,
    "shrink": 12,
    "similarity": "rp3beta",
    "normalization": "tfidf"
}[
    {
        "PRECISION": 0.1186829449,
        "PRECISION_RECALL_MIN_DEN": 0.1281474435,
        "RECALL": 0.0947649074,
        "MAP": 0.0583605151,
        "MAP_MIN_DEN": 0.0629073688,
        "MRR": 0.3337106331,
        "NDCG": 0.1252072607,
        "F1": 0.1053838505,
        "HIT_RATE": 0.6613022568,
        "ARHR_ALL_HITS": 0.4382431484,
        "NOVELTY": 0.0040962606,
        "AVERAGE_POPULARITY": 0.2543289324,
        "DIVERSITY_MEAN_INTER_LIST": 0.8727724326,
        "DIVERSITY_HERFINDAHL": 0.9872610987,
        "COVERAGE_ITEM": 0.0436201901,
        "COVERAGE_ITEM_HIT": 0.0256661362,
        "ITEMS_IN_GT": 0.9931448158,
        "COVERAGE_USER": 1.0,
        "COVERAGE_USER_HIT": 0.6613022568,
        "USERS_IN_GT": 1.0,
        "DIVERSITY_GINI": 0.0061509508,
        "SHANNON_ENTROPY": 7.3645248427,
        "RATIO_DIVERSITY_HERFINDAHL": 0.9875866337,
        "RATIO_DIVERSITY_GINI": 0.012091258,
        "RATIO_SHANNON_ENTROPY": 0.5457475018,
        "RATIO_AVERAGE_POPULARITY": 5.0029486072,
        "RATIO_NOVELTY": 0.2343537806
    }
]