{
    "topK": 298,
    "alpha": 0.041853285688557666,
    "l1_ratio": 0.01653973129200162
}[
    {
        "PRECISION": 0.1447095819,
        "PRECISION_RECALL_MIN_DEN": 0.1567382509,
        "RECALL": 0.1158825024,
        "MAP": 0.0737974561,
        "MAP_MIN_DEN": 0.0793633483,
        "MRR": 0.3934390947,
        "NDCG": 0.1585233045,
        "F1": 0.1287015952,
        "HIT_RATE": 0.7432482427,
        "ARHR_ALL_HITS": 0.5359371422,
        "NOVELTY": 0.0043755234,
        "AVERAGE_POPULARITY": 0.1614281883,
        "DIVERSITY_MEAN_INTER_LIST": 0.958956352,
        "DIVERSITY_HERFINDAHL": 0.9958778965,
        "COVERAGE_ITEM": 0.0734075978,
        "COVERAGE_ITEM_HIT": 0.0438650182,
        "ITEMS_IN_GT": 0.9931448158,
        "COVERAGE_USER": 1.0,
        "COVERAGE_USER_HIT": 0.7432482427,
        "USERS_IN_GT": 1.0,
        "DIVERSITY_GINI": 0.016085208,
        "SHANNON_ENTROPY": 8.8917985474,
        "RATIO_DIVERSITY_HERFINDAHL": 0.9962062727,
        "RATIO_DIVERSITY_GINI": 0.0316195667,
        "RATIO_SHANNON_ENTROPY": 0.6589259928,
        "RATIO_AVERAGE_POPULARITY": 3.1754819335,
        "RATIO_NOVELTY": 0.250330864
    }
]