{
    "alpha": 0.8476487776384586,
    "beta": 0.1505476499435428
}[
    {
        "PRECISION": 0.1398631151,
        "PRECISION_RECALL_MIN_DEN": 0.1513205492,
        "RECALL": 0.1120318866,
        "MAP": 0.0705372117,
        "MAP_MIN_DEN": 0.075899417,
        "MRR": 0.3766326656,
        "NDCG": 0.1511476563,
        "F1": 0.1244100005,
        "HIT_RATE": 0.7204957455,
        "ARHR_ALL_HITS": 0.5124185209,
        "NOVELTY": 0.0043623679,
        "AVERAGE_POPULARITY": 0.1762884381,
        "DIVERSITY_MEAN_INTER_LIST": 0.9473755922,
        "DIVERSITY_HERFINDAHL": 0.9947200347,
        "COVERAGE_ITEM": 0.0721834578,
        "COVERAGE_ITEM_HIT": 0.0427632921,
        "ITEMS_IN_GT": 0.9931448158,
        "COVERAGE_USER": 1.0,
        "COVERAGE_USER_HIT": 0.7204957455,
        "USERS_IN_GT": 1.0,
        "DIVERSITY_GINI": 0.0147260106,
        "SHANNON_ENTROPY": 8.6779695804,
        "RATIO_DIVERSITY_HERFINDAHL": 0.9950480291,
        "RATIO_DIVERSITY_GINI": 0.0289477186,
        "RATIO_SHANNON_ENTROPY": 0.643080215,
        "RATIO_AVERAGE_POPULARITY": 3.4678004882,
        "RATIO_NOVELTY": 0.2495782164
    }
]