{
    "alpha": 0.4048316588277576,
    "beta": 0.28874509885109073,
    "topK": 72
}[
    {
        "PRECISION": 0.138309286,
        "PRECISION_RECALL_MIN_DEN": 0.1499302656,
        "RECALL": 0.1112524547,
        "MAP": 0.0693662465,
        "MAP_MIN_DEN": 0.0746337565,
        "MRR": 0.3707518542,
        "NDCG": 0.149446876,
        "F1": 0.1233141549,
        "HIT_RATE": 0.71809101,
        "ARHR_ALL_HITS": 0.5041381123,
        "NOVELTY": 0.0044244058,
        "AVERAGE_POPULARITY": 0.1614774231,
        "DIVERSITY_MEAN_INTER_LIST": 0.9552291061,
        "DIVERSITY_HERFINDAHL": 0.9955052408,
        "COVERAGE_ITEM": 0.0809564614,
        "COVERAGE_ITEM_HIT": 0.0450891582,
        "ITEMS_IN_GT": 0.9931448158,
        "COVERAGE_USER": 1.0,
        "COVERAGE_USER_HIT": 0.71809101,
        "USERS_IN_GT": 1.0,
        "DIVERSITY_GINI": 0.0166796321,
        "SHANNON_ENTROPY": 8.8708539176,
        "RATIO_DIVERSITY_HERFINDAHL": 0.9958334942,
        "RATIO_DIVERSITY_GINI": 0.0327880585,
        "RATIO_SHANNON_ENTROPY": 0.6573738928,
        "RATIO_AVERAGE_POPULARITY": 3.1764504402,
        "RATIO_NOVELTY": 0.2531275071
    }
]