{
    "alpha": 0.18695880357125239,
    "beta": 0.023313251716728045
}[
    {
        "PRECISION": 0.1398446171,
        "PRECISION_RECALL_MIN_DEN": 0.1512994821,
        "RECALL": 0.1118995451,
        "MAP": 0.070646313,
        "MAP_MIN_DEN": 0.0760008624,
        "MRR": 0.3772882423,
        "NDCG": 0.1512218768,
        "F1": 0.124321048,
        "HIT_RATE": 0.7199408065,
        "ARHR_ALL_HITS": 0.5133795342,
        "NOVELTY": 0.0043885874,
        "AVERAGE_POPULARITY": 0.1697077368,
        "DIVERSITY_MEAN_INTER_LIST": 0.9514630984,
        "DIVERSITY_HERFINDAHL": 0.9951287097,
        "COVERAGE_ITEM": 0.0746317379,
        "COVERAGE_ITEM_HIT": 0.0441506508,
        "ITEMS_IN_GT": 0.9931448158,
        "COVERAGE_USER": 1.0,
        "COVERAGE_USER_HIT": 0.7199408065,
        "USERS_IN_GT": 1.0,
        "DIVERSITY_GINI": 0.0156750556,
        "SHANNON_ENTROPY": 8.7802013808,
        "RATIO_DIVERSITY_HERFINDAHL": 0.9954568389,
        "RATIO_DIVERSITY_GINI": 0.0308133078,
        "RATIO_SHANNON_ENTROPY": 0.6506560941,
        "RATIO_AVERAGE_POPULARITY": 3.3383503693,
        "RATIO_NOVELTY": 0.2510782796
    }
]