{
    "alpha": 0.6078606485515248,
    "beta": 0.32571505237450094,
    "topK": 52
}[
    {
        "PRECISION": 0.1393081761,
        "PRECISION_RECALL_MIN_DEN": 0.1508569256,
        "RECALL": 0.1115607327,
        "MAP": 0.0701605726,
        "MAP_MIN_DEN": 0.0754490123,
        "MRR": 0.3755031153,
        "NDCG": 0.1503497342,
        "F1": 0.1238999466,
        "HIT_RATE": 0.7206807251,
        "ARHR_ALL_HITS": 0.5103808085,
        "NOVELTY": 0.0044702997,
        "AVERAGE_POPULARITY": 0.1505671155,
        "DIVERSITY_MEAN_INTER_LIST": 0.9620901571,
        "DIVERSITY_HERFINDAHL": 0.996191219,
        "COVERAGE_ITEM": 0.0818949688,
        "COVERAGE_ITEM_HIT": 0.0474558289,
        "ITEMS_IN_GT": 0.9931448158,
        "COVERAGE_USER": 1.0,
        "COVERAGE_USER_HIT": 0.7206807251,
        "USERS_IN_GT": 1.0,
        "DIVERSITY_GINI": 0.0187130754,
        "SHANNON_ENTROPY": 9.0767099969,
        "RATIO_DIVERSITY_HERFINDAHL": 0.9965196985,
        "RATIO_DIVERSITY_GINI": 0.0367853083,
        "RATIO_SHANNON_ENTROPY": 0.6726288405,
        "RATIO_AVERAGE_POPULARITY": 2.9618318842,
        "RATIO_NOVELTY": 0.2557531756
    }
]