{
    "alpha": 0.8476487776384586,
    "beta": 0.1505476499435428
}[
    {
        "PRECISION": 0.1387902331,
        "PRECISION_RECALL_MIN_DEN": 0.1501136304,
        "RECALL": 0.1111301287,
        "MAP": 0.07041122,
        "MAP_MIN_DEN": 0.0757626581,
        "MRR": 0.3777404148,
        "NDCG": 0.1501995362,
        "F1": 0.1234295306,
        "HIT_RATE": 0.7177210507,
        "ARHR_ALL_HITS": 0.5124735743,
        "NOVELTY": 0.0043921164,
        "AVERAGE_POPULARITY": 0.1698433754,
        "DIVERSITY_MEAN_INTER_LIST": 0.9492125411,
        "DIVERSITY_HERFINDAHL": 0.9949036956,
        "COVERAGE_ITEM": 0.0701432244,
        "COVERAGE_ITEM_HIT": 0.0423552454,
        "ITEMS_IN_GT": 0.9931448158,
        "COVERAGE_USER": 1.0,
        "COVERAGE_USER_HIT": 0.7177210507,
        "USERS_IN_GT": 1.0,
        "DIVERSITY_GINI": 0.014603896,
        "SHANNON_ENTROPY": 8.6909331215,
        "RATIO_DIVERSITY_HERFINDAHL": 0.9952317506,
        "RATIO_DIVERSITY_GINI": 0.0287076712,
        "RATIO_SHANNON_ENTROPY": 0.6440408771,
        "RATIO_AVERAGE_POPULARITY": 3.3410185411,
        "RATIO_NOVELTY": 0.2512801797
    }
]