{
    "alpha": 0.4083878708513132,
    "beta": 0.28911313042059544,
    "topK": 71
}[
    {
        "PRECISION": 0.1385867555,
        "PRECISION_RECALL_MIN_DEN": 0.1502744599,
        "RECALL": 0.1114760621,
        "MAP": 0.0695600053,
        "MAP_MIN_DEN": 0.0748655424,
        "MRR": 0.3709240614,
        "NDCG": 0.1498475545,
        "F1": 0.1235617987,
        "HIT_RATE": 0.7192008879,
        "ARHR_ALL_HITS": 0.504984908,
        "NOVELTY": 0.0044275606,
        "AVERAGE_POPULARITY": 0.1610032567,
        "DIVERSITY_MEAN_INTER_LIST": 0.9555453546,
        "DIVERSITY_HERFINDAHL": 0.9955368598,
        "COVERAGE_ITEM": 0.0809972661,
        "COVERAGE_ITEM_HIT": 0.0451299629,
        "ITEMS_IN_GT": 0.9931448158,
        "COVERAGE_USER": 1.0,
        "COVERAGE_USER_HIT": 0.7192008879,
        "USERS_IN_GT": 1.0,
        "DIVERSITY_GINI": 0.0168224306,
        "SHANNON_ENTROPY": 8.8831349504,
        "RATIO_DIVERSITY_HERFINDAHL": 0.9958651236,
        "RATIO_DIVERSITY_GINI": 0.0330687651,
        "RATIO_SHANNON_ENTROPY": 0.6582839777,
        "RATIO_AVERAGE_POPULARITY": 3.16712303,
        "RATIO_NOVELTY": 0.2533080016
    }
]