{
    "alpha": 0.45840765706804887,
    "beta": 0.3212960987772031,
    "topK": 49
}[
    {
        "PRECISION": 0.1383832778,
        "PRECISION_RECALL_MIN_DEN": 0.1498821856,
        "RECALL": 0.1109552087,
        "MAP": 0.0700121558,
        "MAP_MIN_DEN": 0.0752851579,
        "MRR": 0.3781199901,
        "NDCG": 0.1501419651,
        "F1": 0.1231606535,
        "HIT_RATE": 0.7229004809,
        "ARHR_ALL_HITS": 0.5117914986,
        "NOVELTY": 0.0045067155,
        "AVERAGE_POPULARITY": 0.1455704539,
        "DIVERSITY_MEAN_INTER_LIST": 0.9634304981,
        "DIVERSITY_HERFINDAHL": 0.9963252283,
        "COVERAGE_ITEM": 0.0914432611,
        "COVERAGE_ITEM_HIT": 0.0498633044,
        "ITEMS_IN_GT": 0.9931448158,
        "COVERAGE_USER": 1.0,
        "COVERAGE_USER_HIT": 0.7229004809,
        "USERS_IN_GT": 1.0,
        "DIVERSITY_GINI": 0.020649464,
        "SHANNON_ENTROPY": 9.1871789071,
        "RATIO_DIVERSITY_HERFINDAHL": 0.996653752,
        "RATIO_DIVERSITY_GINI": 0.0405917724,
        "RATIO_SHANNON_ENTROPY": 0.6808151299,
        "RATIO_AVERAGE_POPULARITY": 2.863541686,
        "RATIO_NOVELTY": 0.2578365834
    }
]