{
    "topK": 298,
    "alpha": 0.027914305033197785,
    "l1_ratio": 0.05465237807573662
}[
    {
        "PRECISION": 0.1462449131,
        "PRECISION_RECALL_MIN_DEN": 0.1584120965,
        "RECALL": 0.117500832,
        "MAP": 0.074554889,
        "MAP_MIN_DEN": 0.0802669011,
        "MRR": 0.3969642784,
        "NDCG": 0.1609902438,
        "F1": 0.1303065492,
        "HIT_RATE": 0.7524972253,
        "ARHR_ALL_HITS": 0.5412829807,
        "NOVELTY": 0.0043336709,
        "AVERAGE_POPULARITY": 0.1716318736,
        "DIVERSITY_MEAN_INTER_LIST": 0.9546711349,
        "DIVERSITY_HERFINDAHL": 0.995449454,
        "COVERAGE_ITEM": 0.0693679357,
        "COVERAGE_ITEM_HIT": 0.0421104174,
        "ITEMS_IN_GT": 0.9931448158,
        "COVERAGE_USER": 1.0,
        "COVERAGE_USER_HIT": 0.7524972253,
        "USERS_IN_GT": 1.0,
        "DIVERSITY_GINI": 0.0149823012,
        "SHANNON_ENTROPY": 8.7735768166,
        "RATIO_DIVERSITY_HERFINDAHL": 0.995777689,
        "RATIO_DIVERSITY_GINI": 0.0294515229,
        "RATIO_SHANNON_ENTROPY": 0.6501651813,
        "RATIO_AVERAGE_POPULARITY": 3.3762004001,
        "RATIO_NOVELTY": 0.247936416
    }
]