{
    "alpha": 0.802484696581555,
    "beta": 0.2602584714512567
}[
    {
        "PRECISION": 0.1453570107,
        "PRECISION_RECALL_MIN_DEN": 0.1572965664,
        "RECALL": 0.1165394651,
        "MAP": 0.0735786736,
        "MAP_MIN_DEN": 0.0791839092,
        "MRR": 0.3868521308,
        "NDCG": 0.1571811184,
        "F1": 0.1293627814,
        "HIT_RATE": 0.7384387717,
        "ARHR_ALL_HITS": 0.5302506327,
        "NOVELTY": 0.0043628698,
        "AVERAGE_POPULARITY": 0.1733659927,
        "DIVERSITY_MEAN_INTER_LIST": 0.9506200224,
        "DIVERSITY_HERFINDAHL": 0.9950444177,
        "COVERAGE_ITEM": 0.0721018485,
        "COVERAGE_ITEM_HIT": 0.0437017995,
        "ITEMS_IN_GT": 0.9931448158,
        "COVERAGE_USER": 1.0,
        "COVERAGE_USER_HIT": 0.7384387717,
        "USERS_IN_GT": 1.0,
        "DIVERSITY_GINI": 0.0151926759,
        "SHANNON_ENTROPY": 8.7423660544,
        "RATIO_DIVERSITY_HERFINDAHL": 0.9953725191,
        "RATIO_DIVERSITY_GINI": 0.0298650679,
        "RATIO_SHANNON_ENTROPY": 0.6478523104,
        "RATIO_AVERAGE_POPULARITY": 3.410312557,
        "RATIO_NOVELTY": 0.249606933
    }
]