{
    "alpha": 0.4619329333029013,
    "beta": 0.6555845592232048
}[
    {
        "PRECISION": 0.1469293378,
        "PRECISION_RECALL_MIN_DEN": 0.1589941952,
        "RECALL": 0.1176618645,
        "MAP": 0.0750841878,
        "MAP_MIN_DEN": 0.080813122,
        "MRR": 0.3957450276,
        "NDCG": 0.160442637,
        "F1": 0.130676906,
        "HIT_RATE": 0.7495375509,
        "ARHR_ALL_HITS": 0.5422345982,
        "NOVELTY": 0.0043691913,
        "AVERAGE_POPULARITY": 0.1681140846,
        "DIVERSITY_MEAN_INTER_LIST": 0.9549092231,
        "DIVERSITY_HERFINDAHL": 0.9954732584,
        "COVERAGE_ITEM": 0.0727547231,
        "COVERAGE_ITEM_HIT": 0.0439466275,
        "ITEMS_IN_GT": 0.9931448158,
        "COVERAGE_USER": 1.0,
        "COVERAGE_USER_HIT": 0.7495375509,
        "USERS_IN_GT": 1.0,
        "DIVERSITY_GINI": 0.0157419737,
        "SHANNON_ENTROPY": 8.824556258,
        "RATIO_DIVERSITY_HERFINDAHL": 0.9958015012,
        "RATIO_DIVERSITY_GINI": 0.0309448524,
        "RATIO_SHANNON_ENTROPY": 0.6539430086,
        "RATIO_AVERAGE_POPULARITY": 3.3070013599,
        "RATIO_NOVELTY": 0.2499685954
    }
]