{
    "alpha": 0.9993706066558178,
    "beta": 0.3212292024097724
}[
    {
        "PRECISION": 0.1453015168,
        "PRECISION_RECALL_MIN_DEN": 0.1572431279,
        "RECALL": 0.1164993287,
        "MAP": 0.0735470215,
        "MAP_MIN_DEN": 0.0791527624,
        "MRR": 0.3867026056,
        "NDCG": 0.1571002103,
        "F1": 0.1293160771,
        "HIT_RATE": 0.7382537921,
        "ARHR_ALL_HITS": 0.5300413562,
        "NOVELTY": 0.0043628211,
        "AVERAGE_POPULARITY": 0.1734255554,
        "DIVERSITY_MEAN_INTER_LIST": 0.9505723212,
        "DIVERSITY_HERFINDAHL": 0.9950396485,
        "COVERAGE_ITEM": 0.0721834578,
        "COVERAGE_ITEM_HIT": 0.0437017995,
        "ITEMS_IN_GT": 0.9931448158,
        "COVERAGE_USER": 1.0,
        "COVERAGE_USER_HIT": 0.7382537921,
        "USERS_IN_GT": 1.0,
        "DIVERSITY_GINI": 0.0151893685,
        "SHANNON_ENTROPY": 8.7416116168,
        "RATIO_DIVERSITY_HERFINDAHL": 0.9953677483,
        "RATIO_DIVERSITY_GINI": 0.0298585663,
        "RATIO_SHANNON_ENTROPY": 0.6477964028,
        "RATIO_AVERAGE_POPULARITY": 3.4114842263,
        "RATIO_NOVELTY": 0.2496041466
    }
]