{
    "alpha": 0.5432232314277623,
    "beta": 0.7787958198874051
}[
    {
        "PRECISION": 0.1470033296,
        "PRECISION_RECALL_MIN_DEN": 0.1590940255,
        "RECALL": 0.1177369105,
        "MAP": 0.0750964317,
        "MAP_MIN_DEN": 0.0808336761,
        "MRR": 0.3957373935,
        "NDCG": 0.160506944,
        "F1": 0.1307524527,
        "HIT_RATE": 0.7497225305,
        "ARHR_ALL_HITS": 0.5422608771,
        "NOVELTY": 0.0043692741,
        "AVERAGE_POPULARITY": 0.1680701256,
        "DIVERSITY_MEAN_INTER_LIST": 0.9549523314,
        "DIVERSITY_HERFINDAHL": 0.9954775685,
        "COVERAGE_ITEM": 0.0728363325,
        "COVERAGE_ITEM_HIT": 0.0440690415,
        "ITEMS_IN_GT": 0.9931448158,
        "COVERAGE_USER": 1.0,
        "COVERAGE_USER_HIT": 0.7497225305,
        "USERS_IN_GT": 1.0,
        "DIVERSITY_GINI": 0.0157467756,
        "SHANNON_ENTROPY": 8.8254095098,
        "RATIO_DIVERSITY_HERFINDAHL": 0.9958058127,
        "RATIO_DIVERSITY_GINI": 0.0309542917,
        "RATIO_SHANNON_ENTROPY": 0.6540062387,
        "RATIO_AVERAGE_POPULARITY": 3.3061366363,
        "RATIO_NOVELTY": 0.249973331
    }
]