{
    "n_factors": 171,
    "regularization": 0.036268979348825274,
    "alpha_val": 21.411061579022103,
    "iterations": 44
}[
    {
        "PRECISION": 0.0427078293,
        "PRECISION_RECALL_MIN_DEN": 0.0584987765,
        "RECALL": 0.0512092366,
        "MAP": 0.0181773644,
        "MAP_MIN_DEN": 0.0246683785,
        "MRR": 0.1284930274,
        "NDCG": 0.0584215614,
        "F1": 0.0465737577,
        "HIT_RATE": 0.3017758637,
        "ARHR_ALL_HITS": 0.1519940543,
        "NOVELTY": 0.0043364042,
        "AVERAGE_POPULARITY": 0.1630954445,
        "DIVERSITY_MEAN_INTER_LIST": 0.965635562,
        "DIVERSITY_HERFINDAHL": 0.9965612199,
        "COVERAGE_ITEM": 0.1487738197,
        "COVERAGE_ITEM_HIT": 0.0581058473,
        "ITEMS_IN_GT": 0.9984086179,
        "COVERAGE_USER": 0.9928655505,
        "COVERAGE_USER_HIT": 0.2996228591,
        "USERS_IN_GT": 0.9928655505,
        "DIVERSITY_GINI": 0.0200303644,
        "SHANNON_ENTROPY": 9.2082406689,
        "RATIO_DIVERSITY_HERFINDAHL": 0.9968904127,
        "RATIO_DIVERSITY_GINI": 0.0394477557,
        "RATIO_SHANNON_ENTROPY": 0.6824284443,
        "RATIO_AVERAGE_POPULARITY": 3.2303555644,
        "RATIO_NOVELTY": 0.2636188854
    }
]