{
    "n_factors": 326,
    "regularization": 0.044493862889102787,
    "alpha_val": 11.733100872172635,
    "iterations": 65
}[
    {
        "PRECISION": 0.0352804474,
        "PRECISION_RECALL_MIN_DEN": 0.0461969643,
        "RECALL": 0.0393162188,
        "MAP": 0.0155284928,
        "MAP_MIN_DEN": 0.0200648287,
        "MRR": 0.1095690358,
        "NDCG": 0.0470433764,
        "F1": 0.037189163,
        "HIT_RATE": 0.2498729091,
        "ARHR_ALL_HITS": 0.1295512393,
        "NOVELTY": 0.0044267269,
        "AVERAGE_POPULARITY": 0.1393016356,
        "DIVERSITY_MEAN_INTER_LIST": 0.9753771626,
        "DIVERSITY_HERFINDAHL": 0.9975353551,
        "COVERAGE_ITEM": 0.1402048394,
        "COVERAGE_ITEM_HIT": 0.0626351655,
        "ITEMS_IN_GT": 0.9983270086,
        "COVERAGE_USER": 0.992313051,
        "COVERAGE_USER_HIT": 0.2479521487,
        "USERS_IN_GT": 0.992313051,
        "DIVERSITY_GINI": 0.0234854016,
        "SHANNON_ENTROPY": 9.5121799793,
        "RATIO_DIVERSITY_HERFINDAHL": 0.9978648289,
        "RATIO_DIVERSITY_GINI": 0.0462537426,
        "RATIO_SHANNON_ENTROPY": 0.7049299966,
        "RATIO_AVERAGE_POPULARITY": 2.7413699177,
        "RATIO_NOVELTY": 0.2691007847
    }
]