{
    "factors": 306,
    "alpha": 16,
    "iterations": 15,
    "regularization": 0.044750147268437075
}{
    "10": {
        "ROC_AUC": 0.14583155493155278,
        "PRECISION": 0.032484029484028634,
        "PRECISION_RECALL_MIN_DEN": 0.05285250185250053,
        "RECALL": 0.049254033721519375,
        "MAP": 0.022668158553575065,
        "MRR": 0.1050817440817447,
        "NDCG": 0.050474824689120436,
        "F1": 0.03914870063886166,
        "HIT_RATE": 0.32484029484029486,
        "ARHR": 0.12091110916110953,
        "NOVELTY": 0.0045423238793753495,
        "AVERAGE_POPULARITY": 0.11681868292942119,
        "DIVERSITY_MEAN_INTER_LIST": 0.9821648249662697,
        "DIVERSITY_HERFINDAHL": 0.9982140693152388,
        "COVERAGE_ITEM": 0.20961357979352838,
        "COVERAGE_ITEM_CORRECT": 0.06765413963357408,
        "COVERAGE_USER": 0.9776838261788657,
        "COVERAGE_USER_CORRECT": 0.23658987724903313,
        "DIVERSITY_GINI": 0.03185051343611814,
        "SHANNON_ENTROPY": 9.94692855371228
    }
}