recommender,topK,alpha,l1_ration,MAP
SLIMElasticNetRecommender,433,0.0017241229841903488,0.09906314534658353,0.01668653671942144
SLIMElasticNetRecommender,432,0.06825840116738507,0.008909281900302721,0.019135606718330447
SLIMElasticNetRecommender,299,0.008093325192325149,0.06690427476300624,0.018309649205914946
SLIMElasticNetRecommender,243,0.017104407203212282,0.003921198752633528,0.01813907443519806
SLIMElasticNetRecommender,427,0.05644639284799943,0.04482709031077809,0.018986813914031137
