{
    "topK": 976,
    "shrink": 50,
    "similarity": "rp3beta",
    "normalization": "bm25plus"
}[
    {
        "PRECISION": 0.0160840645,
        "PRECISION_RECALL_MIN_DEN": 0.0448072089,
        "RECALL": 0.0447953906,
        "MAP": 0.0076782148,
        "MAP_MIN_DEN": 0.0210518455,
        "MRR": 0.0669458091,
        "NDCG": 0.0378238192,
        "F1": 0.0236694613,
        "HIT_RATE": 0.1401075573,
        "ARHR_ALL_HITS": 0.0716317296,
        "NOVELTY": 0.0038154001,
        "AVERAGE_POPULARITY": 0.3751375122,
        "DIVERSITY_MEAN_INTER_LIST": 0.6935766352,
        "DIVERSITY_HERFINDAHL": 0.9693527557,
        "COVERAGE_ITEM": 0.1008283348,
        "COVERAGE_ITEM_HIT": 0.0145672665,
        "ITEMS_IN_GT": 0.9936752765,
        "COVERAGE_USER": 0.9579068664,
        "COVERAGE_USER_HIT": 0.1342099912,
        "USERS_IN_GT": 0.9579068664,
        "DIVERSITY_GINI": 0.0067774493,
        "SHANNON_ENTROPY": 6.6229014744,
        "RATIO_DIVERSITY_HERFINDAHL": 0.9696727127,
        "RATIO_DIVERSITY_GINI": 0.0133295098,
        "RATIO_SHANNON_ENTROPY": 0.4908206959,
        "RATIO_AVERAGE_POPULARITY": 7.3714734002,
        "RATIO_NOVELTY": 0.2182991418
    }
]