{
    "topK": 933,
    "shrink": 36,
    "similarity": "rp3beta",
    "normalization": "tfidf"
}[
    {
        "PRECISION": 0.0161972828,
        "PRECISION_RECALL_MIN_DEN": 0.0451658175,
        "RECALL": 0.0451539992,
        "MAP": 0.0077079121,
        "MAP_MIN_DEN": 0.0211856008,
        "MRR": 0.0669451633,
        "NDCG": 0.0380166125,
        "F1": 0.0238421128,
        "HIT_RATE": 0.1408151712,
        "ARHR_ALL_HITS": 0.0717768466,
        "NOVELTY": 0.0038106924,
        "AVERAGE_POPULARITY": 0.3767689209,
        "DIVERSITY_MEAN_INTER_LIST": 0.6912376705,
        "DIVERSITY_HERFINDAHL": 0.9691188758,
        "COVERAGE_ITEM": 0.1022564981,
        "COVERAGE_ITEM_HIT": 0.0144856572,
        "ITEMS_IN_GT": 0.9936752765,
        "COVERAGE_USER": 0.9579068664,
        "COVERAGE_USER_HIT": 0.1348878194,
        "USERS_IN_GT": 0.9579068664,
        "DIVERSITY_GINI": 0.0067591226,
        "SHANNON_ENTROPY": 6.6020585428,
        "RATIO_DIVERSITY_HERFINDAHL": 0.9694387556,
        "RATIO_DIVERSITY_GINI": 0.0132934659,
        "RATIO_SHANNON_ENTROPY": 0.4892760342,
        "RATIO_AVERAGE_POPULARITY": 7.4035306732,
        "RATIO_NOVELTY": 0.2180297886
    }
]