{
    "topK": 801,
    "shrink": 66,
    "similarity": "rp3beta",
    "normalization": "bm25plus"
}[
    {
        "PRECISION": 0.0141134499,
        "PRECISION_RECALL_MIN_DEN": 0.0446751213,
        "RECALL": 0.0446751213,
        "MAP": 0.0067551263,
        "MAP_MIN_DEN": 0.0209990633,
        "MRR": 0.0604372016,
        "NDCG": 0.0363296858,
        "F1": 0.0214504307,
        "HIT_RATE": 0.1262932572,
        "ARHR_ALL_HITS": 0.0638888889,
        "NOVELTY": 0.0037852663,
        "AVERAGE_POPULARITY": 0.3833287716,
        "DIVERSITY_MEAN_INTER_LIST": 0.6773144138,
        "DIVERSITY_HERFINDAHL": 0.9677266086,
        "COVERAGE_ITEM": 0.0905863631,
        "COVERAGE_ITEM_HIT": 0.0138327825,
        "ITEMS_IN_GT": 0.9936752765,
        "COVERAGE_USER": 0.948240866,
        "COVERAGE_USER_HIT": 0.1197564276,
        "USERS_IN_GT": 0.948240866,
        "DIVERSITY_GINI": 0.0058757105,
        "SHANNON_ENTROPY": 6.4706276317,
        "RATIO_DIVERSITY_HERFINDAHL": 0.9680460289,
        "RATIO_DIVERSITY_GINI": 0.0115560202,
        "RATIO_SHANNON_ENTROPY": 0.4795357396,
        "RATIO_AVERAGE_POPULARITY": 7.5324321112,
        "RATIO_NOVELTY": 0.2165750289
    }
]