{
    "topK": 851,
    "shrink": 69,
    "similarity": "rp3beta",
    "normalization": "bm25plus"
}[
    {
        "PRECISION": 0.0161679194,
        "PRECISION_RECALL_MIN_DEN": 0.0452033146,
        "RECALL": 0.045187628,
        "MAP": 0.0076243435,
        "MAP_MIN_DEN": 0.0214359875,
        "MRR": 0.0673469991,
        "NDCG": 0.0382290654,
        "F1": 0.0238149592,
        "HIT_RATE": 0.1432420933,
        "ARHR_ALL_HITS": 0.0716294886,
        "NOVELTY": 0.0037710656,
        "AVERAGE_POPULARITY": 0.3838461964,
        "DIVERSITY_MEAN_INTER_LIST": 0.6701262347,
        "DIVERSITY_HERFINDAHL": 0.9670078715,
        "COVERAGE_ITEM": 0.0830374995,
        "COVERAGE_ITEM_HIT": 0.0139143918,
        "ITEMS_IN_GT": 0.9935120578,
        "COVERAGE_USER": 0.9571709767,
        "COVERAGE_USER_HIT": 0.1371071744,
        "USERS_IN_GT": 0.9571709767,
        "DIVERSITY_GINI": 0.0053451645,
        "SHANNON_ENTROPY": 6.3994921612,
        "RATIO_DIVERSITY_HERFINDAHL": 0.9673278009,
        "RATIO_DIVERSITY_GINI": 0.0105171064,
        "RATIO_SHANNON_ENTROPY": 0.4742913192,
        "RATIO_AVERAGE_POPULARITY": 7.6031221524,
        "RATIO_NOVELTY": 0.2157749974
    }
]