{
    "topK": 980,
    "shrink": 50,
    "similarity": "rp3beta",
    "normalization": "bm25plus"
}[
    {
        "PRECISION": 0.0160699123,
        "PRECISION_RECALL_MIN_DEN": 0.0447712385,
        "RECALL": 0.0447594202,
        "MAP": 0.0076783075,
        "MAP_MIN_DEN": 0.0210456452,
        "MRR": 0.0669561706,
        "NDCG": 0.0378095475,
        "F1": 0.0236491155,
        "HIT_RATE": 0.1399660345,
        "ARHR_ALL_HITS": 0.0716373737,
        "NOVELTY": 0.003814896,
        "AVERAGE_POPULARITY": 0.3752656237,
        "DIVERSITY_MEAN_INTER_LIST": 0.6933564271,
        "DIVERSITY_HERFINDAHL": 0.9693307364,
        "COVERAGE_ITEM": 0.1006243114,
        "COVERAGE_ITEM_HIT": 0.0145264618,
        "ITEMS_IN_GT": 0.9936752765,
        "COVERAGE_USER": 0.9579068664,
        "COVERAGE_USER_HIT": 0.1340744255,
        "USERS_IN_GT": 0.9579068664,
        "DIVERSITY_GINI": 0.0067587842,
        "SHANNON_ENTROPY": 6.620324245,
        "RATIO_DIVERSITY_HERFINDAHL": 0.9696506862,
        "RATIO_DIVERSITY_GINI": 0.0132928004,
        "RATIO_SHANNON_ENTROPY": 0.4906296984,
        "RATIO_AVERAGE_POPULARITY": 7.3739907986,
        "RATIO_NOVELTY": 0.2182703005
    }
]