{
    "topK": 996,
    "shrink": 32,
    "similarity": "rp3beta",
    "normalization": "tfidf"
}[
    {
        "PRECISION": 0.0142447693,
        "PRECISION_RECALL_MIN_DEN": 0.0449179564,
        "RECALL": 0.0449160022,
        "MAP": 0.0067483577,
        "MAP_MIN_DEN": 0.0210926519,
        "MRR": 0.0602390961,
        "NDCG": 0.0364621529,
        "F1": 0.0216298088,
        "HIT_RATE": 0.1272570937,
        "ARHR_ALL_HITS": 0.0637134793,
        "NOVELTY": 0.0038245838,
        "AVERAGE_POPULARITY": 0.3730893968,
        "DIVERSITY_MEAN_INTER_LIST": 0.6984757315,
        "DIVERSITY_HERFINDAHL": 0.9698425683,
        "COVERAGE_ITEM": 0.1084996124,
        "COVERAGE_ITEM_HIT": 0.0141184151,
        "ITEMS_IN_GT": 0.9936752765,
        "COVERAGE_USER": 0.9475828354,
        "COVERAGE_USER_HIT": 0.1205866377,
        "USERS_IN_GT": 0.9475828354,
        "DIVERSITY_GINI": 0.0072920247,
        "SHANNON_ENTROPY": 6.6724610159,
        "RATIO_DIVERSITY_HERFINDAHL": 0.970162687,
        "RATIO_DIVERSITY_GINI": 0.0143415481,
        "RATIO_SHANNON_ENTROPY": 0.4944935345,
        "RATIO_AVERAGE_POPULARITY": 7.331227816,
        "RATIO_NOVELTY": 0.2188245865
    }
]