{
    "topK": 840,
    "shrink": 62,
    "similarity": "rp3beta",
    "normalization": "bm25plus"
}[
    {
        "PRECISION": 0.0160840645,
        "PRECISION_RECALL_MIN_DEN": 0.0448727755,
        "RECALL": 0.0448609572,
        "MAP": 0.0076224649,
        "MAP_MIN_DEN": 0.0209248236,
        "MRR": 0.0665015848,
        "NDCG": 0.0376876337,
        "F1": 0.0236786044,
        "HIT_RATE": 0.1401075573,
        "ARHR_ALL_HITS": 0.0711419035,
        "NOVELTY": 0.003792125,
        "AVERAGE_POPULARITY": 0.3815146345,
        "DIVERSITY_MEAN_INTER_LIST": 0.6808170096,
        "DIVERSITY_HERFINDAHL": 0.9680768834,
        "COVERAGE_ITEM": 0.0927490105,
        "COVERAGE_ITEM_HIT": 0.0142408292,
        "ITEMS_IN_GT": 0.9936752765,
        "COVERAGE_USER": 0.9579068664,
        "COVERAGE_USER_HIT": 0.1342099912,
        "USERS_IN_GT": 0.9579068664,
        "DIVERSITY_GINI": 0.0060678391,
        "SHANNON_ENTROPY": 6.5064467041,
        "RATIO_DIVERSITY_HERFINDAHL": 0.9683964193,
        "RATIO_DIVERSITY_GINI": 0.011933888,
        "RATIO_SHANNON_ENTROPY": 0.4821902774,
        "RATIO_AVERAGE_POPULARITY": 7.4967842158,
        "RATIO_NOVELTY": 0.2169674482
    }
]