{
    "topK": 973,
    "shrink": 51,
    "similarity": "rp3beta",
    "normalization": "bm25plus"
}[
    {
        "PRECISION": 0.0141349308,
        "PRECISION_RECALL_MIN_DEN": 0.0448740415,
        "RECALL": 0.0448740415,
        "MAP": 0.0067161439,
        "MAP_MIN_DEN": 0.020928448,
        "MRR": 0.0601504891,
        "NDCG": 0.0363230524,
        "F1": 0.0214981365,
        "HIT_RATE": 0.1264441592,
        "ARHR_ALL_HITS": 0.0635423246,
        "NOVELTY": 0.0038096563,
        "AVERAGE_POPULARITY": 0.3765364158,
        "DIVERSITY_MEAN_INTER_LIST": 0.6909772534,
        "DIVERSITY_HERFINDAHL": 0.9690927975,
        "COVERAGE_ITEM": 0.098584078,
        "COVERAGE_ITEM_HIT": 0.0142000245,
        "ITEMS_IN_GT": 0.9936752765,
        "COVERAGE_USER": 0.9485219509,
        "COVERAGE_USER_HIT": 0.1199350605,
        "USERS_IN_GT": 0.9485219509,
        "DIVERSITY_GINI": 0.0065994944,
        "SHANNON_ENTROPY": 6.5949059725,
        "RATIO_DIVERSITY_HERFINDAHL": 0.9694126688,
        "RATIO_DIVERSITY_GINI": 0.012979518,
        "RATIO_SHANNON_ENTROPY": 0.4887459599,
        "RATIO_AVERAGE_POPULARITY": 7.3989619348,
        "RATIO_NOVELTY": 0.2179705076
    }
]