{
    "alpha": 0.8646595486698844,
    "beta": 0.14955770098091942,
    "topK": 220
}[
    {
        "PRECISION": 0.0161084303,
        "PRECISION_RECALL_MIN_DEN": 0.0447241258,
        "RECALL": 0.044707783,
        "MAP": 0.0076406376,
        "MAP_MIN_DEN": 0.0208907011,
        "MRR": 0.0663327499,
        "NDCG": 0.0375776165,
        "F1": 0.0236835596,
        "HIT_RATE": 0.1407891002,
        "ARHR_ALL_HITS": 0.0711388089,
        "NOVELTY": 0.0042361318,
        "AVERAGE_POPULARITY": 0.2495252385,
        "DIVERSITY_MEAN_INTER_LIST": 0.8893280917,
        "DIVERSITY_HERFINDAHL": 0.9889264983,
        "COVERAGE_ITEM": 0.3641408577,
        "COVERAGE_ITEM_HIT": 0.0194638267,
        "ITEMS_IN_GT": 0.9933488391,
        "COVERAGE_USER": 0.9567519859,
        "COVERAGE_USER_HIT": 0.1347002512,
        "USERS_IN_GT": 0.9567519859,
        "DIVERSITY_GINI": 0.0364927096,
        "SHANNON_ENTROPY": 8.615327696,
        "RATIO_DIVERSITY_HERFINDAHL": 0.9892528184,
        "RATIO_DIVERSITY_GINI": 0.0717412738,
        "RATIO_SHANNON_ENTROPY": 0.6384457489,
        "RATIO_AVERAGE_POPULARITY": 4.9355006695,
        "RATIO_NOVELTY": 0.2423589309
    }
]