{
    "topK": 66,
    "alpha": 0.009302542761556176,
    "l1_ratio": 0.3977006789868459
}[
    {
        "PRECISION": 0.0103861141,
        "PRECISION_RECALL_MIN_DEN": 0.0281744626,
        "RECALL": 0.0281530765,
        "MAP": 0.0053199877,
        "MAP_MIN_DEN": 0.0140570774,
        "MRR": 0.0474452485,
        "NDCG": 0.0251310753,
        "F1": 0.0151742193,
        "HIT_RATE": 0.0925965285,
        "ARHR_ALL_HITS": 0.0501384883,
        "NOVELTY": 0.0048517722,
        "AVERAGE_POPULARITY": 0.1942882158,
        "DIVERSITY_MEAN_INTER_LIST": 0.7908981955,
        "DIVERSITY_HERFINDAHL": 0.9790842163,
        "COVERAGE_ITEM": 0.0093034643,
        "COVERAGE_ITEM_HIT": 0.0067735749,
        "ITEMS_IN_GT": 0.9929815971,
        "COVERAGE_USER": 0.9557827736,
        "COVERAGE_USER_HIT": 0.0885021668,
        "USERS_IN_GT": 0.9557827736,
        "DIVERSITY_GINI": 0.0025172282,
        "SHANNON_ENTROPY": 6.28171398,
        "RATIO_DIVERSITY_HERFINDAHL": 0.979407937,
        "RATIO_DIVERSITY_GINI": 0.004948517,
        "RATIO_SHANNON_ENTROPY": 0.4655078884,
        "RATIO_AVERAGE_POPULARITY": 3.8454865034,
        "RATIO_NOVELTY": 0.2775790297
    }
]