{
    "topK": 50,
    "alpha": 0.15382420717284018,
    "l1_ratio": 0.035758332633683665
}[
    {
        "PRECISION": 0.0095697172,
        "PRECISION_RECALL_MIN_DEN": 0.0262482827,
        "RECALL": 0.026245705,
        "MAP": 0.0049248009,
        "MAP_MIN_DEN": 0.0134225728,
        "MRR": 0.0452799241,
        "NDCG": 0.0237401564,
        "F1": 0.0140254649,
        "HIT_RATE": 0.0874743035,
        "ARHR_ALL_HITS": 0.0472443322,
        "NOVELTY": 0.004869478,
        "AVERAGE_POPULARITY": 0.2180183113,
        "DIVERSITY_MEAN_INTER_LIST": 0.731295431,
        "DIVERSITY_HERFINDAHL": 0.9731243592,
        "COVERAGE_ITEM": 0.0060798955,
        "COVERAGE_ITEM_HIT": 0.0043660995,
        "ITEMS_IN_GT": 0.9918390664,
        "COVERAGE_USER": 0.9554351507,
        "COVERAGE_USER_HIT": 0.0835760244,
        "USERS_IN_GT": 0.9554351507,
        "DIVERSITY_GINI": 0.0016142654,
        "SHANNON_ENTROPY": 5.6978810957,
        "RATIO_DIVERSITY_HERFINDAHL": 0.9734459185,
        "RATIO_DIVERSITY_GINI": 0.0031745352,
        "RATIO_SHANNON_ENTROPY": 0.422256344,
        "RATIO_AVERAGE_POPULARITY": 4.3217876752,
        "RATIO_NOVELTY": 0.2786009388
    }
]