recommender,alpha,beta,MAP
ItemKNN+RP3beta,0.9147786869701651,0.057616040746310326,0.01742727170837942
ItemKNN+RP3beta,0.589037043352665,0.1262710394836688,0.01746538714178224
ItemKNN+RP3beta,0.4558675143883095,0.3293683912510782,0.017583594620027104
ItemKNN+RP3beta,0.08388047771479401,0.3368418678679219,0.018112854042364696
