recommender,alpha,beta,MAP
Hybrid1+SLIM,0.6922316108342191,0.19809438064855067,0.017506721800674717
Hybrid1+SLIM,0.2741308876217232,0.8095147477760044,0.017506721800674717
Hybrid1+SLIM,0.6877710261652594,0.2266930635127401,0.017506721800674717
