{
    "alpha": 0.7953827478563565
}[
    {
        "PRECISION": 0.0415262149,
        "PRECISION_RECALL_MIN_DEN": 0.0716857738,
        "RECALL": 0.067570543,
        "MAP": 0.0189188355,
        "MAP_MIN_DEN": 0.0323686399,
        "MRR": 0.1398171905,
        "NDCG": 0.071394795,
        "F1": 0.0514396384,
        "HIT_RATE": 0.3039162695,
        "ARHR_ALL_HITS": 0.1620781476,
        "NOVELTY": 0.0040663266,
        "AVERAGE_POPULARITY": 0.271287292,
        "DIVERSITY_MEAN_INTER_LIST": 0.8711416299,
        "DIVERSITY_HERFINDAHL": 0.9871120227,
        "COVERAGE_ITEM": 0.4539519321,
        "COVERAGE_ITEM_HIT": 0.029501775,
        "ITEMS_IN_GT": 0.9928183784,
        "COVERAGE_USER": 0.9777318696,
        "COVERAGE_USER_HIT": 0.2971486224,
        "USERS_IN_GT": 0.9777318696,
        "DIVERSITY_GINI": 0.0239297457,
        "SHANNON_ENTROPY": 7.9862416281,
        "RATIO_DIVERSITY_HERFINDAHL": 0.9874374915,
        "RATIO_DIVERSITY_GINI": 0.0472724056,
        "RATIO_SHANNON_ENTROPY": 0.5918802026,
        "RATIO_AVERAGE_POPULARITY": 5.334216136,
        "RATIO_NOVELTY": 0.2737235864
    }
]