recommender,alpha,l1_ratio,TopK,MAP
SLIMElasticNetRecommender,0.8807318124286341,0.9196487987341095,138,2.16031492099486e-05
