recommender,alpha,l1_ratio,TopK,MAP
SLIMElasticNetRecommender,0.8707957279709961,0.8375981304723036,267,2.16031492099486e-05
