recommender,alpha,l1_ratio,TopK,MAP
SLIMElasticNetRecommender,0.7112435534957884,0.9446564097639105,270,1.7658845245229138e-05
