{
    "slimMulti": [
        0.007429175527156638
    ],
    "slim": [
        0.007782632646914225
    ],
    "bestItemKNNCFG0": [
        0.007220911549096691
    ]
}