{
    "oldSLIM": [
        0.007782887421387862
    ],
    "slim71": [
        0.00771878899464853
    ],
    "bestsmulti": [
        0.0077896276216292745
    ],
    "slim74": [
        0.007741679065690988
    ]
}