{
    "oldRP3": [
        0.007660029508545624
    ],
    "newRP3": [
        0.007659058534718322
    ],
    "bestlastRP3": [
        0.007670897055259933
    ]
}