{
    "oldRP3": [
        0.007660029508545624
    ],
    "oldItemKNN": [
        0.007691853671130232
    ],
    "newRP3": [
        0.007659058534718322
    ],
    "bestItemKNNCFG0": [
        0.007220911549096691
    ]
}