{
    "slimMulti": [
        0.004622214849974776
    ],
    "slim": [
        0.004851661874705827
    ],
    "slimMultiLAST": [
        0.004610976898400996
    ],
    "slimLAST": [
        0.004837319072760319
    ],
    "slimBESTLAST": [
        0.004864624743152804
    ]
}