{
    "factors": 167,
    "alpha": 3,
    "iterations": 36
}[
    {
        "PRECISION": 0.0127407619,
        "PRECISION_RECALL_MIN_DEN": 0.0346168588,
        "RECALL": 0.03460832,
        "MAP": 0.0063062202,
        "MAP_MIN_DEN": 0.0170886895,
        "MRR": 0.0556995597,
        "NDCG": 0.0356913516,
        "F1": 0.0186249172,
        "HIT_RATE": 0.1121415323,
        "ARHR_ALL_HITS": 0.0592043223,
        "NOVELTY": 0.004389225,
        "AVERAGE_POPULARITY": 0.1446319744,
        "DIVERSITY_MEAN_INTER_LIST": 0.9721689731,
        "DIVERSITY_HERFINDAHL": 0.9972099622,
        "COVERAGE_ITEM": 0.079650712,
        "COVERAGE_ITEM_HIT": 0.0224017628,
        "ITEMS_IN_GT": 0.9931448158,
        "COVERAGE_USER": 0.952503907,
        "COVERAGE_USER_HIT": 0.1068152477,
        "USERS_IN_GT": 0.952503907,
        "DIVERSITY_GINI": 0.018915874,
        "SHANNON_ENTROPY": 9.235144824,
        "RATIO_DIVERSITY_HERFINDAHL": 0.9975387776,
        "RATIO_DIVERSITY_GINI": 0.0371839606,
        "RATIO_SHANNON_ENTROPY": 0.6843696402,
        "RATIO_AVERAGE_POPULARITY": 2.8450806916,
        "RATIO_NOVELTY": 0.2511147545
    }
]