{
    "topK": 1470,
    "shrink": 71,
    "similarity": "rp3beta",
    "normalization": "tfidf"
}[
    {
        "PRECISION": 0.0159865887,
        "PRECISION_RECALL_MIN_DEN": 0.0443595762,
        "RECALL": 0.0443473625,
        "MAP": 0.0075752321,
        "MAP_MIN_DEN": 0.0210416813,
        "MRR": 0.0672321528,
        "NDCG": 0.0433681978,
        "F1": 0.0235012967,
        "HIT_RATE": 0.1412469682,
        "ARHR_ALL_HITS": 0.0713626698,
        "NOVELTY": 0.0037850697,
        "AVERAGE_POPULARITY": 0.3791466679,
        "DIVERSITY_MEAN_INTER_LIST": 0.687939574,
        "DIVERSITY_HERFINDAHL": 0.9687890499,
        "COVERAGE_ITEM": 0.0831599135,
        "COVERAGE_ITEM_HIT": 0.0148528992,
        "ITEMS_IN_GT": 0.9931448158,
        "COVERAGE_USER": 0.952503907,
        "COVERAGE_USER_HIT": 0.1345382891,
        "USERS_IN_GT": 0.952503907,
        "DIVERSITY_GINI": 0.0054791913,
        "SHANNON_ENTROPY": 6.4802770384,
        "RATIO_DIVERSITY_HERFINDAHL": 0.9691084939,
        "RATIO_DIVERSITY_GINI": 0.0107707438,
        "RATIO_SHANNON_ENTROPY": 0.4802203917,
        "RATIO_AVERAGE_POPULARITY": 7.4582599655,
        "RATIO_NOVELTY": 0.2165500399
    }
]