{
    "topK": 1445,
    "shrink": 73,
    "similarity": "rp3beta",
    "normalization": "tfidf"
}[
    {
        "PRECISION": 0.0159723213,
        "PRECISION_RECALL_MIN_DEN": 0.0443004119,
        "RECALL": 0.0442881982,
        "MAP": 0.0075803304,
        "MAP_MIN_DEN": 0.0210829877,
        "MRR": 0.0673169644,
        "NDCG": 0.0434037178,
        "F1": 0.0234775716,
        "HIT_RATE": 0.1411756313,
        "ARHR_ALL_HITS": 0.0714310626,
        "NOVELTY": 0.0037803831,
        "AVERAGE_POPULARITY": 0.3804822798,
        "DIVERSITY_MEAN_INTER_LIST": 0.6852222226,
        "DIVERSITY_HERFINDAHL": 0.9685173341,
        "COVERAGE_ITEM": 0.0814869221,
        "COVERAGE_ITEM_HIT": 0.0147712898,
        "ITEMS_IN_GT": 0.9931448158,
        "COVERAGE_USER": 0.952503907,
        "COVERAGE_USER_HIT": 0.1344703404,
        "USERS_IN_GT": 0.952503907,
        "DIVERSITY_GINI": 0.0053417797,
        "SHANNON_ENTROPY": 6.4553298023,
        "RATIO_DIVERSITY_HERFINDAHL": 0.9688366886,
        "RATIO_DIVERSITY_GINI": 0.0105006263,
        "RATIO_SHANNON_ENTROPY": 0.4783716788,
        "RATIO_AVERAGE_POPULARITY": 7.4845330192,
        "RATIO_NOVELTY": 0.2162819166
    }
]