{
    "topK": 1296,
    "shrink": 51,
    "similarity": "rp3beta",
    "normalization": "tfidf"
}[
    {
        "PRECISION": 0.0160222571,
        "PRECISION_RECALL_MIN_DEN": 0.0445860141,
        "RECALL": 0.0445726114,
        "MAP": 0.0076185041,
        "MAP_MIN_DEN": 0.0211223183,
        "MRR": 0.0675181796,
        "NDCG": 0.0436446744,
        "F1": 0.0235714296,
        "HIT_RATE": 0.1411042945,
        "ARHR_ALL_HITS": 0.0717124468,
        "NOVELTY": 0.0038468702,
        "AVERAGE_POPULARITY": 0.3632458232,
        "DIVERSITY_MEAN_INTER_LIST": 0.7184305489,
        "DIVERSITY_HERFINDAHL": 0.9718379298,
        "COVERAGE_ITEM": 0.1120496185,
        "COVERAGE_ITEM_HIT": 0.0159138205,
        "ITEMS_IN_GT": 0.9931448158,
        "COVERAGE_USER": 0.952503907,
        "COVERAGE_USER_HIT": 0.1344023918,
        "USERS_IN_GT": 0.952503907,
        "DIVERSITY_GINI": 0.0076850201,
        "SHANNON_ENTROPY": 6.7934095784,
        "RATIO_DIVERSITY_HERFINDAHL": 0.9721583792,
        "RATIO_DIVERSITY_GINI": 0.0151068612,
        "RATIO_SHANNON_ENTROPY": 0.5034250526,
        "RATIO_AVERAGE_POPULARITY": 7.1454716871,
        "RATIO_NOVELTY": 0.2200857517
    }
]