{
    "topK": 1499,
    "shrink": 68,
    "similarity": "rp3beta",
    "normalization": "tfidf"
}[
    {
        "PRECISION": 0.015979455,
        "PRECISION_RECALL_MIN_DEN": 0.0442807094,
        "RECALL": 0.0442684956,
        "MAP": 0.0075828753,
        "MAP_MIN_DEN": 0.0210492498,
        "MRR": 0.0672578284,
        "NDCG": 0.0433631108,
        "F1": 0.0234825061,
        "HIT_RATE": 0.1410329576,
        "ARHR_ALL_HITS": 0.071412832,
        "NOVELTY": 0.0037913222,
        "AVERAGE_POPULARITY": 0.3773218428,
        "DIVERSITY_MEAN_INTER_LIST": 0.6916600608,
        "DIVERSITY_HERFINDAHL": 0.969161072,
        "COVERAGE_ITEM": 0.0855673889,
        "COVERAGE_ITEM_HIT": 0.0150977272,
        "ITEMS_IN_GT": 0.9931448158,
        "COVERAGE_USER": 0.952503907,
        "COVERAGE_USER_HIT": 0.1343344432,
        "USERS_IN_GT": 0.952503907,
        "DIVERSITY_GINI": 0.0056575596,
        "SHANNON_ENTROPY": 6.5130082037,
        "RATIO_DIVERSITY_HERFINDAHL": 0.9694806387,
        "RATIO_DIVERSITY_GINI": 0.0111213721,
        "RATIO_SHANNON_ENTROPY": 0.482645932,
        "RATIO_AVERAGE_POPULARITY": 7.4223635126,
        "RATIO_NOVELTY": 0.2169077605
    }
]