{
    "topK": 236,
    "alpha": 0.08368478461134406,
    "l1_ratio": 0.07497326855748924
}[
    {
        "PRECISION": 0.0152018833,
        "PRECISION_RECALL_MIN_DEN": 0.0418098216,
        "RECALL": 0.0417976079,
        "MAP": 0.0073554438,
        "MAP_MIN_DEN": 0.0200934291,
        "MRR": 0.0646951086,
        "NDCG": 0.0427161302,
        "F1": 0.0222950186,
        "HIT_RATE": 0.1334712512,
        "ARHR_ALL_HITS": 0.068961109,
        "NOVELTY": 0.0043661403,
        "AVERAGE_POPULARITY": 0.1940284183,
        "DIVERSITY_MEAN_INTER_LIST": 0.9439858178,
        "DIVERSITY_HERFINDAHL": 0.9943918477,
        "COVERAGE_ITEM": 0.096992696,
        "COVERAGE_ITEM_HIT": 0.0213408414,
        "ITEMS_IN_GT": 0.9931448158,
        "COVERAGE_USER": 0.952503907,
        "COVERAGE_USER_HIT": 0.1271318883,
        "USERS_IN_GT": 0.952503907,
        "DIVERSITY_GINI": 0.0186141391,
        "SHANNON_ENTROPY": 8.9214875112,
        "RATIO_DIVERSITY_HERFINDAHL": 0.9947197339,
        "RATIO_DIVERSITY_GINI": 0.0365908238,
        "RATIO_SHANNON_ENTROPY": 0.661126091,
        "RATIO_AVERAGE_POPULARITY": 3.8167667209,
        "RATIO_NOVELTY": 0.2497940426
    }
]