{
    "topK": 299,
    "alpha": 0.057940560184114316,
    "l1_ratio": 0.06563962491123715
}[
    {
        "PRECISION": 0.0152232843,
        "PRECISION_RECALL_MIN_DEN": 0.0419761893,
        "RECALL": 0.0419627867,
        "MAP": 0.0074206406,
        "MAP_MIN_DEN": 0.0201748883,
        "MRR": 0.0652636803,
        "NDCG": 0.0428694701,
        "F1": 0.0223415046,
        "HIT_RATE": 0.133613925,
        "ARHR_ALL_HITS": 0.0695686045,
        "NOVELTY": 0.0044010963,
        "AVERAGE_POPULARITY": 0.1859135652,
        "DIVERSITY_MEAN_INTER_LIST": 0.9502891496,
        "DIVERSITY_HERFINDAHL": 0.9950221359,
        "COVERAGE_ITEM": 0.1291875791,
        "COVERAGE_ITEM_HIT": 0.0226465908,
        "ITEMS_IN_GT": 0.9931448158,
        "COVERAGE_USER": 0.952503907,
        "COVERAGE_USER_HIT": 0.1272677856,
        "USERS_IN_GT": 0.952503907,
        "DIVERSITY_GINI": 0.0247817718,
        "SHANNON_ENTROPY": 9.255902904,
        "RATIO_DIVERSITY_HERFINDAHL": 0.9953502299,
        "RATIO_DIVERSITY_GINI": 0.0487148742,
        "RATIO_SHANNON_ENTROPY": 0.6859079159,
        "RATIO_AVERAGE_POPULARITY": 3.6571380353,
        "RATIO_NOVELTY": 0.251793933
    }
]