{
    "alpha": 0.7012109713464896,
    "beta": 0.2643507726000572,
    "topK": 274
}[
    {
        "PRECISION": 0.0155086318,
        "PRECISION_RECALL_MIN_DEN": 0.0421385939,
        "RECALL": 0.0421287581,
        "MAP": 0.0076590585,
        "MAP_MIN_DEN": 0.0208419433,
        "MRR": 0.0672237452,
        "NDCG": 0.0438098648,
        "F1": 0.0226713735,
        "HIT_RATE": 0.1352546726,
        "ARHR_ALL_HITS": 0.0717290071,
        "NOVELTY": 0.0043217733,
        "AVERAGE_POPULARITY": 0.243413913,
        "DIVERSITY_MEAN_INTER_LIST": 0.8906237186,
        "DIVERSITY_HERFINDAHL": 0.9890560184,
        "COVERAGE_ITEM": 0.4534622761,
        "COVERAGE_ITEM_HIT": 0.018933366,
        "ITEMS_IN_GT": 0.9931448158,
        "COVERAGE_USER": 0.952503907,
        "COVERAGE_USER_HIT": 0.1288306041,
        "USERS_IN_GT": 0.952503907,
        "DIVERSITY_GINI": 0.0543845147,
        "SHANNON_ENTROPY": 8.920205504,
        "RATIO_DIVERSITY_HERFINDAHL": 0.9893821452,
        "RATIO_DIVERSITY_GINI": 0.1069065932,
        "RATIO_SHANNON_ENTROPY": 0.661031088,
        "RATIO_AVERAGE_POPULARITY": 4.7882373647,
        "RATIO_NOVELTY": 0.2472557362
    }
]