{
    "alpha": 0.8815611011233834,
    "beta": 0.23472570066237713,
    "topK": 225
}[
    {
        "PRECISION": 0.0156299044,
        "PRECISION_RECALL_MIN_DEN": 0.0426906619,
        "RECALL": 0.0426796371,
        "MAP": 0.0076708971,
        "MAP_MIN_DEN": 0.0208410512,
        "MRR": 0.0673682873,
        "NDCG": 0.0440989427,
        "F1": 0.0228806,
        "HIT_RATE": 0.1360393779,
        "ARHR_ALL_HITS": 0.0718847876,
        "NOVELTY": 0.0043575532,
        "AVERAGE_POPULARITY": 0.2375938743,
        "DIVERSITY_MEAN_INTER_LIST": 0.8971918951,
        "DIVERSITY_HERFINDAHL": 0.9897127892,
        "COVERAGE_ITEM": 0.4597869996,
        "COVERAGE_ITEM_HIT": 0.0188517566,
        "ITEMS_IN_GT": 0.9931448158,
        "COVERAGE_USER": 0.952503907,
        "COVERAGE_USER_HIT": 0.129578039,
        "USERS_IN_GT": 0.952503907,
        "DIVERSITY_GINI": 0.0584218376,
        "SHANNON_ENTROPY": 9.032603391,
        "RATIO_DIVERSITY_HERFINDAHL": 0.9900391326,
        "RATIO_DIVERSITY_GINI": 0.1148429782,
        "RATIO_SHANNON_ENTROPY": 0.6693603241,
        "RATIO_AVERAGE_POPULARITY": 4.6737503724,
        "RATIO_NOVELTY": 0.2493027627
    }
]