{
    "alpha": 0.5748771957649806,
    "beta": 0.27697689127021907,
    "topK": 312
}[
    {
        "PRECISION": 0.0155585676,
        "PRECISION_RECALL_MIN_DEN": 0.0424069847,
        "RECALL": 0.0423971488,
        "MAP": 0.0076221474,
        "MAP_MIN_DEN": 0.0207900454,
        "MRR": 0.0667176216,
        "NDCG": 0.0438357293,
        "F1": 0.0227635493,
        "HIT_RATE": 0.1356113568,
        "ARHR_ALL_HITS": 0.0712678087,
        "NOVELTY": 0.0043000563,
        "AVERAGE_POPULARITY": 0.2465960671,
        "DIVERSITY_MEAN_INTER_LIST": 0.8870108086,
        "DIVERSITY_HERFINDAHL": 0.9886947532,
        "COVERAGE_ITEM": 0.4323662627,
        "COVERAGE_ITEM_HIT": 0.019178194,
        "ITEMS_IN_GT": 0.9931448158,
        "COVERAGE_USER": 0.952503907,
        "COVERAGE_USER_HIT": 0.1291703472,
        "USERS_IN_GT": 0.952503907,
        "DIVERSITY_GINI": 0.0496045305,
        "SHANNON_ENTROPY": 8.8421968639,
        "RATIO_DIVERSITY_HERFINDAHL": 0.9890207609,
        "RATIO_DIVERSITY_GINI": 0.0975103187,
        "RATIO_SHANNON_ENTROPY": 0.6552502642,
        "RATIO_AVERAGE_POPULARITY": 4.8508340706,
        "RATIO_NOVELTY": 0.2460132722
    }
]