{
    "alpha": 0.44207535581882984,
    "beta": 0.2579677749617886,
    "topK": 327
}[
    {
        "PRECISION": 0.0154301612,
        "PRECISION_RECALL_MIN_DEN": 0.0421477092,
        "RECALL": 0.0421402512,
        "MAP": 0.0075063354,
        "MAP_MIN_DEN": 0.0205067654,
        "MRR": 0.0658647499,
        "NDCG": 0.0432167862,
        "F1": 0.0225890642,
        "HIT_RATE": 0.135040662,
        "ARHR_ALL_HITS": 0.0702643936,
        "NOVELTY": 0.0042645248,
        "AVERAGE_POPULARITY": 0.2487256016,
        "DIVERSITY_MEAN_INTER_LIST": 0.8864604272,
        "DIVERSITY_HERFINDAHL": 0.988639719,
        "COVERAGE_ITEM": 0.3757701881,
        "COVERAGE_ITEM_HIT": 0.0190965846,
        "ITEMS_IN_GT": 0.9931448158,
        "COVERAGE_USER": 0.952503907,
        "COVERAGE_USER_HIT": 0.1286267582,
        "USERS_IN_GT": 0.952503907,
        "DIVERSITY_GINI": 0.0399826083,
        "SHANNON_ENTROPY": 8.713443273,
        "RATIO_DIVERSITY_HERFINDAHL": 0.9889657085,
        "RATIO_DIVERSITY_GINI": 0.078595984,
        "RATIO_SHANNON_ENTROPY": 0.64570899,
        "RATIO_AVERAGE_POPULARITY": 4.8927245147,
        "RATIO_NOVELTY": 0.2439804524
    }
]