{
    "alpha": 0.8190677327782062,
    "beta": 0.686509249107007
}[
    {
        "PRECISION": 0.0162220003,
        "PRECISION_RECALL_MIN_DEN": 0.0450923076,
        "RECALL": 0.0450800939,
        "MAP": 0.0078622751,
        "MAP_MIN_DEN": 0.0216487294,
        "MRR": 0.0691779787,
        "NDCG": 0.045032029,
        "F1": 0.0238585421,
        "HIT_RATE": 0.1418889999,
        "ARHR_ALL_HITS": 0.0737440185,
        "NOVELTY": 0.0040154221,
        "AVERAGE_POPULARITY": 0.3100360859,
        "DIVERSITY_MEAN_INTER_LIST": 0.8124412519,
        "DIVERSITY_HERFINDAHL": 0.9812383295,
        "COVERAGE_ITEM": 0.2116538132,
        "COVERAGE_ITEM_HIT": 0.0174235933,
        "ITEMS_IN_GT": 0.9931448158,
        "COVERAGE_USER": 0.952503907,
        "COVERAGE_USER_HIT": 0.1351498267,
        "USERS_IN_GT": 0.952503907,
        "DIVERSITY_GINI": 0.0160897739,
        "SHANNON_ENTROPY": 7.6366400013,
        "RATIO_DIVERSITY_HERFINDAHL": 0.9815618785,
        "RATIO_DIVERSITY_GINI": 0.0316285421,
        "RATIO_SHANNON_ENTROPY": 0.565912573,
        "RATIO_AVERAGE_POPULARITY": 6.0987737002,
        "RATIO_NOVELTY": 0.2297288797
    }
]