{
    "alpha": 0.6609817107676875,
    "beta": 0.2658981714829932,
    "topK": 267
}[
    {
        "PRECISION": 0.0155514339,
        "PRECISION_RECALL_MIN_DEN": 0.0421756778,
        "RECALL": 0.0421658419,
        "MAP": 0.0076362675,
        "MAP_MIN_DEN": 0.0207727287,
        "MRR": 0.0670235491,
        "NDCG": 0.0437757968,
        "F1": 0.022722462,
        "HIT_RATE": 0.1357540305,
        "ARHR_ALL_HITS": 0.0715095048,
        "NOVELTY": 0.0043254301,
        "AVERAGE_POPULARITY": 0.2408767001,
        "DIVERSITY_MEAN_INTER_LIST": 0.8938517089,
        "DIVERSITY_HERFINDAHL": 0.9893787944,
        "COVERAGE_ITEM": 0.4499530746,
        "COVERAGE_ITEM_HIT": 0.0192189987,
        "ITEMS_IN_GT": 0.9931448158,
        "COVERAGE_USER": 0.952503907,
        "COVERAGE_USER_HIT": 0.1293062445,
        "USERS_IN_GT": 0.952503907,
        "DIVERSITY_GINI": 0.0536677737,
        "SHANNON_ENTROPY": 8.9439327247,
        "RATIO_DIVERSITY_HERFINDAHL": 0.9897050277,
        "RATIO_DIVERSITY_GINI": 0.1054976566,
        "RATIO_SHANNON_ENTROPY": 0.6627893917,
        "RATIO_AVERAGE_POPULARITY": 4.7383274096,
        "RATIO_NOVELTY": 0.2474649446
    }
]