{
    "topK": 84,
    "alpha": 0.08684266980720609,
    "l1_ratio": 0.054436419366615744
}[
    {
        "PRECISION": 0.0158011129,
        "PRECISION_RECALL_MIN_DEN": 0.0436740631,
        "RECALL": 0.0436618493,
        "MAP": 0.0077186616,
        "MAP_MIN_DEN": 0.0211620539,
        "MRR": 0.0677653674,
        "NDCG": 0.0451503918,
        "F1": 0.0232045557,
        "HIT_RATE": 0.1383221572,
        "ARHR_ALL_HITS": 0.0722768572,
        "NOVELTY": 0.0043854055,
        "AVERAGE_POPULARITY": 0.1874685172,
        "DIVERSITY_MEAN_INTER_LIST": 0.9485325927,
        "DIVERSITY_HERFINDAHL": 0.9948464927,
        "COVERAGE_ITEM": 0.1135593912,
        "COVERAGE_ITEM_HIT": 0.0225241768,
        "ITEMS_IN_GT": 0.9931448158,
        "COVERAGE_USER": 0.952503907,
        "COVERAGE_USER_HIT": 0.1317523952,
        "USERS_IN_GT": 0.952503907,
        "DIVERSITY_GINI": 0.0216818013,
        "SHANNON_ENTROPY": 9.1117036748,
        "RATIO_DIVERSITY_HERFINDAHL": 0.9951745289,
        "RATIO_DIVERSITY_GINI": 0.042621094,
        "RATIO_SHANNON_ENTROPY": 0.675222044,
        "RATIO_AVERAGE_POPULARITY": 3.6877257667,
        "RATIO_NOVELTY": 0.2508962344
    }
]