{
    "topK": 258,
    "alpha": 0.04206120368886188,
    "l1_ratio": 0.08479183092473248
}[
    {
        "PRECISION": 0.0158225139,
        "PRECISION_RECALL_MIN_DEN": 0.043702711,
        "RECALL": 0.0436893083,
        "MAP": 0.0077419169,
        "MAP_MIN_DEN": 0.0210936256,
        "MRR": 0.0678993788,
        "NDCG": 0.0449692793,
        "F1": 0.0232315081,
        "HIT_RATE": 0.1383221572,
        "ARHR_ALL_HITS": 0.072451774,
        "NOVELTY": 0.0044237301,
        "AVERAGE_POPULARITY": 0.1845393424,
        "DIVERSITY_MEAN_INTER_LIST": 0.9503532322,
        "DIVERSITY_HERFINDAHL": 0.9950285437,
        "COVERAGE_ITEM": 0.135961154,
        "COVERAGE_ITEM_HIT": 0.0234626841,
        "ITEMS_IN_GT": 0.9931448158,
        "COVERAGE_USER": 0.952503907,
        "COVERAGE_USER_HIT": 0.1317523952,
        "USERS_IN_GT": 0.952503907,
        "DIVERSITY_GINI": 0.0271527889,
        "SHANNON_ENTROPY": 9.3550958802,
        "RATIO_DIVERSITY_HERFINDAHL": 0.9953566399,
        "RATIO_DIVERSITY_GINI": 0.0533757114,
        "RATIO_SHANNON_ENTROPY": 0.6932586032,
        "RATIO_AVERAGE_POPULARITY": 3.6301054598,
        "RATIO_NOVELTY": 0.2530888477
    }
]