{
    "alpha": 0.997101180232236,
    "beta": 0.31968335027659
}[
    {
        "PRECISION": 0.0168711656,
        "PRECISION_RECALL_MIN_DEN": 0.0464013955,
        "RECALL": 0.0463891818,
        "MAP": 0.0082343478,
        "MAP_MIN_DEN": 0.0226468843,
        "MRR": 0.0718908739,
        "NDCG": 0.0470585795,
        "F1": 0.0247434484,
        "HIT_RATE": 0.1455271793,
        "ARHR_ALL_HITS": 0.0769270292,
        "NOVELTY": 0.0041182084,
        "AVERAGE_POPULARITY": 0.2770816801,
        "DIVERSITY_MEAN_INTER_LIST": 0.8601531732,
        "DIVERSITY_HERFINDAHL": 0.9860091813,
        "COVERAGE_ITEM": 0.204798629,
        "COVERAGE_ITEM_HIT": 0.01966785,
        "ITEMS_IN_GT": 0.9931448158,
        "COVERAGE_USER": 0.952503907,
        "COVERAGE_USER_HIT": 0.1386152069,
        "USERS_IN_GT": 0.952503907,
        "DIVERSITY_GINI": 0.0191246557,
        "SHANNON_ENTROPY": 8.1809047995,
        "RATIO_DIVERSITY_HERFINDAHL": 0.9863343034,
        "RATIO_DIVERSITY_GINI": 0.0375943741,
        "RATIO_SHANNON_ENTROPY": 0.6062452707,
        "RATIO_AVERAGE_POPULARITY": 5.4505218606,
        "RATIO_NOVELTY": 0.2356094528
    }
]