recommender,alpha,l1_ratio,TopK,MAP
SLIMElasticNetRecommender,0.09877363322580573,0.01137067299432764,115,0.013739795826643773
SLIMElasticNetRecommender,0.011427035477783338,0.02271429182478071,215,0.017621143280634275
SLIMElasticNetRecommender,0.0972491293647762,0.05938319445891138,94,0.00932759700300682
SLIMElasticNetRecommender,0.014366999827700719,0.05581559797995901,142,0.01601892162771586
SLIMElasticNetRecommender,0.0686612903686153,0.017400973364927807,83,0.014025686719256913
