recommender,alpha,l1_ratio,TopK,MAP
SLIMElasticNetRecommender,0.003251310960470233,0.008278639095926518,302,0.019089244967584264
SLIMElasticNetRecommender,0.0028838987669525086,0.008854231611317211,308,0.01907547416500872
SLIMElasticNetRecommender,0.0026192852405578088,0.008434033656476414,395,0.019108315808295504
SLIMElasticNetRecommender,0.0027649279106156588,0.00841512508085806,419,0.019110965332864587
