recommender,topK,epochs,lambda_i,lambda_j,MAP
Recommender_Base_Class,540,39,0.0030352658815043496,0.002464167488613025,0.012821999816442496
Recommender_Base_Class,752,61,0.0037994342544230004,0.004862004272238587,0.012802605573516153
