recommender,topK,epochs,lambda_i,lambda_j,MAP
Recommender_Base_Class,482,19,0.0005387058896811232,0.004921685892581308,0.012411258234394446
Recommender_Base_Class,971,45,0.001764662041280482,0.006970104659132238,0.01235509404971613
Recommender_Base_Class,378,43,0.0033345295526032524,0.0054806622350131754,0.013165602307450468
