{
    "alpha": 0.7761991070705113,
    "beta": 0.28795293035044484,
    "topK": 100
}[
    {
        "PRECISION": 0.0519882107,
        "PRECISION_RECALL_MIN_DEN": 0.0870518841,
        "RECALL": 0.0814323462,
        "MAP": 0.0254634236,
        "MAP_MIN_DEN": 0.0417887414,
        "MRR": 0.1710377303,
        "NDCG": 0.0833949531,
        "F1": 0.0634613147,
        "HIT_RATE": 0.3480289819,
        "ARHR_ALL_HITS": 0.2071060157,
        "NOVELTY": 0.0044248141,
        "AVERAGE_POPULARITY": 0.1895142571,
        "DIVERSITY_MEAN_INTER_LIST": 0.9452798614,
        "DIVERSITY_HERFINDAHL": 0.9945256644,
        "COVERAGE_ITEM": 0.6250867099,
        "COVERAGE_ITEM_HIT": 0.0568000979,
        "ITEMS_IN_GT": 0.9936752765,
        "COVERAGE_USER": 0.9780441519,
        "COVERAGE_USER_HIT": 0.3403877105,
        "USERS_IN_GT": 0.9780441519,
        "DIVERSITY_GINI": 0.0515825598,
        "SHANNON_ENTROPY": 9.3778408108,
        "RATIO_DIVERSITY_HERFINDAHL": 0.9948539304,
        "RATIO_DIVERSITY_GINI": 0.1014497064,
        "RATIO_SHANNON_ENTROPY": 0.6949881967,
        "RATIO_AVERAGE_POPULARITY": 3.7239659052,
        "RATIO_NOVELTY": 0.2531669266
    }
]