{
    "alpha": 0.7253567664950232,
    "beta": 0.30381052338379144,
    "topK": 101
}[
    {
        "PRECISION": 0.0519734741,
        "PRECISION_RECALL_MIN_DEN": 0.0870502662,
        "RECALL": 0.0814350641,
        "MAP": 0.0255250434,
        "MAP_MIN_DEN": 0.0418743115,
        "MRR": 0.1714176554,
        "NDCG": 0.0834810883,
        "F1": 0.0634511592,
        "HIT_RATE": 0.3478324942,
        "ARHR_ALL_HITS": 0.2075781322,
        "NOVELTY": 0.0044381146,
        "AVERAGE_POPULARITY": 0.1860994554,
        "DIVERSITY_MEAN_INTER_LIST": 0.9476036501,
        "DIVERSITY_HERFINDAHL": 0.9947580376,
        "COVERAGE_ITEM": 0.6267597013,
        "COVERAGE_ITEM_HIT": 0.058024238,
        "ITEMS_IN_GT": 0.9936752765,
        "COVERAGE_USER": 0.9780441519,
        "COVERAGE_USER_HIT": 0.3401955368,
        "USERS_IN_GT": 0.9780441519,
        "DIVERSITY_GINI": 0.0522074105,
        "SHANNON_ENTROPY": 9.4315823741,
        "RATIO_DIVERSITY_HERFINDAHL": 0.9950863802,
        "RATIO_DIVERSITY_GINI": 0.1026786279,
        "RATIO_SHANNON_ENTROPY": 0.6989709634,
        "RATIO_AVERAGE_POPULARITY": 3.6568648588,
        "RATIO_NOVELTY": 0.2539279186
    }
]