{
    "topK": 107,
    "alpha": 0.05092854374047165,
    "l1_ratio": 0.02125393991678043
}[
    {
        "PRECISION": 0.0532747761,
        "PRECISION_RECALL_MIN_DEN": 0.0871236193,
        "RECALL": 0.0810612193,
        "MAP": 0.0263368117,
        "MAP_MIN_DEN": 0.0424012088,
        "MRR": 0.1747295038,
        "NDCG": 0.0918779314,
        "F1": 0.0642942838,
        "HIT_RATE": 0.3492028344,
        "ARHR_ALL_HITS": 0.2129280977,
        "NOVELTY": 0.0044397849,
        "AVERAGE_POPULARITY": 0.1603957961,
        "DIVERSITY_MEAN_INTER_LIST": 0.9646002473,
        "DIVERSITY_HERFINDAHL": 0.9964576514,
        "COVERAGE_ITEM": 0.185498021,
        "COVERAGE_ITEM_HIT": 0.0633288448,
        "ITEMS_IN_GT": 0.9931448158,
        "COVERAGE_USER": 0.9763386101,
        "COVERAGE_USER_HIT": 0.3409402099,
        "USERS_IN_GT": 0.9763386101,
        "DIVERSITY_GINI": 0.0264202947,
        "SHANNON_ENTROPY": 9.450154608,
        "RATIO_DIVERSITY_HERFINDAHL": 0.9967862188,
        "RATIO_DIVERSITY_GINI": 0.0519358077,
        "RATIO_SHANNON_ENTROPY": 0.7003029223,
        "RATIO_AVERAGE_POPULARITY": 3.1551735672,
        "RATIO_NOVELTY": 0.2540073697
    }
]