{
    "topK": 159,
    "alpha": 0.009579327319679334,
    "l1_ratio": 0.3586486802592749
}[
    {
        "PRECISION": 0.0528885612,
        "PRECISION_RECALL_MIN_DEN": 0.0871317213,
        "RECALL": 0.081286496,
        "MAP": 0.0261036319,
        "MAP_MIN_DEN": 0.0420534547,
        "MRR": 0.1734216988,
        "NDCG": 0.0919303304,
        "F1": 0.0640823401,
        "HIT_RATE": 0.3487652046,
        "ARHR_ALL_HITS": 0.2112283401,
        "NOVELTY": 0.0044026094,
        "AVERAGE_POPULARITY": 0.1765190471,
        "DIVERSITY_MEAN_INTER_LIST": 0.9564032026,
        "DIVERSITY_HERFINDAHL": 0.9956379701,
        "COVERAGE_ITEM": 0.147264047,
        "COVERAGE_ITEM_HIT": 0.0595748154,
        "ITEMS_IN_GT": 0.9936752765,
        "COVERAGE_USER": 0.9775637176,
        "COVERAGE_USER_HIT": 0.3409402099,
        "USERS_IN_GT": 0.9775637176,
        "DIVERSITY_GINI": 0.0249706135,
        "SHANNON_ENTROPY": 9.306024438,
        "RATIO_DIVERSITY_HERFINDAHL": 0.9959668862,
        "RATIO_DIVERSITY_GINI": 0.0491136857,
        "RATIO_SHANNON_ENTROPY": 0.6896890234,
        "RATIO_AVERAGE_POPULARITY": 3.4686139612,
        "RATIO_NOVELTY": 0.2519049164
    }
]