{
    "alpha": 0.6055189979668094,
    "beta": 0.03291201718253656
}[
    {
        "PRECISION": 0.0487544222,
        "PRECISION_RECALL_MIN_DEN": 0.0829351626,
        "RECALL": 0.0778011352,
        "MAP": 0.0234771884,
        "MAP_MIN_DEN": 0.0394207222,
        "MRR": 0.162176624,
        "NDCG": 0.0790152854,
        "F1": 0.0599444145,
        "HIT_RATE": 0.3352496069,
        "ARHR_ALL_HITS": 0.193940009,
        "NOVELTY": 0.0040819558,
        "AVERAGE_POPULARITY": 0.2843025373,
        "DIVERSITY_MEAN_INTER_LIST": 0.8454981564,
        "DIVERSITY_HERFINDAHL": 0.9845477384,
        "COVERAGE_ITEM": 0.3169298568,
        "COVERAGE_ITEM_HIT": 0.0391316767,
        "ITEMS_IN_GT": 0.9936752765,
        "COVERAGE_USER": 0.977779913,
        "COVERAGE_USER_HIT": 0.3278003315,
        "USERS_IN_GT": 0.977779913,
        "DIVERSITY_GINI": 0.0172442746,
        "SHANNON_ENTROPY": 7.8023121002,
        "RATIO_DIVERSITY_HERFINDAHL": 0.984872403,
        "RATIO_DIVERSITY_GINI": 0.0339046591,
        "RATIO_SHANNON_ENTROPY": 0.5781729427,
        "RATIO_AVERAGE_POPULARITY": 5.6272889137,
        "RATIO_NOVELTY": 0.2335286159
    }
]