{
    "CombinedItemKNNCFG2": [
        0.01519677294611679
    ],
    "RP3betaG2": [
        0.015959922744699602
    ],
    "RP3beta_ItemKNNCF_Hybrid": [
        0.016251956219147778
    ]
}