{
    "CombinedItemKNNCFG2": [
        0.015146872879294237
    ],
    "RP3betaG2": [
        0.016123053752288768
    ],
    "RP3beta_ItemKNNCF_Hybrid": [
        0.016235000341447033
    ]
}