{
    "alpha": 0.589096465839721,
    "beta": 0.45045288294050484,
    "topK": 178
}[
    {
        "PRECISION": 0.0337007662,
        "PRECISION_RECALL_MIN_DEN": 0.0774608882,
        "RECALL": 0.0774318643,
        "MAP": 0.0161938075,
        "MAP_MIN_DEN": 0.0367347757,
        "MRR": 0.1304965305,
        "NDCG": 0.0820917101,
        "F1": 0.0469621415,
        "HIT_RATE": 0.2727517139,
        "ARHR_ALL_HITS": 0.1451401825,
        "NOVELTY": 0.0043207196,
        "AVERAGE_POPULARITY": 0.2093218912,
        "DIVERSITY_MEAN_INTER_LIST": 0.9247346673,
        "DIVERSITY_HERFINDAHL": 0.9924672513,
        "COVERAGE_ITEM": 0.2915901579,
        "COVERAGE_ITEM_HIT": 0.0333374138,
        "ITEMS_IN_GT": 0.9927367691,
        "COVERAGE_USER": 0.9887028177,
        "COVERAGE_USER_HIT": 0.2696703881,
        "USERS_IN_GT": 0.9887028177,
        "DIVERSITY_GINI": 0.0283179999,
        "SHANNON_ENTROPY": 8.856234378,
        "RATIO_DIVERSITY_HERFINDAHL": 0.9927950543,
        "RATIO_DIVERSITY_GINI": 0.0556590973,
        "RATIO_SHANNON_ENTROPY": 0.6562791063,
        "RATIO_AVERAGE_POPULARITY": 4.1532767279,
        "RATIO_NOVELTY": 0.2471911567
    }
]