recommender,alpha,beta,MAP
RP3beta-P3alpha,0.7849549650036745,0.07675338344939969,0.018842053517430218
RP3beta-P3alpha,0.9322756531695238,0.27163028086188934,0.018848762692527877
RP3beta-P3alpha,0.8309040051033847,0.45535770844276763,0.018828178370481088
RP3beta-P3alpha,0.6628643560760716,0.37317456280087147,0.018826395946197404
RP3beta-P3alpha,0.5341202587993967,0.3460345796318649,0.018798003982305935
