recommender,topK,l2_normMAP
EASE_R,320,0.0043838410598055575,0.0015766983935807779
EASE_R,21,0.0007108227932569955,0.0009688517484420302
EASE_R,117,0.0033395977661962,0.0012687964302460855
