recommender,shrink,topk,MAP
ItemKNNCFRecommender,82.75111141158396,439,0.00419525806937062
ItemKNNCFRecommender,134.24131946306142,178,0.004248362073266478
