recommender,shrink,topk,MAP
ItemKNNCFRecommender,186.74922943922334,386,0.004278924956326289
