recommender,shrink,topk,MAP
ItemKNNCFRecommender,61.002951978024065,497,0.004171393945208871
ItemKNNCFRecommender,94.25713474830123,293,0.004229242798391884
