recommender,shrink,topk,MAP
ItemKNNCFRecommender,49.857289926888924,320,0.004181511016096216
