recommender,alpha,beta,topK,MAP
UserRP3betaRecommender,0.6803167494817871,0.09067837846032101,489,0.00341817969590222
