{
    "alpha": 0.8282515157463998,
    "beta": 0.04381939765029954
}[
    {
        "PRECISION": 0.0157727144,
        "PRECISION_RECALL_MIN_DEN": 0.0434790007,
        "RECALL": 0.0434656567,
        "MAP": 0.0076880344,
        "MAP_MIN_DEN": 0.0207213568,
        "MRR": 0.0666076146,
        "NDCG": 0.037182001,
        "F1": 0.0231461931,
        "HIT_RATE": 0.1371355788,
        "ARHR_ALL_HITS": 0.0715268792,
        "NOVELTY": 0.0042682034,
        "AVERAGE_POPULARITY": 0.2369520223,
        "DIVERSITY_MEAN_INTER_LIST": 0.9035411493,
        "DIVERSITY_HERFINDAHL": 0.9903477213,
        "COVERAGE_ITEM": 0.3310074673,
        "COVERAGE_ITEM_HIT": 0.0192598033,
        "ITEMS_IN_GT": 0.9936752765,
        "COVERAGE_USER": 0.9579068664,
        "COVERAGE_USER_HIT": 0.1313631126,
        "USERS_IN_GT": 0.9579068664,
        "DIVERSITY_GINI": 0.033503127,
        "SHANNON_ENTROPY": 8.7459764111,
        "RATIO_DIVERSITY_HERFINDAHL": 0.9906746082,
        "RATIO_DIVERSITY_GINI": 0.0658920846,
        "RATIO_SHANNON_ENTROPY": 0.6481609676,
        "RATIO_AVERAGE_POPULARITY": 4.656120682,
        "RATIO_NOVELTY": 0.2442064027
    }
]