{
    "alpha": 0.9196982707381445,
    "beta": 0.10860954592979288
}[
    {
        "PRECISION": 0.0115411806,
        "PRECISION_RECALL_MIN_DEN": 0.0337013331,
        "RECALL": 0.0336956478,
        "MAP": 0.0055080599,
        "MAP_MIN_DEN": 0.0155381754,
        "MRR": 0.0497026264,
        "NDCG": 0.0280501576,
        "F1": 0.0171934051,
        "HIT_RATE": 0.1042771297,
        "ARHR_ALL_HITS": 0.0522146616,
        "NOVELTY": 0.0041559314,
        "AVERAGE_POPULARITY": 0.2616710406,
        "DIVERSITY_MEAN_INTER_LIST": 0.8770095115,
        "DIVERSITY_HERFINDAHL": 0.9876854508,
        "COVERAGE_ITEM": 0.1553433713,
        "COVERAGE_ITEM_HIT": 0.0088954176,
        "ITEMS_IN_GT": 0.9936752765,
        "COVERAGE_USER": 0.9528460761,
        "COVERAGE_USER_HIT": 0.0993600539,
        "USERS_IN_GT": 0.9528460761,
        "DIVERSITY_GINI": 0.0196540479,
        "SHANNON_ENTROPY": 8.2399257816,
        "RATIO_DIVERSITY_HERFINDAHL": 0.988011459,
        "RATIO_DIVERSITY_GINI": 0.0386544871,
        "RATIO_SHANNON_ENTROPY": 0.610657749,
        "RATIO_AVERAGE_POPULARITY": 5.1418507956,
        "RATIO_NOVELTY": 0.2377827285
    }
]