{
    "alpha": 0.5871078240156742,
    "beta": 0.07479059157106345
}[
    {
        "PRECISION": 0.0118239661,
        "PRECISION_RECALL_MIN_DEN": 0.0348833931,
        "RECALL": 0.0348777077,
        "MAP": 0.0056375928,
        "MAP_MIN_DEN": 0.0160096772,
        "MRR": 0.0505882246,
        "NDCG": 0.0288036592,
        "F1": 0.0176607303,
        "HIT_RATE": 0.1065747614,
        "ARHR_ALL_HITS": 0.0533377378,
        "NOVELTY": 0.0042180069,
        "AVERAGE_POPULARITY": 0.2430666103,
        "DIVERSITY_MEAN_INTER_LIST": 0.8988079159,
        "DIVERSITY_HERFINDAHL": 0.989864906,
        "COVERAGE_ITEM": 0.1500795691,
        "COVERAGE_ITEM_HIT": 0.009956339,
        "ITEMS_IN_GT": 0.9936752765,
        "COVERAGE_USER": 0.9528460761,
        "COVERAGE_USER_HIT": 0.1015493432,
        "USERS_IN_GT": 0.9528460761,
        "DIVERSITY_GINI": 0.0219786869,
        "SHANNON_ENTROPY": 8.5718558295,
        "RATIO_DIVERSITY_HERFINDAHL": 0.9901916335,
        "RATIO_DIVERSITY_GINI": 0.0432264576,
        "RATIO_SHANNON_ENTROPY": 0.6352569579,
        "RATIO_AVERAGE_POPULARITY": 4.7762726844,
        "RATIO_NOVELTY": 0.2413343952
    }
]