{
    "alpha": 0.7783932526430623,
    "beta": 0.18309745839596384
}[
    {
        "PRECISION": 0.011223047,
        "PRECISION_RECALL_MIN_DEN": 0.0333890909,
        "RECALL": 0.0333834055,
        "MAP": 0.0053871748,
        "MAP_MIN_DEN": 0.01524046,
        "MRR": 0.048630258,
        "NDCG": 0.0275176938,
        "F1": 0.0167986248,
        "HIT_RATE": 0.1012725345,
        "ARHR_ALL_HITS": 0.0510858344,
        "NOVELTY": 0.0041684284,
        "AVERAGE_POPULARITY": 0.2536689641,
        "DIVERSITY_MEAN_INTER_LIST": 0.8859144534,
        "DIVERSITY_HERFINDAHL": 0.9885757876,
        "COVERAGE_ITEM": 0.1421634635,
        "COVERAGE_ITEM_HIT": 0.009099441,
        "ITEMS_IN_GT": 0.9936752765,
        "COVERAGE_USER": 0.9528460761,
        "COVERAGE_USER_HIT": 0.0964971371,
        "USERS_IN_GT": 0.9528460761,
        "DIVERSITY_GINI": 0.0186244998,
        "SHANNON_ENTROPY": 8.2927233116,
        "RATIO_DIVERSITY_HERFINDAHL": 0.9889020896,
        "RATIO_DIVERSITY_GINI": 0.0366296291,
        "RATIO_SHANNON_ENTROPY": 0.6145705537,
        "RATIO_AVERAGE_POPULARITY": 4.9846095382,
        "RATIO_NOVELTY": 0.23849775
    }
]