{
    "alpha": 0.8277945119987244,
    "beta": 0.10555203819177661
}[
    {
        "PRECISION": 0.0118239661,
        "PRECISION_RECALL_MIN_DEN": 0.0348833931,
        "RECALL": 0.0348777077,
        "MAP": 0.0056390656,
        "MAP_MIN_DEN": 0.0160126229,
        "MRR": 0.050602953,
        "NDCG": 0.0288078147,
        "F1": 0.0176607303,
        "HIT_RATE": 0.1065747614,
        "ARHR_ALL_HITS": 0.0533524662,
        "NOVELTY": 0.0042180401,
        "AVERAGE_POPULARITY": 0.2430583667,
        "DIVERSITY_MEAN_INTER_LIST": 0.8988177324,
        "DIVERSITY_HERFINDAHL": 0.9898658875,
        "COVERAGE_ITEM": 0.1500795691,
        "COVERAGE_ITEM_HIT": 0.009956339,
        "ITEMS_IN_GT": 0.9936752765,
        "COVERAGE_USER": 0.9528460761,
        "COVERAGE_USER_HIT": 0.1015493432,
        "USERS_IN_GT": 0.9528460761,
        "DIVERSITY_GINI": 0.0219806542,
        "SHANNON_ENTROPY": 8.5720307826,
        "RATIO_DIVERSITY_HERFINDAHL": 0.9901926153,
        "RATIO_DIVERSITY_GINI": 0.0432303268,
        "RATIO_SHANNON_ENTROPY": 0.6352699236,
        "RATIO_AVERAGE_POPULARITY": 4.7761106963,
        "RATIO_NOVELTY": 0.2413362963
    }
]