{
    "alpha": 0.6790887975506753,
    "beta": 0.08655870667791489
}[
    {
        "PRECISION": 0.0118239661,
        "PRECISION_RECALL_MIN_DEN": 0.0348833931,
        "RECALL": 0.0348777077,
        "MAP": 0.0056390656,
        "MAP_MIN_DEN": 0.0160126229,
        "MRR": 0.050602953,
        "NDCG": 0.0288078147,
        "F1": 0.0176607303,
        "HIT_RATE": 0.1065747614,
        "ARHR_ALL_HITS": 0.0533524662,
        "NOVELTY": 0.0042180168,
        "AVERAGE_POPULARITY": 0.243068792,
        "DIVERSITY_MEAN_INTER_LIST": 0.898805204,
        "DIVERSITY_HERFINDAHL": 0.9898646348,
        "COVERAGE_ITEM": 0.1500795691,
        "COVERAGE_ITEM_HIT": 0.009956339,
        "ITEMS_IN_GT": 0.9936752765,
        "COVERAGE_USER": 0.9528460761,
        "COVERAGE_USER_HIT": 0.1015493432,
        "USERS_IN_GT": 0.9528460761,
        "DIVERSITY_GINI": 0.0219808114,
        "SHANNON_ENTROPY": 8.5719020314,
        "RATIO_DIVERSITY_HERFINDAHL": 0.9901913623,
        "RATIO_DIVERSITY_GINI": 0.043230636,
        "RATIO_SHANNON_ENTROPY": 0.6352603819,
        "RATIO_AVERAGE_POPULARITY": 4.7763155546,
        "RATIO_NOVELTY": 0.2413349643
    }
]