{
    "alpha": 0.7584731771765422,
    "beta": 0.11180462578672153
}[
    {
        "PRECISION": 0.0114351361,
        "PRECISION_RECALL_MIN_DEN": 0.0335746688,
        "RECALL": 0.0335689834,
        "MAP": 0.0054656,
        "MAP_MIN_DEN": 0.0154387739,
        "MRR": 0.0491998968,
        "NDCG": 0.0278508692,
        "F1": 0.0170591447,
        "HIT_RATE": 0.1032166843,
        "ARHR_ALL_HITS": 0.0517465788,
        "NOVELTY": 0.0041599592,
        "AVERAGE_POPULARITY": 0.2590497516,
        "DIVERSITY_MEAN_INTER_LIST": 0.8800794544,
        "DIVERSITY_HERFINDAHL": 0.9879923908,
        "COVERAGE_ITEM": 0.1512629045,
        "COVERAGE_ITEM_HIT": 0.009099441,
        "ITEMS_IN_GT": 0.9936752765,
        "COVERAGE_USER": 0.9528460761,
        "COVERAGE_USER_HIT": 0.0983496127,
        "USERS_IN_GT": 0.9528460761,
        "DIVERSITY_GINI": 0.0193238422,
        "SHANNON_ENTROPY": 8.2582512528,
        "RATIO_DIVERSITY_HERFINDAHL": 0.9883185003,
        "RATIO_DIVERSITY_GINI": 0.0380050568,
        "RATIO_SHANNON_ENTROPY": 0.6120158426,
        "RATIO_AVERAGE_POPULARITY": 5.0903423182,
        "RATIO_NOVELTY": 0.2380131819
    }
]