{
    "alpha": 0.7797119898657642,
    "beta": 0.294098959281335,
    "topK": 184
}[
    {
        "PRECISION": 0.0156241155,
        "PRECISION_RECALL_MIN_DEN": 0.0427105095,
        "RECALL": 0.0426956892,
        "MAP": 0.00760936,
        "MAP_MIN_DEN": 0.0204738786,
        "MRR": 0.0658372421,
        "NDCG": 0.0366928172,
        "F1": 0.0228767014,
        "HIT_RATE": 0.1362156807,
        "ARHR_ALL_HITS": 0.070701442,
        "NOVELTY": 0.0044677136,
        "AVERAGE_POPULARITY": 0.2131710029,
        "DIVERSITY_MEAN_INTER_LIST": 0.9231192908,
        "DIVERSITY_HERFINDAHL": 0.992305397,
        "COVERAGE_ITEM": 0.5167911209,
        "COVERAGE_ITEM_HIT": 0.0201983107,
        "ITEMS_IN_GT": 0.9936752765,
        "COVERAGE_USER": 0.9579068664,
        "COVERAGE_USER_HIT": 0.1304819359,
        "USERS_IN_GT": 0.9579068664,
        "DIVERSITY_GINI": 0.0722935586,
        "SHANNON_ENTROPY": 9.5141306434,
        "RATIO_DIVERSITY_HERFINDAHL": 0.99263293,
        "RATIO_DIVERSITY_GINI": 0.1421829456,
        "RATIO_SHANNON_ENTROPY": 0.7050885841,
        "RATIO_AVERAGE_POPULARITY": 4.1888223032,
        "RATIO_NOVELTY": 0.2556214304
    }
]