recommender,topK,alpha,l1_ration,ICMweight,MAP
SLIMElasticNetRecommender,110,0.0019213656960581826,0.08531023309339442,86,0.0014551497541486753
