recommender,alpha,l1_ratio,TopK,MAP
SLIMElasticNetRecommender,0.0001267010908058901,0.008204910382604558,642,0.012931844226172705
