recommender,alpha,l1_ratio,TopK,MAP
SLIMElasticNetRecommender,0.0856748193981118,0.08599926588902738,230,0.017995125941451844
