recommender,alpha,l1_ratio,TopK,MAP
SLIMElasticNetRecommender,0.048205871729677885,0.05133911272856492,170,0.018905704077415972
