recommender,alpha,l1_ratio,TopK,MAP
SLIMElasticNetRecommender,0.004305553838825743,0.0004895674126493468,138,0.019328952271766692
SLIMElasticNetRecommender,0.00018554993191785858,0.002754897698227914,52,0.014243331782585448
SLIMElasticNetRecommender,0.00762378849494363,0.0015944312872106542,86,0.019108294050348352
SLIMElasticNetRecommender,0.005864891192639778,0.003313845179666537,208,0.01929937135356551
SLIMElasticNetRecommender,0.00011779250041777384,0.0012134022595137945,16,0.012433940894339175
