{
    "alpha": 0.27553159386864057
}[
    {
        "PRECISION": 0.053972468,
        "PRECISION_RECALL_MIN_DEN": 0.0897011226,
        "RECALL": 0.0839464599,
        "MAP": 0.0266534879,
        "MAP_MIN_DEN": 0.0437112873,
        "MRR": 0.1779603292,
        "NDCG": 0.0961250404,
        "F1": 0.0657023324,
        "HIT_RATE": 0.3562930187,
        "ARHR_ALL_HITS": 0.2161886813,
        "NOVELTY": 0.0043423389,
        "AVERAGE_POPULARITY": 0.1921247715,
        "DIVERSITY_MEAN_INTER_LIST": 0.9445298865,
        "DIVERSITY_HERFINDAHL": 0.9944506668,
        "COVERAGE_ITEM": 0.2691067858,
        "COVERAGE_ITEM_HIT": 0.0579834333,
        "ITEMS_IN_GT": 0.9927367691,
        "COVERAGE_USER": 0.9772033919,
        "COVERAGE_USER_HIT": 0.3481707464,
        "USERS_IN_GT": 0.9772033919,
        "DIVERSITY_GINI": 0.0246105891,
        "SHANNON_ENTROPY": 9.095008722,
        "RATIO_DIVERSITY_HERFINDAHL": 0.9947791652,
        "RATIO_DIVERSITY_GINI": 0.0484112874,
        "RATIO_SHANNON_ENTROPY": 0.6740147614,
        "RATIO_AVERAGE_POPULARITY": 3.802873921,
        "RATIO_NOVELTY": 0.2484433483
    }
]