{
    "alpha": 0.4412685738019454,
    "beta": 0.9960652190181091
}[
    {
        "PRECISION": 0.0541924551,
        "PRECISION_RECALL_MIN_DEN": 0.089595594,
        "RECALL": 0.0838162919,
        "MAP": 0.0270687492,
        "MAP_MIN_DEN": 0.0437508477,
        "MRR": 0.1798070003,
        "NDCG": 0.095069019,
        "F1": 0.0658249674,
        "HIT_RATE": 0.355388545,
        "ARHR_ALL_HITS": 0.2191451198,
        "NOVELTY": 0.0043514341,
        "AVERAGE_POPULARITY": 0.1897999496,
        "DIVERSITY_MEAN_INTER_LIST": 0.9472874709,
        "DIVERSITY_HERFINDAHL": 0.9947264205,
        "COVERAGE_ITEM": 0.243767087,
        "COVERAGE_ITEM_HIT": 0.0590443547,
        "ITEMS_IN_GT": 0.9939201045,
        "COVERAGE_USER": 0.9780681736,
        "COVERAGE_USER_HIT": 0.3475942252,
        "USERS_IN_GT": 0.9780681736,
        "DIVERSITY_GINI": 0.0243810873,
        "SHANNON_ENTROPY": 9.1299330754,
        "RATIO_DIVERSITY_HERFINDAHL": 0.9950551141,
        "RATIO_DIVERSITY_GINI": 0.0479727017,
        "RATIO_SHANNON_ENTROPY": 0.6766240692,
        "RATIO_AVERAGE_POPULARITY": 3.7228667439,
        "RATIO_NOVELTY": 0.2489714926
    }
]