{
    "topK": 622,
    "epochs": 59,
    "lambda_i": 0.004864871170753198,
    "lambda_j": 0.00427112631147574
}[
    {
        "PRECISION": 0.0389387053,
        "PRECISION_RECALL_MIN_DEN": 0.0675703523,
        "RECALL": 0.0636645361,
        "MAP": 0.0177170807,
        "MAP_MIN_DEN": 0.0305130418,
        "MRR": 0.1304396032,
        "NDCG": 0.0663218772,
        "F1": 0.0483223449,
        "HIT_RATE": 0.2848053065,
        "ARHR_ALL_HITS": 0.1511723726,
        "NOVELTY": 0.0037803041,
        "AVERAGE_POPULARITY": 0.3722281155,
        "DIVERSITY_MEAN_INTER_LIST": 0.693764215,
        "DIVERSITY_HERFINDAHL": 0.9693747171,
        "COVERAGE_ITEM": 0.2852654344,
        "COVERAGE_ITEM_HIT": 0.021014404,
        "ITEMS_IN_GT": 0.9926143551,
        "COVERAGE_USER": 0.9778039348,
        "COVERAGE_USER_HIT": 0.2784837493,
        "USERS_IN_GT": 0.9778039348,
        "DIVERSITY_GINI": 0.0089477202,
        "SHANNON_ENTROPY": 6.4237608423,
        "RATIO_DIVERSITY_HERFINDAHL": 0.9696940176,
        "RATIO_DIVERSITY_GINI": 0.017583535,
        "RATIO_SHANNON_ENTROPY": 0.4759933699,
        "RATIO_AVERAGE_POPULARITY": 7.3537360787,
        "RATIO_NOVELTY": 0.216259722
    }
]