{alpha=0.06589215088060436, l1_ratio=0.01031217525166815, topK=177}
[
    {
        "PRECISION": 0.0530113078,
        "PRECISION_RECALL_MIN_DEN": 0.0878899678,
        "RECALL": 0.0820073491,
        "MAP": 0.0264705737,
        "MAP_MIN_DEN": 0.0431537531,
        "MRR": 0.1776657244,
        "NDCG": 0.0923515405,
        "F1": 0.0643957942,
        "HIT_RATE": 0.3499754179,
        "ARHR_ALL_HITS": 0.215183722,
        "NOVELTY": 0.0043663483,
        "AVERAGE_POPULARITY": 0.175081793,
        "DIVERSITY_MEAN_INTER_LIST": 0.9562395241,
        "DIVERSITY_HERFINDAHL": 0.9956216018,
        "COVERAGE_ITEM": 0.1778267434,
        "COVERAGE_ITEM_HIT": 0.0566368793,
        "ITEMS_IN_GT": 0.9927367691,
        "COVERAGE_USER": 0.9772033919,
        "COVERAGE_USER_HIT": 0.3419971654,
        "USERS_IN_GT": 0.9772033919,
        "DIVERSITY_GINI": 0.022469492,
        "SHANNON_ENTROPY": 9.188349295,
        "RATIO_DIVERSITY_HERFINDAHL": 0.9959512143,
        "RATIO_DIVERSITY_GINI": 0.0441911292,
        "RATIO_SHANNON_ENTROPY": 0.6809717831,
        "RATIO_AVERAGE_POPULARITY": 3.4729725899,
        "RATIO_NOVELTY": 0.2498315935
    }
]