{
    'topK': 201, 'alpha': 0.04099747262738638, 'l1_ratio': 0.022317008605935516
}
[
    {
        "PRECISION": 0.0529105211,
        "PRECISION_RECALL_MIN_DEN": 0.0865081023,
        "RECALL": 0.0803967038,
        "MAP": 0.0264062281,
        "MAP_MIN_DEN": 0.042423287,
        "MRR": 0.1739533974,
        "NDCG": 0.0904777203,
        "F1": 0.0638199692,
        "HIT_RATE": 0.344567355,
        "ARHR_ALL_HITS": 0.2125926121,
        "NOVELTY": 0.0044056938,
        "AVERAGE_POPULARITY": 0.1681766656,
        "DIVERSITY_MEAN_INTER_LIST": 0.9603435641,
        "DIVERSITY_HERFINDAHL": 0.9960319957,
        "COVERAGE_ITEM": 0.1823560615,
        "COVERAGE_ITEM_HIT": 0.0588403313,
        "ITEMS_IN_GT": 0.9924919411,
        "COVERAGE_USER": 0.9772033919,
        "COVERAGE_USER_HIT": 0.336712388,
        "USERS_IN_GT": 0.9772033919,
        "DIVERSITY_GINI": 0.0249378791,
        "SHANNON_ENTROPY": 9.3371473279,
        "RATIO_DIVERSITY_HERFINDAHL": 0.9963609159,
        "RATIO_DIVERSITY_GINI": 0.0490427403,
        "RATIO_SHANNON_ENTROPY": 0.6919426239,
        "RATIO_AVERAGE_POPULARITY": 3.330061318,
        "RATIO_NOVELTY": 0.2520620962
    }
]