{
    "topK": 310,
    "alpha": 0.06932082932254773,
    "l1_ratio": 0.01519094295341688
}[
    {
        "PRECISION": 0.0529411765,
        "PRECISION_RECALL_MIN_DEN": 0.0875779715,
        "RECALL": 0.0816970706,
        "MAP": 0.0262866271,
        "MAP_MIN_DEN": 0.0426357989,
        "MRR": 0.1755497238,
        "NDCG": 0.0918620139,
        "F1": 0.0642482969,
        "HIT_RATE": 0.3479982294,
        "ARHR_ALL_HITS": 0.2134212645,
        "NOVELTY": 0.0043180553,
        "AVERAGE_POPULARITY": 0.1877859513,
        "DIVERSITY_MEAN_INTER_LIST": 0.9491770312,
        "DIVERSITY_HERFINDAHL": 0.9949153689,
        "COVERAGE_ITEM": 0.1645244216,
        "COVERAGE_ITEM_HIT": 0.0522707798,
        "ITEMS_IN_GT": 0.9934712531,
        "COVERAGE_USER": 0.9768190444,
        "COVERAGE_USER_HIT": 0.3399312979,
        "USERS_IN_GT": 0.9768190444,
        "DIVERSITY_GINI": 0.0200906143,
        "SHANNON_ENTROPY": 9.0053460652,
        "RATIO_DIVERSITY_HERFINDAHL": 0.9952435181,
        "RATIO_DIVERSITY_GINI": 0.0394876299,
        "RATIO_SHANNON_ENTROPY": 0.6673285232,
        "RATIO_AVERAGE_POPULARITY": 3.7201763744,
        "RATIO_NOVELTY": 0.2470386171
    }
]