{
    "topK": 359,
    "alpha": 0.04183472018614359,
    "l1_ratio": 0.03260349571135893
}[
    {
        "PRECISION": 0.0542283428,
        "PRECISION_RECALL_MIN_DEN": 0.0894119889,
        "RECALL": 0.0832909648,
        "MAP": 0.0269421329,
        "MAP_MIN_DEN": 0.0435789041,
        "MRR": 0.1784045236,
        "NDCG": 0.0952993154,
        "F1": 0.0656886814,
        "HIT_RATE": 0.3545425535,
        "ARHR_ALL_HITS": 0.2174221224,
        "NOVELTY": 0.0043705246,
        "AVERAGE_POPULARITY": 0.180132472,
        "DIVERSITY_MEAN_INTER_LIST": 0.9545766851,
        "DIVERSITY_HERFINDAHL": 0.9954553252,
        "COVERAGE_ITEM": 0.1706859265,
        "COVERAGE_ITEM_HIT": 0.059982862,
        "ITEMS_IN_GT": 0.9934304484,
        "COVERAGE_USER": 0.9785726297,
        "COVERAGE_USER_HIT": 0.3469456389,
        "USERS_IN_GT": 0.9785726297,
        "DIVERSITY_GINI": 0.0235789726,
        "SHANNON_ENTROPY": 9.217698091,
        "RATIO_DIVERSITY_HERFINDAHL": 0.9957840231,
        "RATIO_DIVERSITY_GINI": 0.0463593533,
        "RATIO_SHANNON_ENTROPY": 0.6830893594,
        "RATIO_AVERAGE_POPULARITY": 3.5473626848,
        "RATIO_NOVELTY": 0.2500494905
    }
]