{
    "topK": 499,
    "alpha": 0.025682541346133972,
    "l1_ratio": 0.06343919747291359
}[
    {
        "PRECISION": 0.0537306822,
        "PRECISION_RECALL_MIN_DEN": 0.0885828228,
        "RECALL": 0.0826449957,
        "MAP": 0.0266547363,
        "MAP_MIN_DEN": 0.0434024766,
        "MRR": 0.1765523904,
        "NDCG": 0.0948264145,
        "F1": 0.0651226386,
        "HIT_RATE": 0.352175411,
        "ARHR_ALL_HITS": 0.2152123889,
        "NOVELTY": 0.0043812914,
        "AVERAGE_POPULARITY": 0.1804306714,
        "DIVERSITY_MEAN_INTER_LIST": 0.9532093721,
        "DIVERSITY_HERFINDAHL": 0.9953185915,
        "COVERAGE_ITEM": 0.1733382299,
        "COVERAGE_ITEM_HIT": 0.0602684947,
        "ITEMS_IN_GT": 0.9935528624,
        "COVERAGE_USER": 0.9761464364,
        "COVERAGE_USER_HIT": 0.3437747724,
        "USERS_IN_GT": 0.9761464364,
        "DIVERSITY_GINI": 0.0251003847,
        "SHANNON_ENTROPY": 9.2649538313,
        "RATIO_DIVERSITY_HERFINDAHL": 0.9956478152,
        "RATIO_DIVERSITY_GINI": 0.0493496637,
        "RATIO_SHANNON_ENTROPY": 0.6866089331,
        "RATIO_AVERAGE_POPULARITY": 3.5835710703,
        "RATIO_NOVELTY": 0.2506719257
    }
]