{
    "topK": 284,
    "alpha": 0.09371774610166524,
    "l1_ratio": 0.019992391725791495
}[
    {
        "PRECISION": 0.0534837425,
        "PRECISION_RECALL_MIN_DEN": 0.0887270047,
        "RECALL": 0.0827434319,
        "MAP": 0.026346539,
        "MAP_MIN_DEN": 0.0428888456,
        "MRR": 0.1745344867,
        "NDCG": 0.0929994892,
        "F1": 0.0649713014,
        "HIT_RATE": 0.3501929268,
        "ARHR_ALL_HITS": 0.2129221384,
        "NOVELTY": 0.0042849765,
        "AVERAGE_POPULARITY": 0.197674499,
        "DIVERSITY_MEAN_INTER_LIST": 0.943528615,
        "DIVERSITY_HERFINDAHL": 0.9943505426,
        "COVERAGE_ITEM": 0.1516709512,
        "COVERAGE_ITEM_HIT": 0.0515362958,
        "ITEMS_IN_GT": 0.9936752765,
        "COVERAGE_USER": 0.9774195873,
        "COVERAGE_USER_HIT": 0.342285426,
        "USERS_IN_GT": 0.9774195873,
        "DIVERSITY_GINI": 0.0185916928,
        "SHANNON_ENTROPY": 8.8818691452,
        "RATIO_DIVERSITY_HERFINDAHL": 0.9946791353,
        "RATIO_DIVERSITY_GINI": 0.0365591415,
        "RATIO_SHANNON_ENTROPY": 0.6582063729,
        "RATIO_AVERAGE_POPULARITY": 3.8975054486,
        "RATIO_NOVELTY": 0.2451565619
    }
]