{
    "alpha": 0.0065262478449697545,
    "l1_ratio": 4.746396583333156e-05,
    "topK": 350
}[
    {
        "PRECISION": 0.0432816319,
        "PRECISION_RECALL_MIN_DEN": 0.0564715753,
        "RECALL": 0.0477752552,
        "MAP": 0.0214106818,
        "MAP_MIN_DEN": 0.0281595208,
        "MRR": 0.1449209864,
        "NDCG": 0.0638471272,
        "F1": 0.0454175642,
        "HIT_RATE": 0.2872456263,
        "ARHR_ALL_HITS": 0.1748225631,
        "NOVELTY": 0.0047202712,
        "AVERAGE_POPULARITY": 0.1155762781,
        "DIVERSITY_MEAN_INTER_LIST": 0.9818101006,
        "DIVERSITY_HERFINDAHL": 0.9981786343,
        "COVERAGE_ITEM": 0.685191986,
        "COVERAGE_ITEM_HIT": 0.0711225364,
        "ITEMS_IN_GT": 0.9984902273,
        "COVERAGE_USER": 0.9927454419,
        "COVERAGE_USER_HIT": 0.2851617863,
        "USERS_IN_GT": 0.9927454419,
        "DIVERSITY_GINI": 0.0827080036,
        "SHANNON_ENTROPY": 10.6830711807,
        "RATIO_DIVERSITY_HERFINDAHL": 0.9985085908,
        "RATIO_DIVERSITY_GINI": 0.1639840575,
        "RATIO_SHANNON_ENTROPY": 0.7918831893,
        "RATIO_AVERAGE_POPULARITY": 2.2770360163,
        "RATIO_NOVELTY": 0.3587633746
    }
]