{
    "ItemKNNCF": [
        0.004510500465746483,
        0.01954172531716449,
        0.059890309995079195
    ],
    "RP3Beta": [
        0.004171700492091737,
        0.02059799982469372,
        0.0670853351850469
    ],
    "P3Alpha": [
        0.004388498414580237,
        0.01798417596696033,
        0.05665125136584706
    ],
    "SLIM Elastic Net": [
        0.0038216473311316417,
        0.01632713668272843,
        0.05135071816430225
    ],
    "P3alpha+RP3beta": [
        0.004434489701828191,
        0.02079629812241125,
        0.06717556969363378
    ],
    "Best Submission SLIM": [
        0.003827575013407872,
        0.01632694494071843,
        0.05135463324408438
    ],
    "Best Submission RP3": [
        0.003827575013407872,
        0.01632694494071843,
        0.05135463324408438
    ],
    "Best Submission": [
        0.004385826253046191,
        0.01931863590544829,
        0.06138631359007148
    ],
    "ItemKNNCFG0": [
        0.00439399328196011,
        0.01412921574617647,
        0.04308963916622899
    ],
    "RP3betaG0": [
        0.004407923335309251,
        0.01830611885813343,
        0.05686303059496741
    ],
    "SlimElasticNetG1": [
        0.0031145689257722586,
        0.01304899604528104,
        0.04086208388592796
    ],
    "RP3betaG1": [
        0.00434238951458871,
        0.020505391656419666,
        0.06452130199601332
    ],
    "SLIM Elastic Net Best Warm": [
        0.002474877917972171,
        0.012034966008492238,
        0.04014223052156593
    ],
    "RP3betaHot": [
        0.004104872931191858,
        0.02064338628635429,
        0.06696979601965226
    ],
    "IALSHot": [
        0.0031796087729697832,
        0.015139304598457123,
        0.04811201402964451
    ],
    "SlimElasticNetHot": [
        0.0034409536982151264,
        0.015978762397168802,
        0.051317380034866
    ]
}