{
    "ItemKNNCF": [
        0.004740735727351879,
        0.019326472940223504,
        0.05693307827225868
    ],
    "RP3Beta": [
        0.004485668601208123,
        0.02065846950696614,
        0.06424652184703479
    ],
    "P3Alpha": [
        0.004632357226518096,
        0.017603751645586238,
        0.05389909758849498
    ],
    "P3alpha+RP3beta": [
        0.00467778792989029,
        0.020741439893188288,
        0.06403020482050893
    ],
    "SLIM Elastic Net": [
        0.0039017341312141945,
        0.016380325076891213,
        0.04924214222105466
    ],
    "Best Submission SLIM": [
        0.0039017341312141945,
        0.016379828904187026,
        0.049240718842611185
    ],
    "Best Submission RP3": [
        0.004469693124199836,
        0.020335958860195326,
        0.06050808353823777
    ],
    "Best Submission": [
        0.004491191162398098,
        0.019299905147244795,
        0.058602143305533504
    ],
    "ItemKNNCFG0": [
        0.004518160061213494,
        0.013996579308052046,
        0.041022543603347866
    ],
    "RP3betaG0": [
        0.004940816944251767,
        0.01802257618023114,
        0.05379657784368113
    ],
    "RP3betaG1": [
        0.004615610940969245,
        0.020049051826850607,
        0.06155794766555528
    ],
    "RP3betaHot": [
        0.004256047557006954,
        0.020585988018396416,
        0.06418436244116242
    ],
    "SlimElasticNetHot": [
        0.0036270771880152655,
        0.015907324282370454,
        0.04889624561776737
    ]
}