{
    "alpha": 0.012701058525873925,
    "beta": 0.8299826221893478
}{
    rec1 = ImplicitALSRecommender(URM_train_init)
    rec1.fit(factors=110, alpha=7, iterations=57, regularization=0.0008866558623568822)

    rec2 = RP3betaRecommender(URM_train_init)
    rec2.fit(topK=77, alpha=0.8401946814961014, beta=0.3073181471251768)

    rec3 = SLIMElasticNetRecommender(URM_train_init)
    rec3.fit(topK=250, alpha=0.00312082198837027, l1_ratio=0.009899185175306373)
}[
    {
        "PRECISION": 0.0554021859,
        "PRECISION_RECALL_MIN_DEN": 0.0924516626,
        "RECALL": 0.0864159735,
        "MAP": 0.0277882357,
        "MAP_MIN_DEN": 0.045538359,
        "MRR": 0.1841618763,
        "NDCG": 0.0896797506,
        "F1": 0.0675179237,
        "HIT_RATE": 0.3625199558,
        "ARHR_ALL_HITS": 0.2244464912,
        "NOVELTY": 0.0043697321,
        "AVERAGE_POPULARITY": 0.1784474725,
        "DIVERSITY_MEAN_INTER_LIST": 0.9555403089,
        "DIVERSITY_HERFINDAHL": 0.995551684,
        "COVERAGE_ITEM": 0.1880687151,
        "COVERAGE_ITEM_HIT": 0.058758722,
        "ITEMS_IN_GT": 0.9936752765,
        "COVERAGE_USER": 0.9780441519,
        "COVERAGE_USER_HIT": 0.3545605227,
        "USERS_IN_GT": 0.9780441519,
        "DIVERSITY_GINI": 0.0229648846,
        "SHANNON_ENTROPY": 9.2073937774,
        "RATIO_DIVERSITY_HERFINDAHL": 0.9958802886,
        "RATIO_DIVERSITY_GINI": 0.0451660563,
        "RATIO_SHANNON_ENTROPY": 0.6823564322,
        "RATIO_AVERAGE_POPULARITY": 3.5065029592,
        "RATIO_NOVELTY": 0.2500153938
    }
]