{
    "alpha": 4.6258227674215327e-05,
    "beta": 0.7235947800745076
}[
    {
        "PRECISION": 0.0553309591,
        "PRECISION_RECALL_MIN_DEN": 0.0922723675,
        "RECALL": 0.0862476224,
        "MAP": 0.0277420874,
        "MAP_MIN_DEN": 0.0454749714,
        "MRR": 0.1839357204,
        "NDCG": 0.0895437381,
        "F1": 0.0674136386,
        "HIT_RATE": 0.3617585656,
        "ARHR_ALL_HITS": 0.2241191772,
        "NOVELTY": 0.0043685436,
        "AVERAGE_POPULARITY": 0.1806784049,
        "DIVERSITY_MEAN_INTER_LIST": 0.9540497585,
        "DIVERSITY_HERFINDAHL": 0.9954026326,
        "COVERAGE_ITEM": 0.1927204472,
        "COVERAGE_ITEM_HIT": 0.058758722,
        "ITEMS_IN_GT": 0.9936752765,
        "COVERAGE_USER": 0.9780441519,
        "COVERAGE_USER_HIT": 0.3538158495,
        "USERS_IN_GT": 0.9780441519,
        "DIVERSITY_GINI": 0.0233169169,
        "SHANNON_ENTROPY": 9.2028840928,
        "RATIO_DIVERSITY_HERFINDAHL": 0.995731188,
        "RATIO_DIVERSITY_GINI": 0.0458584137,
        "RATIO_SHANNON_ENTROPY": 0.6820222212,
        "RATIO_AVERAGE_POPULARITY": 3.550340908,
        "RATIO_NOVELTY": 0.2499473917
    }
]