{
    "alpha": 0.8694899626448637,
    "beta": 0.0001357127058291026
}[
    {
        "PRECISION": 0.0553874493,
        "PRECISION_RECALL_MIN_DEN": 0.0923998897,
        "RECALL": 0.0863571075,
        "MAP": 0.0277799844,
        "MAP_MIN_DEN": 0.0455363803,
        "MRR": 0.1840136333,
        "NDCG": 0.0896431206,
        "F1": 0.0674890101,
        "HIT_RATE": 0.362348029,
        "ARHR_ALL_HITS": 0.2242888136,
        "NOVELTY": 0.0043688608,
        "AVERAGE_POPULARITY": 0.1778609971,
        "DIVERSITY_MEAN_INTER_LIST": 0.9559618214,
        "DIVERSITY_HERFINDAHL": 0.9955938342,
        "COVERAGE_ITEM": 0.185498021,
        "COVERAGE_ITEM_HIT": 0.0586771127,
        "ITEMS_IN_GT": 0.9936752765,
        "COVERAGE_USER": 0.9780441519,
        "COVERAGE_USER_HIT": 0.3543923707,
        "USERS_IN_GT": 0.9780441519,
        "DIVERSITY_GINI": 0.0227328502,
        "SHANNON_ENTROPY": 9.2036285276,
        "RATIO_DIVERSITY_HERFINDAHL": 0.9959224527,
        "RATIO_DIVERSITY_GINI": 0.0447097039,
        "RATIO_SHANNON_ENTROPY": 0.682077391,
        "RATIO_AVERAGE_POPULARITY": 3.4949786848,
        "RATIO_NOVELTY": 0.2499655416
    }
]