{
    "alpha": 0.9616953399568854,
    "beta": 0.48832131882152585,
    "gamma": 0.019345766698375684
}[
    {
        "PRECISION": 0.0554783249,
        "PRECISION_RECALL_MIN_DEN": 0.0921918134,
        "RECALL": 0.086125921,
        "MAP": 0.0276741392,
        "MAP_MIN_DEN": 0.045234017,
        "MRR": 0.1830746732,
        "NDCG": 0.0893217035,
        "F1": 0.0674855729,
        "HIT_RATE": 0.3624462729,
        "ARHR_ALL_HITS": 0.2233447366,
        "NOVELTY": 0.0044033042,
        "AVERAGE_POPULARITY": 0.1712144104,
        "DIVERSITY_MEAN_INTER_LIST": 0.9592726833,
        "DIVERSITY_HERFINDAHL": 0.9959249123,
        "COVERAGE_ITEM": 0.2003917248,
        "COVERAGE_ITEM_HIT": 0.0620639001,
        "ITEMS_IN_GT": 0.9936752765,
        "COVERAGE_USER": 0.9780441519,
        "COVERAGE_USER_HIT": 0.3544884576,
        "USERS_IN_GT": 0.9780441519,
        "DIVERSITY_GINI": 0.0248036414,
        "SHANNON_ENTROPY": 9.3255101603,
        "RATIO_DIVERSITY_HERFINDAHL": 0.99625364,
        "RATIO_DIVERSITY_GINI": 0.0487824208,
        "RATIO_SHANNON_ENTROPY": 0.6911099922,
        "RATIO_AVERAGE_POPULARITY": 3.3643728796,
        "RATIO_NOVELTY": 0.2519362307
    }
]