{
    "alpha": 0.7422150855881888,
    "beta": 7.033578329027971e-05
}[
    {
        "PRECISION": 0.0553825371,
        "PRECISION_RECALL_MIN_DEN": 0.092395494,
        "RECALL": 0.0863467743,
        "MAP": 0.0277700479,
        "MAP_MIN_DEN": 0.0454842289,
        "MRR": 0.18407372,
        "NDCG": 0.0896131698,
        "F1": 0.067482208,
        "HIT_RATE": 0.3625690777,
        "ARHR_ALL_HITS": 0.2243073221,
        "NOVELTY": 0.0043692116,
        "AVERAGE_POPULARITY": 0.1777393789,
        "DIVERSITY_MEAN_INTER_LIST": 0.9560309901,
        "DIVERSITY_HERFINDAHL": 0.9956007509,
        "COVERAGE_ITEM": 0.1857836536,
        "COVERAGE_ITEM_HIT": 0.0587995267,
        "ITEMS_IN_GT": 0.9936752765,
        "COVERAGE_USER": 0.9780441519,
        "COVERAGE_USER_HIT": 0.3546085661,
        "USERS_IN_GT": 0.9780441519,
        "DIVERSITY_GINI": 0.0227444925,
        "SHANNON_ENTROPY": 9.2050161239,
        "RATIO_DIVERSITY_HERFINDAHL": 0.9959293717,
        "RATIO_DIVERSITY_GINI": 0.0447326013,
        "RATIO_SHANNON_ENTROPY": 0.6821802252,
        "RATIO_AVERAGE_POPULARITY": 3.4925888803,
        "RATIO_NOVELTY": 0.2499856138
    }
]