{
    "alpha": 0.9540261802706546,
    "beta": 0.6080159442398231,
    "gamma": 0.01654867632075536
}[
    {
        "PRECISION": 0.055353064,
        "PRECISION_RECALL_MIN_DEN": 0.0923299884,
        "RECALL": 0.0862984634,
        "MAP": 0.0277587596,
        "MAP_MIN_DEN": 0.045490448,
        "MRR": 0.1838846979,
        "NDCG": 0.0895709062,
        "F1": 0.0674455751,
        "HIT_RATE": 0.3619059315,
        "ARHR_ALL_HITS": 0.2241543423,
        "NOVELTY": 0.0043703513,
        "AVERAGE_POPULARITY": 0.1790378346,
        "DIVERSITY_MEAN_INTER_LIST": 0.95510014,
        "DIVERSITY_HERFINDAHL": 0.9955076682,
        "COVERAGE_ITEM": 0.19484229,
        "COVERAGE_ITEM_HIT": 0.0588403313,
        "ITEMS_IN_GT": 0.9936752765,
        "COVERAGE_USER": 0.9780441519,
        "COVERAGE_USER_HIT": 0.3539599798,
        "USERS_IN_GT": 0.9780441519,
        "DIVERSITY_GINI": 0.0231547459,
        "SHANNON_ENTROPY": 9.2077470736,
        "RATIO_DIVERSITY_HERFINDAHL": 0.9958362582,
        "RATIO_DIVERSITY_GINI": 0.0455394649,
        "RATIO_SHANNON_ENTROPY": 0.6823826149,
        "RATIO_AVERAGE_POPULARITY": 3.518103609,
        "RATIO_NOVELTY": 0.2500508216
    }
]