{
    "alpha": 7.156178821342063e-07,
    "beta": 0.7694635999052204
}[
    {
        "PRECISION": 0.0553260469,
        "PRECISION_RECALL_MIN_DEN": 0.0922680109,
        "RECALL": 0.0862422896,
        "MAP": 0.0277409568,
        "MAP_MIN_DEN": 0.0454776624,
        "MRR": 0.1839425429,
        "NDCG": 0.0895455765,
        "F1": 0.0674083637,
        "HIT_RATE": 0.3617831266,
        "ARHR_ALL_HITS": 0.2241217698,
        "NOVELTY": 0.0043687172,
        "AVERAGE_POPULARITY": 0.1806213715,
        "DIVERSITY_MEAN_INTER_LIST": 0.9540814347,
        "DIVERSITY_HERFINDAHL": 0.9954058002,
        "COVERAGE_ITEM": 0.1926388379,
        "COVERAGE_ITEM_HIT": 0.058758722,
        "ITEMS_IN_GT": 0.9936752765,
        "COVERAGE_USER": 0.9780441519,
        "COVERAGE_USER_HIT": 0.3538398712,
        "USERS_IN_GT": 0.9780441519,
        "DIVERSITY_GINI": 0.0233201899,
        "SHANNON_ENTROPY": 9.2034070764,
        "RATIO_DIVERSITY_HERFINDAHL": 0.9957343566,
        "RATIO_DIVERSITY_GINI": 0.045864851,
        "RATIO_SHANNON_ENTROPY": 0.6820609793,
        "RATIO_AVERAGE_POPULARITY": 3.5492201976,
        "RATIO_NOVELTY": 0.2499573271
    }
]