{
    "alpha": 0.9341108120040889,
    "beta": 0.698139921658251,
    "gamma": 0.04215096199363133
}[
    {
        "PRECISION": 0.0556158664,
        "PRECISION_RECALL_MIN_DEN": 0.0924906093,
        "RECALL": 0.0863952036,
        "MAP": 0.0276742796,
        "MAP_MIN_DEN": 0.0451698184,
        "MRR": 0.1827663452,
        "NDCG": 0.0893295767,
        "F1": 0.0676699936,
        "HIT_RATE": 0.3630111752,
        "ARHR_ALL_HITS": 0.2231277716,
        "NOVELTY": 0.0044081692,
        "AVERAGE_POPULARITY": 0.1692627987,
        "DIVERSITY_MEAN_INTER_LIST": 0.9602772841,
        "DIVERSITY_HERFINDAHL": 0.9960253699,
        "COVERAGE_ITEM": 0.2185498021,
        "COVERAGE_ITEM_HIT": 0.0621455094,
        "ITEMS_IN_GT": 0.9936752765,
        "COVERAGE_USER": 0.9780441519,
        "COVERAGE_USER_HIT": 0.355040957,
        "USERS_IN_GT": 0.9780441519,
        "DIVERSITY_GINI": 0.0249612185,
        "SHANNON_ENTROPY": 9.3369732701,
        "RATIO_DIVERSITY_HERFINDAHL": 0.9963541308,
        "RATIO_DIVERSITY_GINI": 0.0490923345,
        "RATIO_SHANNON_ENTROPY": 0.6919595189,
        "RATIO_AVERAGE_POPULARITY": 3.3260235978,
        "RATIO_NOVELTY": 0.2522145839
    }
]