{
    "alpha": 0.019318928403041356,
    "beta": 0.8537494424674974
}{
    factors=110
    alpha=7
    iterations=57
    regularization=0.0008866558623568822

    rec1 = ImplicitALSRecommender(URM_train_init)
    rec1.fit(factors=factors, alpha=alpha, iterations=iterations, regularization=regularization)

    rec2 = RP3betaRecommender(URM_train_init)
    rec2.fit(topK=77, alpha=0.8401946814961014, beta=0.3073181471251768)

    rec3 = SLIMElasticNetRecommender(URM_train_init)
    rec3.fit(topK=250, alpha=0.00312082198837027, l1_ratio=0.009899185175306373)

    hybrid1 = LinearHybridTwoRecommenderTwoVariables(URM_train_init, Recommender_1=rec2,
                                                     Recommender_2=rec3)
    hybrid1.fit(alpha=0.40726736669265445, beta=0.7317482903276693)
}[
    {
        "PRECISION": 0.0553555201,
        "PRECISION_RECALL_MIN_DEN": 0.0923532141,
        "RECALL": 0.086314448,
        "MAP": 0.0277799171,
        "MAP_MIN_DEN": 0.0455315683,
        "MRR": 0.1840042962,
        "NDCG": 0.089625664,
        "F1": 0.0674522798,
        "HIT_RATE": 0.3622497851,
        "ARHR_ALL_HITS": 0.224304096,
        "NOVELTY": 0.004370021,
        "AVERAGE_POPULARITY": 0.1774732853,
        "DIVERSITY_MEAN_INTER_LIST": 0.9561708793,
        "DIVERSITY_HERFINDAHL": 0.9956147395,
        "COVERAGE_ITEM": 0.1856612396,
        "COVERAGE_ITEM_HIT": 0.0585955033,
        "ITEMS_IN_GT": 0.9936752765,
        "COVERAGE_USER": 0.9780441519,
        "COVERAGE_USER_HIT": 0.3542962838,
        "USERS_IN_GT": 0.9780441519,
        "DIVERSITY_GINI": 0.0227635051,
        "SHANNON_ENTROPY": 9.2075345584,
        "RATIO_DIVERSITY_HERFINDAHL": 0.9959433649,
        "RATIO_DIVERSITY_GINI": 0.0447699942,
        "RATIO_SHANNON_ENTROPY": 0.6823668654,
        "RATIO_AVERAGE_POPULARITY": 3.4873601269,
        "RATIO_NOVELTY": 0.2500319237
    }
]