{
    "alpha": 0.9387086199166124,
    "beta": 0.025111055059396526
}[
    {
        "PRECISION": 0.0553358713,
        "PRECISION_RECALL_MIN_DEN": 0.0922118033,
        "RECALL": 0.0861613748,
        "MAP": 0.0277798411,
        "MAP_MIN_DEN": 0.0454487803,
        "MRR": 0.1838515893,
        "NDCG": 0.0895055195,
        "F1": 0.0673909193,
        "HIT_RATE": 0.3616603217,
        "ARHR_ALL_HITS": 0.2242020803,
        "NOVELTY": 0.0043944218,
        "AVERAGE_POPULARITY": 0.1745744088,
        "DIVERSITY_MEAN_INTER_LIST": 0.9575643494,
        "DIVERSITY_HERFINDAHL": 0.9957540831,
        "COVERAGE_ITEM": 0.1878646917,
        "COVERAGE_ITEM_HIT": 0.0609213694,
        "ITEMS_IN_GT": 0.9936752765,
        "COVERAGE_USER": 0.9780441519,
        "COVERAGE_USER_HIT": 0.3537197627,
        "USERS_IN_GT": 0.9780441519,
        "DIVERSITY_GINI": 0.0243670846,
        "SHANNON_ENTROPY": 9.296277926,
        "RATIO_DIVERSITY_HERFINDAHL": 0.9960827545,
        "RATIO_DIVERSITY_GINI": 0.0479238252,
        "RATIO_SHANNON_ENTROPY": 0.6889436025,
        "RATIO_AVERAGE_POPULARITY": 3.4303970383,
        "RATIO_NOVELTY": 0.2514280206
    }
]