{
    "alpha": 0.8376050303458487,
    "beta": 0.0037041748700455254
}[
    {
        "PRECISION": 0.0524548692,
        "PRECISION_RECALL_MIN_DEN": 0.0877966468,
        "RECALL": 0.0821334998,
        "MAP": 0.0258567228,
        "MAP_MIN_DEN": 0.0423887508,
        "MRR": 0.1731668353,
        "NDCG": 0.0843494504,
        "F1": 0.0640219065,
        "HIT_RATE": 0.3500675427,
        "ARHR_ALL_HITS": 0.2100300677,
        "NOVELTY": 0.0044267073,
        "AVERAGE_POPULARITY": 0.1929297356,
        "DIVERSITY_MEAN_INTER_LIST": 0.9423526841,
        "DIVERSITY_HERFINDAHL": 0.9942329539,
        "COVERAGE_ITEM": 0.6443465132,
        "COVERAGE_ITEM_HIT": 0.0557799812,
        "ITEMS_IN_GT": 0.9936752765,
        "COVERAGE_USER": 0.9780441519,
        "COVERAGE_USER_HIT": 0.3423815129,
        "USERS_IN_GT": 0.9780441519,
        "DIVERSITY_GINI": 0.0541392482,
        "SHANNON_ENTROPY": 9.3776152883,
        "RATIO_DIVERSITY_HERFINDAHL": 0.9945611232,
        "RATIO_DIVERSITY_GINI": 0.1064780588,
        "RATIO_SHANNON_ENTROPY": 0.6949714833,
        "RATIO_AVERAGE_POPULARITY": 3.791080252,
        "RATIO_NOVELTY": 0.2532752429
    }
]