{
    "alpha": 0.3451559499855814,
    "beta": 0.8919209371253811
}[
    {
        "PRECISION": 0.0553997298,
        "PRECISION_RECALL_MIN_DEN": 0.0921076433,
        "RECALL": 0.0860474533,
        "MAP": 0.0277155235,
        "MAP_MIN_DEN": 0.0453370787,
        "MRR": 0.183535513,
        "NDCG": 0.0893937815,
        "F1": 0.0674033312,
        "HIT_RATE": 0.361439273,
        "ARHR_ALL_HITS": 0.2237461234,
        "NOVELTY": 0.0043906603,
        "AVERAGE_POPULARITY": 0.1756312259,
        "DIVERSITY_MEAN_INTER_LIST": 0.9569129824,
        "DIVERSITY_HERFINDAHL": 0.995688948,
        "COVERAGE_ITEM": 0.1902313625,
        "COVERAGE_ITEM_HIT": 0.0612478067,
        "ITEMS_IN_GT": 0.9936752765,
        "COVERAGE_USER": 0.9780441519,
        "COVERAGE_USER_HIT": 0.3535035672,
        "USERS_IN_GT": 0.9780441519,
        "DIVERSITY_GINI": 0.0244138619,
        "SHANNON_ENTROPY": 9.285324782,
        "RATIO_DIVERSITY_HERFINDAHL": 0.9960175979,
        "RATIO_DIVERSITY_GINI": 0.0480158242,
        "RATIO_SHANNON_ENTROPY": 0.6881318692,
        "RATIO_AVERAGE_POPULARITY": 3.451163554,
        "RATIO_NOVELTY": 0.2512128083
    }
]