{
    "alpha": 0.6192629587671578
}[
    {
        "PRECISION": 0.0551835933,
        "PRECISION_RECALL_MIN_DEN": 0.0921089201,
        "RECALL": 0.0861267078,
        "MAP": 0.0275991756,
        "MAP_MIN_DEN": 0.0452323803,
        "MRR": 0.1830169256,
        "NDCG": 0.0892008259,
        "F1": 0.0672673001,
        "HIT_RATE": 0.361463834,
        "ARHR_ALL_HITS": 0.2229667901,
        "NOVELTY": 0.0043568095,
        "AVERAGE_POPULARITY": 0.1852488267,
        "DIVERSITY_MEAN_INTER_LIST": 0.9508242802,
        "DIVERSITY_HERFINDAHL": 0.9950800927,
        "COVERAGE_ITEM": 0.2196923328,
        "COVERAGE_ITEM_HIT": 0.058269066,
        "ITEMS_IN_GT": 0.9936752765,
        "COVERAGE_USER": 0.9780441519,
        "COVERAGE_USER_HIT": 0.3535275889,
        "USERS_IN_GT": 0.9780441519,
        "DIVERSITY_GINI": 0.0231915433,
        "SHANNON_ENTROPY": 9.1472535842,
        "RATIO_DIVERSITY_HERFINDAHL": 0.9954085416,
        "RATIO_DIVERSITY_GINI": 0.0456118359,
        "RATIO_SHANNON_ENTROPY": 0.6778994655,
        "RATIO_AVERAGE_POPULARITY": 3.6401499554,
        "RATIO_NOVELTY": 0.2492760254
    }
]