{
    "alpha": 0.10220754884218108,
    "beta": 0.2545876674688894
}[
    {
        "PRECISION": 0.0553948176,
        "PRECISION_RECALL_MIN_DEN": 0.092164387,
        "RECALL": 0.0861021563,
        "MAP": 0.0277114037,
        "MAP_MIN_DEN": 0.0453372378,
        "MRR": 0.1834896756,
        "NDCG": 0.0893922434,
        "F1": 0.06741647,
        "HIT_RATE": 0.3615866388,
        "ARHR_ALL_HITS": 0.2236952471,
        "NOVELTY": 0.0043982855,
        "AVERAGE_POPULARITY": 0.174204944,
        "DIVERSITY_MEAN_INTER_LIST": 0.9576845639,
        "DIVERSITY_HERFINDAHL": 0.9957661042,
        "COVERAGE_ITEM": 0.1905169951,
        "COVERAGE_ITEM_HIT": 0.0621047048,
        "ITEMS_IN_GT": 0.9936752765,
        "COVERAGE_USER": 0.9780441519,
        "COVERAGE_USER_HIT": 0.3536476975,
        "USERS_IN_GT": 0.9780441519,
        "DIVERSITY_GINI": 0.0249116413,
        "SHANNON_ENTROPY": 9.3141455404,
        "RATIO_DIVERSITY_HERFINDAHL": 0.9960947796,
        "RATIO_DIVERSITY_GINI": 0.048994829,
        "RATIO_SHANNON_ENTROPY": 0.6902677646,
        "RATIO_AVERAGE_POPULARITY": 3.4231370333,
        "RATIO_NOVELTY": 0.2516490841
    }
]