{
    "alpha": 0.315009274340517,
    "beta": 0.7350058549200724
}[
    {
        "PRECISION": 0.0554881493,
        "PRECISION_RECALL_MIN_DEN": 0.0922671922,
        "RECALL": 0.0862006619,
        "MAP": 0.0277128764,
        "MAP_MIN_DEN": 0.0454048778,
        "MRR": 0.1836223439,
        "NDCG": 0.0895101643,
        "F1": 0.0675157785,
        "HIT_RATE": 0.3624217119,
        "ARHR_ALL_HITS": 0.2237963759,
        "NOVELTY": 0.0043757838,
        "AVERAGE_POPULARITY": 0.1793935782,
        "DIVERSITY_MEAN_INTER_LIST": 0.9548006938,
        "DIVERSITY_HERFINDAHL": 0.9954777243,
        "COVERAGE_ITEM": 0.205288285,
        "COVERAGE_ITEM_HIT": 0.0610845881,
        "ITEMS_IN_GT": 0.9936752765,
        "COVERAGE_USER": 0.9780441519,
        "COVERAGE_USER_HIT": 0.3544644359,
        "USERS_IN_GT": 0.9780441519,
        "DIVERSITY_GINI": 0.023775237,
        "SHANNON_ENTROPY": 9.2295434771,
        "RATIO_DIVERSITY_HERFINDAHL": 0.9958063045,
        "RATIO_DIVERSITY_GINI": 0.0467598122,
        "RATIO_SHANNON_ENTROPY": 0.683997938,
        "RATIO_AVERAGE_POPULARITY": 3.5250939901,
        "RATIO_NOVELTY": 0.2503616467
    }
]