{
    "alpha": 0.2358811629263371,
    "beta": 0.550414876340152
}[
    {
        "PRECISION": 0.0554881493,
        "PRECISION_RECALL_MIN_DEN": 0.0922671922,
        "RECALL": 0.0862006619,
        "MAP": 0.0277132857,
        "MAP_MIN_DEN": 0.0454059012,
        "MRR": 0.1836264374,
        "NDCG": 0.0895114196,
        "F1": 0.0675157785,
        "HIT_RATE": 0.3624217119,
        "ARHR_ALL_HITS": 0.2238004694,
        "NOVELTY": 0.0043757719,
        "AVERAGE_POPULARITY": 0.1793942477,
        "DIVERSITY_MEAN_INTER_LIST": 0.9548008424,
        "DIVERSITY_HERFINDAHL": 0.9954777392,
        "COVERAGE_ITEM": 0.2052474803,
        "COVERAGE_ITEM_HIT": 0.0610845881,
        "ITEMS_IN_GT": 0.9936752765,
        "COVERAGE_USER": 0.9780441519,
        "COVERAGE_USER_HIT": 0.3544644359,
        "USERS_IN_GT": 0.9780441519,
        "DIVERSITY_GINI": 0.0237741735,
        "SHANNON_ENTROPY": 9.2295041975,
        "RATIO_DIVERSITY_HERFINDAHL": 0.9958063193,
        "RATIO_DIVERSITY_GINI": 0.0467577205,
        "RATIO_SHANNON_ENTROPY": 0.683995027,
        "RATIO_AVERAGE_POPULARITY": 3.525107146,
        "RATIO_NOVELTY": 0.2503609618
    }
]