{
    "alpha": 0.3360181224924954,
    "beta": 0.8405991344378041
}[
    {
        "PRECISION": 0.0553997298,
        "PRECISION_RECALL_MIN_DEN": 0.092102468,
        "RECALL": 0.0860374243,
        "MAP": 0.0277117585,
        "MAP_MIN_DEN": 0.0453235633,
        "MRR": 0.1834734381,
        "NDCG": 0.0893751383,
        "F1": 0.0674002541,
        "HIT_RATE": 0.3613164681,
        "ARHR_ALL_HITS": 0.2236895844,
        "NOVELTY": 0.0043913427,
        "AVERAGE_POPULARITY": 0.1755539566,
        "DIVERSITY_MEAN_INTER_LIST": 0.9569386405,
        "DIVERSITY_HERFINDAHL": 0.9956915137,
        "COVERAGE_ITEM": 0.1918635492,
        "COVERAGE_ITEM_HIT": 0.0611253927,
        "ITEMS_IN_GT": 0.9936752765,
        "COVERAGE_USER": 0.9780441519,
        "COVERAGE_USER_HIT": 0.3533834586,
        "USERS_IN_GT": 0.9780441519,
        "DIVERSITY_GINI": 0.0244722829,
        "SHANNON_ENTROPY": 9.2874616814,
        "RATIO_DIVERSITY_HERFINDAHL": 0.9960201645,
        "RATIO_DIVERSITY_GINI": 0.0481307234,
        "RATIO_SHANNON_ENTROPY": 0.688290234,
        "RATIO_AVERAGE_POPULARITY": 3.4496452084,
        "RATIO_NOVELTY": 0.2512518489
    }
]