{
    "alpha": 0.25904856631144,
    "beta": 0.6480171034227084
}[
    {
        "PRECISION": 0.0553923615,
        "PRECISION_RECALL_MIN_DEN": 0.0921513853,
        "RECALL": 0.0860895639,
        "MAP": 0.0277114632,
        "MAP_MIN_DEN": 0.0453377413,
        "MRR": 0.1835013518,
        "NDCG": 0.0893912524,
        "F1": 0.0674107909,
        "HIT_RATE": 0.3615620779,
        "ARHR_ALL_HITS": 0.2237043892,
        "NOVELTY": 0.0043981566,
        "AVERAGE_POPULARITY": 0.1742217259,
        "DIVERSITY_MEAN_INTER_LIST": 0.9576780534,
        "DIVERSITY_HERFINDAHL": 0.9957654532,
        "COVERAGE_ITEM": 0.1902721671,
        "COVERAGE_ITEM_HIT": 0.0621047048,
        "ITEMS_IN_GT": 0.9936752765,
        "COVERAGE_USER": 0.9780441519,
        "COVERAGE_USER_HIT": 0.3536236758,
        "USERS_IN_GT": 0.9780441519,
        "DIVERSITY_GINI": 0.0249018466,
        "SHANNON_ENTROPY": 9.3137494291,
        "RATIO_DIVERSITY_HERFINDAHL": 0.9960941283,
        "RATIO_DIVERSITY_GINI": 0.0489755653,
        "RATIO_SHANNON_ENTROPY": 0.6902384089,
        "RATIO_AVERAGE_POPULARITY": 3.4234667986,
        "RATIO_NOVELTY": 0.2516417106
    }
]