{
    "alpha": 0.32667518840471554,
    "beta": 0.6478251018246304
}{
    rec1 = RP3betaRecommender(URM_train_init)
    rec1.fit(alpha=0.8401946814961014, beta=0.3073181471251768, topK=77),

    rec2 = SLIMElasticNetRecommender(URM_train_init)
    rec2.fit(topK=241, alpha=0.0031642653228324906, l1_ratio=0.009828283497311959)
}[
    {
        "PRECISION": 0.0553260469,
        "PRECISION_RECALL_MIN_DEN": 0.092256091,
        "RECALL": 0.0862200512,
        "MAP": 0.0277390718,
        "MAP_MIN_DEN": 0.0454531093,
        "MRR": 0.1839011012,
        "NDCG": 0.0895206565,
        "F1": 0.0674015697,
        "HIT_RATE": 0.3617340047,
        "ARHR_ALL_HITS": 0.2240908639,
        "NOVELTY": 0.0043677178,
        "AVERAGE_POPULARITY": 0.1805437395,
        "DIVERSITY_MEAN_INTER_LIST": 0.9541636895,
        "DIVERSITY_HERFINDAHL": 0.9954140254,
        "COVERAGE_ITEM": 0.1892928551,
        "COVERAGE_ITEM_HIT": 0.058636308,
        "ITEMS_IN_GT": 0.9936752765,
        "COVERAGE_USER": 0.9780441519,
        "COVERAGE_USER_HIT": 0.3537918278,
        "USERS_IN_GT": 0.9780441519,
        "DIVERSITY_GINI": 0.0232117236,
        "SHANNON_ENTROPY": 9.2010304691,
        "RATIO_DIVERSITY_HERFINDAHL": 0.9957425846,
        "RATIO_DIVERSITY_GINI": 0.0456515254,
        "RATIO_SHANNON_ENTROPY": 0.6818848499,
        "RATIO_AVERAGE_POPULARITY": 3.5476947258,
        "RATIO_NOVELTY": 0.2499001463
    }
]