{
    "alpha": 0.38909525573549897,
    "beta": 0.9121665667125102
}[
    {
        "PRECISION": 0.0554881493,
        "PRECISION_RECALL_MIN_DEN": 0.0922699212,
        "RECALL": 0.0862054095,
        "MAP": 0.0277155722,
        "MAP_MIN_DEN": 0.0454094306,
        "MRR": 0.1836493707,
        "NDCG": 0.0895165971,
        "F1": 0.0675172347,
        "HIT_RATE": 0.3624217119,
        "ARHR_ALL_HITS": 0.2238227302,
        "NOVELTY": 0.0043756677,
        "AVERAGE_POPULARITY": 0.1794043881,
        "DIVERSITY_MEAN_INTER_LIST": 0.9547975099,
        "DIVERSITY_HERFINDAHL": 0.9954774059,
        "COVERAGE_ITEM": 0.204798629,
        "COVERAGE_ITEM_HIT": 0.0610845881,
        "ITEMS_IN_GT": 0.9936752765,
        "COVERAGE_USER": 0.9780441519,
        "COVERAGE_USER_HIT": 0.3544644359,
        "USERS_IN_GT": 0.9780441519,
        "DIVERSITY_GINI": 0.0237609982,
        "SHANNON_ENTROPY": 9.2291183534,
        "RATIO_DIVERSITY_HERFINDAHL": 0.995805986,
        "RATIO_DIVERSITY_GINI": 0.0467318083,
        "RATIO_SHANNON_ENTROPY": 0.6839664322,
        "RATIO_AVERAGE_POPULARITY": 3.5253064063,
        "RATIO_NOVELTY": 0.2503549994
    }
]