{
    "alpha": 0.33239112018954925,
    "beta": 0.8231491409786871
}[
    {
        "PRECISION": 0.0554070981,
        "PRECISION_RECALL_MIN_DEN": 0.0921808974,
        "RECALL": 0.0861132035,
        "MAP": 0.0277120499,
        "MAP_MIN_DEN": 0.045341,
        "MRR": 0.1834958061,
        "NDCG": 0.0894031721,
        "F1": 0.0674289506,
        "HIT_RATE": 0.3616848827,
        "ARHR_ALL_HITS": 0.2237014165,
        "NOVELTY": 0.0043984393,
        "AVERAGE_POPULARITY": 0.1741744668,
        "DIVERSITY_MEAN_INTER_LIST": 0.957698377,
        "DIVERSITY_HERFINDAHL": 0.9957674855,
        "COVERAGE_ITEM": 0.1905986045,
        "COVERAGE_ITEM_HIT": 0.0621047048,
        "ITEMS_IN_GT": 0.9936752765,
        "COVERAGE_USER": 0.9780441519,
        "COVERAGE_USER_HIT": 0.3537437844,
        "USERS_IN_GT": 0.9780441519,
        "DIVERSITY_GINI": 0.0249192742,
        "SHANNON_ENTROPY": 9.3145815889,
        "RATIO_DIVERSITY_HERFINDAHL": 0.9960961613,
        "RATIO_DIVERSITY_GINI": 0.0490098409,
        "RATIO_SHANNON_ENTROPY": 0.6903000799,
        "RATIO_AVERAGE_POPULARITY": 3.4225381561,
        "RATIO_NOVELTY": 0.2516578825
    }
]