{
    "alpha": 0.6224531508221213
}[
    {
        "PRECISION": 0.0551835933,
        "PRECISION_RECALL_MIN_DEN": 0.0921068831,
        "RECALL": 0.0861237835,
        "MAP": 0.0275959233,
        "MAP_MIN_DEN": 0.0452391483,
        "MRR": 0.1830211556,
        "NDCG": 0.0892062642,
        "F1": 0.0672664081,
        "HIT_RATE": 0.3615620779,
        "ARHR_ALL_HITS": 0.2229548117,
        "NOVELTY": 0.0043567887,
        "AVERAGE_POPULARITY": 0.1853024969,
        "DIVERSITY_MEAN_INTER_LIST": 0.9507819207,
        "DIVERSITY_HERFINDAHL": 0.9950758569,
        "COVERAGE_ITEM": 0.2205900355,
        "COVERAGE_ITEM_HIT": 0.058269066,
        "ITEMS_IN_GT": 0.9936752765,
        "COVERAGE_USER": 0.9780441519,
        "COVERAGE_USER_HIT": 0.3536236758,
        "USERS_IN_GT": 0.9780441519,
        "DIVERSITY_GINI": 0.0232049688,
        "SHANNON_ENTROPY": 9.1468907416,
        "RATIO_DIVERSITY_HERFINDAHL": 0.9954043044,
        "RATIO_DIVERSITY_GINI": 0.0456382405,
        "RATIO_SHANNON_ENTROPY": 0.6778725754,
        "RATIO_AVERAGE_POPULARITY": 3.6412045791,
        "RATIO_NOVELTY": 0.2492748321
    }
]