recommender,factors,alpha,regularization,iterations,MAP
ImplicitALSRecommender,493,22,0.001,46,0.0016878038037692257
ImplicitALSRecommender,505,64,0.001,86,0.0016273815914021276
ImplicitALSRecommender,493,59,0.001,33,0.0013703897528109237
ImplicitALSRecommender,231,27,0.001,15,0.0014521995754772747
ImplicitALSRecommender,591,89,0.001,100,0.0014906636983218072
ImplicitALSRecommender,611,53,0.001,96,0.0015556170484782594
ImplicitALSRecommender,619,78,0.001,72,0.0014473232055727213
ImplicitALSRecommender,289,81,0.001,54,0.0014742174401993682
