recommender,alpha,l1_ratio,TopK,MAP
RP3betaRecommender,0.27325086528540143,0.273335186077171,388,0.005160300102553925
