recommender,alpha,beta,MAP
Recommender_Base_Class,0.97683008559347,0.08735159752857691,0.005059187228265802
Recommender_Base_Class,0.5134032773514774,0.0779083167819391,0.0050303409682421205
Recommender_Base_Class,0.7624329292381941,0.3832913925455954,0.005092784062395322
Recommender_Base_Class,0.8979827598101155,0.29239568240897973,0.005076153748167582
