recommender,topK,epochs,lambda_i,lambda_j,MAP
SLIM_BPR_Recommender,2045,22,0.004539343817080842,0.002404071285735009,0.0036664058850709794
SLIM_BPR_Recommender,3717,26,0.00492579355090649,0.002480542352685496,0.003693700050481615
SLIM_BPR_Recommender,2124,79,0.00206790373777682,0.0052497087027239394,0.0037584595451743397
SLIM_BPR_Recommender,451,98,0.002866887435619489,2.4356271239419253e-05,0.0037646402538945717
