{
    "topK": 333,
    "epochs": 34,
    "lambda_i": 0.0038117979563100715,
    "lambda_j": 0.009679566440959884
}[
    {
        "PRECISION": 0.0374987717,
        "PRECISION_RECALL_MIN_DEN": 0.0649334069,
        "RECALL": 0.0612211274,
        "MAP": 0.0167089783,
        "MAP_MIN_DEN": 0.0286788413,
        "MRR": 0.1250076912,
        "NDCG": 0.0634445947,
        "F1": 0.0465097129,
        "HIT_RATE": 0.2786675838,
        "ARHR_ALL_HITS": 0.1439177257,
        "NOVELTY": 0.0038750374,
        "AVERAGE_POPULARITY": 0.3455079143,
        "DIVERSITY_MEAN_INTER_LIST": 0.7469915921,
        "DIVERSITY_HERFINDAHL": 0.9746973242,
        "COVERAGE_ITEM": 0.411433468,
        "COVERAGE_ITEM_HIT": 0.0218304974,
        "ITEMS_IN_GT": 0.9928183784,
        "COVERAGE_USER": 0.9778759999,
        "COVERAGE_USER_HIT": 0.2725023421,
        "USERS_IN_GT": 0.9778759999,
        "DIVERSITY_GINI": 0.0173152515,
        "SHANNON_ENTROPY": 6.9506166929,
        "RATIO_DIVERSITY_HERFINDAHL": 0.9750200125,
        "RATIO_DIVERSITY_GINI": 0.0342346271,
        "RATIO_SHANNON_ENTROPY": 0.5152316204,
        "RATIO_AVERAGE_POPULARITY": 6.804509905,
        "RATIO_NOVELTY": 0.2608997522
    }
]