{
    "topK": 184,
    "shrink": 52.48969241807532
}[
    {
        "PRECISION": 0.0524185157,
        "PRECISION_RECALL_MIN_DEN": 0.0711537981,
        "RECALL": 0.0618517996,
        "MAP": 0.0247558017,
        "MAP_MIN_DEN": 0.0331283981,
        "MRR": 0.1617252893,
        "NDCG": 0.0760805509,
        "F1": 0.0567457878,
        "HIT_RATE": 0.3394875021,
        "ARHR_ALL_HITS": 0.1988068736,
        "NOVELTY": 0.0046077761,
        "AVERAGE_POPULARITY": 0.1773483802,
        "DIVERSITY_MEAN_INTER_LIST": 0.9404381848,
        "DIVERSITY_HERFINDAHL": 0.9940415429,
        "COVERAGE_ITEM": 0.8199698045,
        "COVERAGE_ITEM_HIT": 0.0548006692,
        "ITEMS_IN_GT": 0.9982862039,
        "COVERAGE_USER": 0.9927454419,
        "COVERAGE_USER_HIT": 0.3370246703,
        "USERS_IN_GT": 0.9927454419,
        "DIVERSITY_GINI": 0.0976640255,
        "SHANNON_ENTROPY": 9.8548269407,
        "RATIO_DIVERSITY_HERFINDAHL": 0.9943687875,
        "RATIO_DIVERSITY_GINI": 0.193834598,
        "RATIO_SHANNON_ENTROPY": 0.7305315502,
        "RATIO_AVERAGE_POPULARITY": 3.4928204517,
        "RATIO_NOVELTY": 0.3502333367
    }
]