{
    "topK": 400,
    "shrink": 196.50143026529352,
    "similarity": "asym",
    "normalization": "bm25",
    "icm_weight": 80
}[
    {
        "PRECISION": 0.0477830455,
        "PRECISION_RECALL_MIN_DEN": 0.0795951872,
        "RECALL": 0.0743704109,
        "MAP": 0.0233223543,
        "MAP_MIN_DEN": 0.0381141971,
        "MRR": 0.1594867287,
        "NDCG": 0.0817033281,
        "F1": 0.0581832857,
        "HIT_RATE": 0.3242526223,
        "ARHR_ALL_HITS": 0.191327958,
        "NOVELTY": 0.0044342461,
        "AVERAGE_POPULARITY": 0.2152647211,
        "DIVERSITY_MEAN_INTER_LIST": 0.9141634245,
        "DIVERSITY_HERFINDAHL": 0.9914140968,
        "COVERAGE_ITEM": 0.7466030114,
        "COVERAGE_ITEM_HIT": 0.0531684825,
        "ITEMS_IN_GT": 0.9927367691,
        "COVERAGE_USER": 0.9779000216,
        "COVERAGE_USER_HIT": 0.3170866463,
        "USERS_IN_GT": 0.9779000216,
        "DIVERSITY_GINI": 0.0678635002,
        "SHANNON_ENTROPY": 9.2000779149,
        "RATIO_DIVERSITY_HERFINDAHL": 0.9917411291,
        "RATIO_DIVERSITY_GINI": 0.1334532551,
        "RATIO_SHANNON_ENTROPY": 0.6817771654,
        "RATIO_AVERAGE_POPULARITY": 4.2426772886,
        "RATIO_NOVELTY": 0.2536927789
    }
]