{
    "topK": 157,
    "shrink": 186.40047767299245
}[
    {
        "PRECISION": 0.0474190059,
        "PRECISION_RECALL_MIN_DEN": 0.0792296991,
        "RECALL": 0.0739175713,
        "MAP": 0.0233355261,
        "MAP_MIN_DEN": 0.03802703,
        "MRR": 0.1597039231,
        "NDCG": 0.0831640266,
        "F1": 0.0577747919,
        "HIT_RATE": 0.3230421317,
        "ARHR_ALL_HITS": 0.1916192899,
        "NOVELTY": 0.0043705187,
        "AVERAGE_POPULARITY": 0.1975065771,
        "DIVERSITY_MEAN_INTER_LIST": 0.9255964568,
        "DIVERSITY_HERFINDAHL": 0.9925573705,
        "COVERAGE_ITEM": 0.3744236341,
        "COVERAGE_ITEM_HIT": 0.0568000979,
        "ITEMS_IN_GT": 0.9924511364,
        "COVERAGE_USER": 0.9772514353,
        "COVERAGE_USER_HIT": 0.3156933868,
        "USERS_IN_GT": 0.9772514353,
        "DIVERSITY_GINI": 0.0294059536,
        "SHANNON_ENTROPY": 8.9224154749,
        "RATIO_DIVERSITY_HERFINDAHL": 0.9928856766,
        "RATIO_DIVERSITY_GINI": 0.0578251913,
        "RATIO_SHANNON_ENTROPY": 0.6612116559,
        "RATIO_AVERAGE_POPULARITY": 3.9169989885,
        "RATIO_NOVELTY": 0.2500508906
    }
]