{
    "topK": 1101,
    "shrink": 353.58554278023007
}[
    {
        "PRECISION": 0.0453153795,
        "PRECISION_RECALL_MIN_DEN": 0.0751909388,
        "RECALL": 0.0702823476,
        "MAP": 0.0219581696,
        "MAP_MIN_DEN": 0.0358159348,
        "MRR": 0.1518455594,
        "NDCG": 0.0777575194,
        "F1": 0.0551026622,
        "HIT_RATE": 0.3120377423,
        "ARHR_ALL_HITS": 0.1811203568,
        "NOVELTY": 0.0042177273,
        "AVERAGE_POPULARITY": 0.2387926054,
        "DIVERSITY_MEAN_INTER_LIST": 0.8875991614,
        "DIVERSITY_HERFINDAHL": 0.9887577352,
        "COVERAGE_ITEM": 0.3577345248,
        "COVERAGE_ITEM_HIT": 0.0448035255,
        "ITEMS_IN_GT": 0.9935528624,
        "COVERAGE_USER": 0.977611761,
        "COVERAGE_USER_HIT": 0.3050517668,
        "USERS_IN_GT": 0.977611761,
        "DIVERSITY_GINI": 0.0223760581,
        "SHANNON_ENTROPY": 8.298059466,
        "RATIO_DIVERSITY_HERFINDAHL": 0.989084419,
        "RATIO_DIVERSITY_GINI": 0.0440115572,
        "RATIO_SHANNON_ENTROPY": 0.6149758225,
        "RATIO_AVERAGE_POPULARITY": 4.7117221795,
        "RATIO_NOVELTY": 0.241322248
    }
]