{
    "topK": 3228,
    "shrink": 1665.2431108249625,
    "similarity": "dice",
    "feature_weighting": "bm25",
    "normalization": "bm25",
    "icm_weight": 58
}[
    {
        "PRECISION": 0.0488539668,
        "PRECISION_RECALL_MIN_DEN": 0.0826680638,
        "RECALL": 0.0776114885,
        "MAP": 0.0239062777,
        "MAP_MIN_DEN": 0.039854763,
        "MRR": 0.1643575805,
        "NDCG": 0.0842883039,
        "F1": 0.0599630796,
        "HIT_RATE": 0.333972751,
        "ARHR_ALL_HITS": 0.1968147496,
        "NOVELTY": 0.0042391327,
        "AVERAGE_POPULARITY": 0.2504450978,
        "DIVERSITY_MEAN_INTER_LIST": 0.8826456076,
        "DIVERSITY_HERFINDAHL": 0.9882623901,
        "COVERAGE_ITEM": 0.3815236463,
        "COVERAGE_ITEM_HIT": 0.0494552577,
        "ITEMS_IN_GT": 0.9923695271,
        "COVERAGE_USER": 0.976771001,
        "COVERAGE_USER_HIT": 0.3262148983,
        "USERS_IN_GT": 0.976771001,
        "DIVERSITY_GINI": 0.0255216455,
        "SHANNON_ENTROPY": 8.4032664159,
        "RATIO_DIVERSITY_HERFINDAHL": 0.9885883973,
        "RATIO_DIVERSITY_GINI": 0.0502241612,
        "RATIO_SHANNON_ENTROPY": 0.6227513167,
        "RATIO_AVERAGE_POPULARITY": 4.9304863131,
        "RATIO_NOVELTY": 0.2425386197
    }
]