{
    "topK": 165,
    "shrink": 877.2156317553018
}[
    {
        "PRECISION": 0.0461702912,
        "PRECISION_RECALL_MIN_DEN": 0.0771328232,
        "RECALL": 0.0721092889,
        "MAP": 0.0227945216,
        "MAP_MIN_DEN": 0.0375784499,
        "MRR": 0.1578025556,
        "NDCG": 0.0807914792,
        "F1": 0.0562955476,
        "HIT_RATE": 0.3163042143,
        "ARHR_ALL_HITS": 0.1883804902,
        "NOVELTY": 0.0042516533,
        "AVERAGE_POPULARITY": 0.2140223782,
        "DIVERSITY_MEAN_INTER_LIST": 0.9137189621,
        "DIVERSITY_HERFINDAHL": 0.9913696509,
        "COVERAGE_ITEM": 0.2856326764,
        "COVERAGE_ITEM_HIT": 0.0470477823,
        "ITEMS_IN_GT": 0.9933896438,
        "COVERAGE_USER": 0.9775637176,
        "COVERAGE_USER_HIT": 0.3092075236,
        "USERS_IN_GT": 0.9775637176,
        "DIVERSITY_GINI": 0.0195440287,
        "SHANNON_ENTROPY": 8.4975974846,
        "RATIO_DIVERSITY_HERFINDAHL": 0.991697926,
        "RATIO_DIVERSITY_GINI": 0.0384272837,
        "RATIO_SHANNON_ENTROPY": 0.6297693836,
        "RATIO_AVERAGE_POPULARITY": 4.2363433709,
        "RATIO_NOVELTY": 0.2432655411
    }
]