{
    "topK": 189,
    "shrink": 53.844363573976004
}[
    {
        "PRECISION": 0.0388404373,
        "PRECISION_RECALL_MIN_DEN": 0.063945042,
        "RECALL": 0.0596350113,
        "MAP": 0.0182353217,
        "MAP_MIN_DEN": 0.029740393,
        "MRR": 0.129597803,
        "NDCG": 0.0657202164,
        "F1": 0.0470421806,
        "HIT_RATE": 0.2735290505,
        "ARHR_ALL_HITS": 0.1528574743,
        "NOVELTY": 0.0041613196,
        "AVERAGE_POPULARITY": 0.1771209081,
        "DIVERSITY_MEAN_INTER_LIST": 0.9381382358,
        "DIVERSITY_HERFINDAHL": 0.9938115189,
        "COVERAGE_ITEM": 0.5725471968,
        "COVERAGE_ITEM_HIT": 0.0381149886,
        "ITEMS_IN_GT": 0.9077874714,
        "COVERAGE_USER": 0.97775696,
        "COVERAGE_USER_HIT": 0.2674449329,
        "USERS_IN_GT": 0.97775696,
        "DIVERSITY_GINI": 0.0615296836,
        "SHANNON_ENTROPY": 9.6344466553,
        "RATIO_DIVERSITY_HERFINDAHL": 0.9941226778,
        "RATIO_DIVERSITY_GINI": 0.1339799837,
        "RATIO_SHANNON_ENTROPY": 0.7102945532,
        "RATIO_AVERAGE_POPULARITY": 3.4856125299,
        "RATIO_NOVELTY": 0.308844662
    }
]