{
    "topK": 235,
    "shrink": 15.254006295776568,
    "similarity": "rp3beta",
    "normalization": "tfidf",
    "icm_weight": 53
}[
    {
        "PRECISION": 0.0456843812,
        "PRECISION_RECALL_MIN_DEN": 0.0773446247,
        "RECALL": 0.0724377997,
        "MAP": 0.0220928116,
        "MAP_MIN_DEN": 0.036671367,
        "MRR": 0.1542234347,
        "NDCG": 0.0788212676,
        "F1": 0.056031408,
        "HIT_RATE": 0.3176580428,
        "ARHR_ALL_HITS": 0.1833299502,
        "NOVELTY": 0.0041010119,
        "AVERAGE_POPULARITY": 0.2750802883,
        "DIVERSITY_MEAN_INTER_LIST": 0.8536643663,
        "DIVERSITY_HERFINDAHL": 0.9853643392,
        "COVERAGE_ITEM": 0.3816460603,
        "COVERAGE_ITEM_HIT": 0.0420696128,
        "ITEMS_IN_GT": 0.9933488391,
        "COVERAGE_USER": 0.9777078479,
        "COVERAGE_USER_HIT": 0.3105767614,
        "USERS_IN_GT": 0.9777078479,
        "DIVERSITY_GINI": 0.0198236183,
        "SHANNON_ENTROPY": 7.8866241817,
        "RATIO_DIVERSITY_HERFINDAHL": 0.9856904876,
        "RATIO_DIVERSITY_GINI": 0.0389894611,
        "RATIO_SHANNON_ENTROPY": 0.5844805677,
        "RATIO_AVERAGE_POPULARITY": 5.4494085976,
        "RATIO_NOVELTY": 0.2346428524
    }
]