{
    "topK": 165,
    "shrink": 21.12990644177724
}[
    {
        "PRECISION": 0.0473447522,
        "PRECISION_RECALL_MIN_DEN": 0.0785249715,
        "RECALL": 0.073277737,
        "MAP": 0.023146335,
        "MAP_MIN_DEN": 0.0377415445,
        "MRR": 0.1572330505,
        "NDCG": 0.0795888912,
        "F1": 0.0575235401,
        "HIT_RATE": 0.3205711056,
        "ARHR_ALL_HITS": 0.1893060075,
        "NOVELTY": 0.0043671013,
        "AVERAGE_POPULARITY": 0.1992057942,
        "DIVERSITY_MEAN_INTER_LIST": 0.9253593129,
        "DIVERSITY_HERFINDAHL": 0.9925336573,
        "COVERAGE_ITEM": 0.3570000408,
        "COVERAGE_ITEM_HIT": 0.0570041213,
        "ITEMS_IN_GT": 0.9929815971,
        "COVERAGE_USER": 0.9775156742,
        "COVERAGE_USER_HIT": 0.3133632804,
        "USERS_IN_GT": 0.9775156742,
        "DIVERSITY_GINI": 0.0280574358,
        "SHANNON_ENTROPY": 8.8912767036,
        "RATIO_DIVERSITY_HERFINDAHL": 0.9928612909,
        "RATIO_DIVERSITY_GINI": 0.0551853244,
        "RATIO_SHANNON_ENTROPY": 0.6589086838,
        "RATIO_AVERAGE_POPULARITY": 3.9471748064,
        "RATIO_NOVELTY": 0.2498571258
    }
]