{
    "topK": 182,
    "shrink": 55.205665654140525
}[
    {
        "PRECISION": 0.0518393839,
        "PRECISION_RECALL_MIN_DEN": 0.0699370284,
        "RECALL": 0.0606100778,
        "MAP": 0.0246370765,
        "MAP_MIN_DEN": 0.0328711416,
        "MRR": 0.1611251039,
        "NDCG": 0.0754498274,
        "F1": 0.055882688,
        "HIT_RATE": 0.3347945073,
        "ARHR_ALL_HITS": 0.197814803,
        "NOVELTY": 0.004614206,
        "AVERAGE_POPULARITY": 0.1801258664,
        "DIVERSITY_MEAN_INTER_LIST": 0.940487389,
        "DIVERSITY_HERFINDAHL": 0.9940464612,
        "COVERAGE_ITEM": 0.8312318929,
        "COVERAGE_ITEM_HIT": 0.0545150365,
        "ITEMS_IN_GT": 0.9986942506,
        "COVERAGE_USER": 0.9918806601,
        "COVERAGE_USER_HIT": 0.3320761969,
        "USERS_IN_GT": 0.9918806601,
        "DIVERSITY_GINI": 0.1019358456,
        "SHANNON_ENTROPY": 9.8953695971,
        "RATIO_DIVERSITY_HERFINDAHL": 0.9943753038,
        "RATIO_DIVERSITY_GINI": 0.2026093562,
        "RATIO_SHANNON_ENTROPY": 0.7336934461,
        "RATIO_AVERAGE_POPULARITY": 3.4961804332,
        "RATIO_NOVELTY": 0.3507968961
    }
]