{
    "topK": 178,
    "shrink": 52.21124347101447
}[
    {
        "PRECISION": 0.0389656699,
        "PRECISION_RECALL_MIN_DEN": 0.06413184,
        "RECALL": 0.059769861,
        "MAP": 0.0183437273,
        "MAP_MIN_DEN": 0.0297926545,
        "MRR": 0.1298184854,
        "NDCG": 0.0658334704,
        "F1": 0.0471759792,
        "HIT_RATE": 0.2742720834,
        "ARHR_ALL_HITS": 0.1534686896,
        "NOVELTY": 0.004154189,
        "AVERAGE_POPULARITY": 0.1771859559,
        "DIVERSITY_MEAN_INTER_LIST": 0.937944674,
        "DIVERSITY_HERFINDAHL": 0.9937921608,
        "COVERAGE_ITEM": 0.5699013158,
        "COVERAGE_ITEM_HIT": 0.0397954805,
        "ITEMS_IN_GT": 0.9062142449,
        "COVERAGE_USER": 0.9767721169,
        "COVERAGE_USER_HIT": 0.2679013235,
        "USERS_IN_GT": 0.9767721169,
        "DIVERSITY_GINI": 0.0610395853,
        "SHANNON_ENTROPY": 9.6258721774,
        "RATIO_DIVERSITY_HERFINDAHL": 0.9941039953,
        "RATIO_DIVERSITY_GINI": 0.1328311291,
        "RATIO_SHANNON_ENTROPY": 0.7096464859,
        "RATIO_AVERAGE_POPULARITY": 3.500501402,
        "RATIO_NOVELTY": 0.3083085293
    }
]