{
    "topK": 116,
    "shrink": 77.76680458786228
}[
    {
        "PRECISION": 0.0471549116,
        "PRECISION_RECALL_MIN_DEN": 0.0784854135,
        "RECALL": 0.0733018099,
        "MAP": 0.0230668924,
        "MAP_MIN_DEN": 0.0380525398,
        "MRR": 0.1579717399,
        "NDCG": 0.0765471042,
        "F1": 0.0573905768,
        "HIT_RATE": 0.3211149106,
        "ARHR_ALL_HITS": 0.1894700157,
        "NOVELTY": 0.0043621123,
        "AVERAGE_POPULARITY": 0.1946223642,
        "DIVERSITY_MEAN_INTER_LIST": 0.9317795546,
        "DIVERSITY_HERFINDAHL": 0.9931756632,
        "COVERAGE_ITEM": 0.3308034439,
        "COVERAGE_ITEM_HIT": 0.0569225119,
        "ITEMS_IN_GT": 0.9929815971,
        "COVERAGE_USER": 0.9764587187,
        "COVERAGE_USER_HIT": 0.3135554541,
        "USERS_IN_GT": 0.9764587187,
        "DIVERSITY_GINI": 0.0263262514,
        "SHANNON_ENTROPY": 8.9143564088,
        "RATIO_DIVERSITY_HERFINDAHL": 0.993503706,
        "RATIO_DIVERSITY_GINI": 0.0517911474,
        "RATIO_SHANNON_ENTROPY": 0.6606489626,
        "RATIO_AVERAGE_POPULARITY": 3.8398564654,
        "RATIO_NOVELTY": 0.2495829818
    }
]