recommender,alpha,MAP
Hybrid_Cold_All,0.46053171901140233,0.019299770916308624
