recommender,alpha,MAP
Hybrid_Cold_All,0.5599786066186067,0.019384154238183533
