recommender,alpha,l1_ratio,TopK,MAP
SLIMElasticNetRecommender,0.06933113199393515,0.029677275172332943,141,0.051167126660145855
