{
    "topK": 2143,
    "num_factors": 107
}[
    {
        "PRECISION": 0.0298617081,
        "PRECISION_RECALL_MIN_DEN": 0.0479994389,
        "RECALL": 0.0443183028,
        "MAP": 0.0140461462,
        "MAP_MIN_DEN": 0.0223394069,
        "MRR": 0.1049026179,
        "NDCG": 0.049568327,
        "F1": 0.0356813165,
        "HIT_RATE": 0.2219793176,
        "ARHR_ALL_HITS": 0.1207368684,
        "NOVELTY": 0.0044125159,
        "AVERAGE_POPULARITY": 0.0998549045,
        "DIVERSITY_MEAN_INTER_LIST": 0.9505954051,
        "DIVERSITY_HERFINDAHL": 0.9950572055,
        "COVERAGE_ITEM": 0.0288489003,
        "COVERAGE_ITEM_HIT": 0.0206879667,
        "ITEMS_IN_GT": 0.9928183784,
        "COVERAGE_USER": 0.9779480651,
        "COVERAGE_USER_HIT": 0.2170842442,
        "USERS_IN_GT": 0.9779480651,
        "DIVERSITY_GINI": 0.0086985678,
        "SHANNON_ENTROPY": 8.1572293238,
        "RATIO_DIVERSITY_HERFINDAHL": 0.9953862041,
        "RATIO_DIVERSITY_GINI": 0.0171092521,
        "RATIO_SHANNON_ENTROPY": 0.6045414967,
        "RATIO_AVERAGE_POPULARITY": 1.9730144428,
        "RATIO_NOVELTY": 0.2524684371
    }
]