{
    "oldSlim": [
        0.027798275436470864
    ],
    "lastSlim2794": [
        0.027941854420059205
    ],
    "lastMulti2744": [
        0.028037335622279353
    ]
}