{
    "oldRP3": [
        0.026136326915309555
    ],
    "bestRP3": [
        0.02625408419729868
    ]
}