{
    "topK": 377,
    "shrink": 10,
    "similarity": "rp3beta",
    "normalization": "tfidf"
}[
    {
        "PRECISION": 0.0496936852,
        "PRECISION_RECALL_MIN_DEN": 0.090030538,
        "RECALL": 0.0889866937,
        "MAP": 0.0239719342,
        "MAP_MIN_DEN": 0.0429433177,
        "MRR": 0.1757067494,
        "NDCG": 0.0955116105,
        "F1": 0.0637736467,
        "HIT_RATE": 0.3609802074,
        "ARHR_ALL_HITS": 0.2044991809,
        "NOVELTY": 0.0040451092,
        "AVERAGE_POPULARITY": 0.284063743,
        "DIVERSITY_MEAN_INTER_LIST": 0.8457932763,
        "DIVERSITY_HERFINDAHL": 0.9845753418,
        "COVERAGE_ITEM": 0.1515893418,
        "COVERAGE_ITEM_HIT": 0.0365609826,
        "ITEMS_IN_GT": 0.9931448158,
        "COVERAGE_USER": 0.9867013857,
        "COVERAGE_USER_HIT": 0.3561796708,
        "USERS_IN_GT": 0.9867013857,
        "DIVERSITY_GINI": 0.010365468,
        "SHANNON_ENTROPY": 7.5852456007,
        "RATIO_DIVERSITY_HERFINDAHL": 0.9848999912,
        "RATIO_DIVERSITY_GINI": 0.0203759632,
        "RATIO_SHANNON_ENTROPY": 0.5621039952,
        "RATIO_AVERAGE_POPULARITY": 5.5878672322,
        "RATIO_NOVELTY": 0.2314273304
    }
]