{
    "topK": 1992,
    "shrink": 189,
    "similarity": "jaccard",
    "normalization": "bm25"
}[
    {
        "PRECISION": 0.051399623,
        "PRECISION_RECALL_MIN_DEN": 0.0928103728,
        "RECALL": 0.0917151737,
        "MAP": 0.0249188135,
        "MAP_MIN_DEN": 0.0442603461,
        "MRR": 0.1806873569,
        "NDCG": 0.0978417169,
        "F1": 0.0658789372,
        "HIT_RATE": 0.370405278,
        "ARHR_ALL_HITS": 0.2113344142,
        "NOVELTY": 0.0041881138,
        "AVERAGE_POPULARITY": 0.2496463823,
        "DIVERSITY_MEAN_INTER_LIST": 0.8819622252,
        "DIVERSITY_HERFINDAHL": 0.9881920662,
        "COVERAGE_ITEM": 0.1722365039,
        "COVERAGE_ITEM_HIT": 0.0417839801,
        "ITEMS_IN_GT": 0.9931448158,
        "COVERAGE_USER": 0.9867013857,
        "COVERAGE_USER_HIT": 0.3654794011,
        "USERS_IN_GT": 0.9867013857,
        "DIVERSITY_GINI": 0.0139850916,
        "SHANNON_ENTROPY": 8.0945064942,
        "RATIO_DIVERSITY_HERFINDAHL": 0.9885179082,
        "RATIO_DIVERSITY_GINI": 0.0274912539,
        "RATIO_SHANNON_ENTROPY": 0.5998427315,
        "RATIO_AVERAGE_POPULARITY": 4.9108373512,
        "RATIO_NOVELTY": 0.2396088546
    }
]