{
    "topK": 1537,
    "shrink": 186,
    "similarity": "jaccard",
    "normalization": "bm25"
}[
    {
        "PRECISION": 0.0513053723,
        "PRECISION_RECALL_MIN_DEN": 0.0926723816,
        "RECALL": 0.0915930743,
        "MAP": 0.024894183,
        "MAP_MIN_DEN": 0.0442431391,
        "MRR": 0.1805697493,
        "NDCG": 0.0976548559,
        "F1": 0.065770019,
        "HIT_RATE": 0.3697455231,
        "ARHR_ALL_HITS": 0.2111814251,
        "NOVELTY": 0.0042012323,
        "AVERAGE_POPULARITY": 0.2463150449,
        "DIVERSITY_MEAN_INTER_LIST": 0.8855479291,
        "DIVERSITY_HERFINDAHL": 0.9885506197,
        "COVERAGE_ITEM": 0.1784796181,
        "COVERAGE_ITEM_HIT": 0.0420288081,
        "ITEMS_IN_GT": 0.9931448158,
        "COVERAGE_USER": 0.9867013857,
        "COVERAGE_USER_HIT": 0.36482842,
        "USERS_IN_GT": 0.9867013857,
        "DIVERSITY_GINI": 0.0145553476,
        "SHANNON_ENTROPY": 8.148315611,
        "RATIO_DIVERSITY_HERFINDAHL": 0.9888765799,
        "RATIO_DIVERSITY_GINI": 0.0286122371,
        "RATIO_SHANNON_ENTROPY": 0.6038302516,
        "RATIO_AVERAGE_POPULARITY": 4.8453060347,
        "RATIO_NOVELTY": 0.2403593862
    }
]