{
    "topK": 321,
    "shrink": 12,
    "similarity": "rp3beta",
    "normalization": "tfidf"
}[
    {
        "PRECISION": 0.0496229972,
        "PRECISION_RECALL_MIN_DEN": 0.0899174745,
        "RECALL": 0.0888710329,
        "MAP": 0.0239158644,
        "MAP_MIN_DEN": 0.0428317661,
        "MRR": 0.1752820976,
        "NDCG": 0.0952395445,
        "F1": 0.0636857345,
        "HIT_RATE": 0.3605089538,
        "ARHR_ALL_HITS": 0.2040139768,
        "NOVELTY": 0.0040371809,
        "AVERAGE_POPULARITY": 0.2857489392,
        "DIVERSITY_MEAN_INTER_LIST": 0.8438951553,
        "DIVERSITY_HERFINDAHL": 0.9843855386,
        "COVERAGE_ITEM": 0.1449789856,
        "COVERAGE_ITEM_HIT": 0.0363569592,
        "ITEMS_IN_GT": 0.9931448158,
        "COVERAGE_USER": 0.9867013857,
        "COVERAGE_USER_HIT": 0.3557146843,
        "USERS_IN_GT": 0.9867013857,
        "DIVERSITY_GINI": 0.0099598677,
        "SHANNON_ENTROPY": 7.5504778453,
        "RATIO_DIVERSITY_HERFINDAHL": 0.9847101254,
        "RATIO_DIVERSITY_GINI": 0.0195786527,
        "RATIO_SHANNON_ENTROPY": 0.5595275336,
        "RATIO_AVERAGE_POPULARITY": 5.6210170188,
        "RATIO_NOVELTY": 0.230973738
    }
]