{
    "topK": 279,
    "shrink": 14,
    "similarity": "rp3beta",
    "normalization": "tfidf"
}[
    {
        "PRECISION": 0.049472196,
        "PRECISION_RECALL_MIN_DEN": 0.0897544432,
        "RECALL": 0.0887204978,
        "MAP": 0.0238912545,
        "MAP_MIN_DEN": 0.042824999,
        "MRR": 0.1752685771,
        "NDCG": 0.0952418201,
        "F1": 0.0635228642,
        "HIT_RATE": 0.3600377003,
        "ARHR_ALL_HITS": 0.2039083935,
        "NOVELTY": 0.0040286231,
        "AVERAGE_POPULARITY": 0.2878074322,
        "DIVERSITY_MEAN_INTER_LIST": 0.8412917246,
        "DIVERSITY_HERFINDAHL": 0.9841252078,
        "COVERAGE_ITEM": 0.13706288,
        "COVERAGE_ITEM_HIT": 0.0357856939,
        "ITEMS_IN_GT": 0.9931448158,
        "COVERAGE_USER": 0.9867013857,
        "COVERAGE_USER_HIT": 0.3552496978,
        "USERS_IN_GT": 0.9867013857,
        "DIVERSITY_GINI": 0.0095332967,
        "SHANNON_ENTROPY": 7.5119967749,
        "RATIO_DIVERSITY_HERFINDAHL": 0.9844497088,
        "RATIO_DIVERSITY_GINI": 0.0187401189,
        "RATIO_SHANNON_ENTROPY": 0.5566758971,
        "RATIO_AVERAGE_POPULARITY": 5.6615099934,
        "RATIO_NOVELTY": 0.2304841313
    }
]