{
    "topK": 373,
    "shrink": 10,
    "similarity": "rp3beta",
    "normalization": "tfidf"
}[
    {
        "PRECISION": 0.0497549482,
        "PRECISION_RECALL_MIN_DEN": 0.0901489685,
        "RECALL": 0.0891053831,
        "MAP": 0.0239677191,
        "MAP_MIN_DEN": 0.0429345316,
        "MRR": 0.1755813623,
        "NDCG": 0.0955083059,
        "F1": 0.063854575,
        "HIT_RATE": 0.3611687088,
        "ARHR_ALL_HITS": 0.204411438,
        "NOVELTY": 0.0040452718,
        "AVERAGE_POPULARITY": 0.284009645,
        "DIVERSITY_MEAN_INTER_LIST": 0.8458730512,
        "DIVERSITY_HERFINDAHL": 0.9845833189,
        "COVERAGE_ITEM": 0.1514261231,
        "COVERAGE_ITEM_HIT": 0.0365609826,
        "ITEMS_IN_GT": 0.9931448158,
        "COVERAGE_USER": 0.9867013857,
        "COVERAGE_USER_HIT": 0.3563656654,
        "USERS_IN_GT": 0.9867013857,
        "DIVERSITY_GINI": 0.0103673724,
        "SHANNON_ENTROPY": 7.5861720581,
        "RATIO_DIVERSITY_HERFINDAHL": 0.9849079709,
        "RATIO_DIVERSITY_GINI": 0.0203797068,
        "RATIO_SHANNON_ENTROPY": 0.5621726503,
        "RATIO_AVERAGE_POPULARITY": 5.5868030606,
        "RATIO_NOVELTY": 0.2314366332
    }
]