{
    "topK": 258,
    "alpha": 0.035237980092119314,
    "l1_ratio": 0.05512644878845981
}[
    {
        "PRECISION": 0.0561027333,
        "PRECISION_RECALL_MIN_DEN": 0.1015231774,
        "RECALL": 0.1003318702,
        "MAP": 0.0274447268,
        "MAP_MIN_DEN": 0.0488503271,
        "MRR": 0.1960009275,
        "NDCG": 0.1099583234,
        "F1": 0.0719647959,
        "HIT_RATE": 0.3957115928,
        "ARHR_ALL_HITS": 0.2311033504,
        "NOVELTY": 0.0043308122,
        "AVERAGE_POPULARITY": 0.184773001,
        "DIVERSITY_MEAN_INTER_LIST": 0.951444028,
        "DIVERSITY_HERFINDAHL": 0.9951399191,
        "COVERAGE_ITEM": 0.1143754846,
        "COVERAGE_ITEM_HIT": 0.0482719223,
        "ITEMS_IN_GT": 0.9931448158,
        "COVERAGE_USER": 0.9867013857,
        "COVERAGE_USER_HIT": 0.390449177,
        "USERS_IN_GT": 0.9867013857,
        "DIVERSITY_GINI": 0.0188142355,
        "SHANNON_ENTROPY": 8.9853427089,
        "RATIO_DIVERSITY_HERFINDAHL": 0.995468052,
        "RATIO_DIVERSITY_GINI": 0.0369841642,
        "RATIO_SHANNON_ENTROPY": 0.6658580752,
        "RATIO_AVERAGE_POPULARITY": 3.6347017995,
        "RATIO_NOVELTY": 0.2477728676
    }
]