{
    "alpha": 0.35817641012298473,
    "beta": 0.2829962240466957,
    "topK": 71
}[
    {
        "PRECISION": 0.0541847314,
        "PRECISION_RECALL_MIN_DEN": 0.0978418084,
        "RECALL": 0.0966731493,
        "MAP": 0.0261152121,
        "MAP_MIN_DEN": 0.0465148289,
        "MRR": 0.187195948,
        "NDCG": 0.1051456684,
        "F1": 0.0694456081,
        "HIT_RATE": 0.3857210179,
        "ARHR_ALL_HITS": 0.2202882501,
        "NOVELTY": 0.0044371077,
        "AVERAGE_POPULARITY": 0.1743315861,
        "DIVERSITY_MEAN_INTER_LIST": 0.9529487754,
        "DIVERSITY_HERFINDAHL": 0.9952903867,
        "COVERAGE_ITEM": 0.2957114294,
        "COVERAGE_ITEM_HIT": 0.0543110132,
        "ITEMS_IN_GT": 0.9931448158,
        "COVERAGE_USER": 0.9867013857,
        "COVERAGE_USER_HIT": 0.3805914628,
        "USERS_IN_GT": 0.9867013857,
        "DIVERSITY_GINI": 0.0292985625,
        "SHANNON_ENTROPY": 9.2689238476,
        "RATIO_DIVERSITY_HERFINDAHL": 0.9956185692,
        "RATIO_DIVERSITY_GINI": 0.0575937751,
        "RATIO_SHANNON_ENTROPY": 0.6868728319,
        "RATIO_AVERAGE_POPULARITY": 3.4293069127,
        "RATIO_NOVELTY": 0.2538542036
    }
]