{
    "alpha": 0.9784158920559031,
    "beta": 0.16664459405441262
}[
    {
        "PRECISION": 0.0549670123,
        "PRECISION_RECALL_MIN_DEN": 0.0997525358,
        "RECALL": 0.0986006544,
        "MAP": 0.026731032,
        "MAP_MIN_DEN": 0.0476118387,
        "MRR": 0.1918701659,
        "NDCG": 0.1063662009,
        "F1": 0.0705849545,
        "HIT_RATE": 0.391470311,
        "ARHR_ALL_HITS": 0.2256271599,
        "NOVELTY": 0.0042956825,
        "AVERAGE_POPULARITY": 0.2058474902,
        "DIVERSITY_MEAN_INTER_LIST": 0.9327587487,
        "DIVERSITY_HERFINDAHL": 0.9932714792,
        "COVERAGE_ITEM": 0.19729057,
        "COVERAGE_ITEM_HIT": 0.0465581262,
        "ITEMS_IN_GT": 0.9931448158,
        "COVERAGE_USER": 0.9867013857,
        "COVERAGE_USER_HIT": 0.3862642983,
        "USERS_IN_GT": 0.9867013857,
        "DIVERSITY_GINI": 0.018298857,
        "SHANNON_ENTROPY": 8.7011791369,
        "RATIO_DIVERSITY_HERFINDAHL": 0.993598996,
        "RATIO_DIVERSITY_GINI": 0.0359710568,
        "RATIO_SHANNON_ENTROPY": 0.6448001573,
        "RATIO_AVERAGE_POPULARITY": 4.0492617377,
        "RATIO_NOVELTY": 0.2457630344
    }
]