{
    "alpha": 0.7849910963981444,
    "beta": 0.3219406144420833,
    "topK": 64
}[
    {
        "PRECISION": 0.0542365693,
        "PRECISION_RECALL_MIN_DEN": 0.0984018521,
        "RECALL": 0.0972533434,
        "MAP": 0.0262540842,
        "MAP_MIN_DEN": 0.0468186143,
        "MRR": 0.188759369,
        "NDCG": 0.1060992868,
        "F1": 0.0696374775,
        "HIT_RATE": 0.3878416588,
        "ARHR_ALL_HITS": 0.2217870607,
        "NOVELTY": 0.004407964,
        "AVERAGE_POPULARITY": 0.1789668864,
        "DIVERSITY_MEAN_INTER_LIST": 0.9511644895,
        "DIVERSITY_HERFINDAHL": 0.9951119666,
        "COVERAGE_ITEM": 0.3108907659,
        "COVERAGE_ITEM_HIT": 0.0499857184,
        "ITEMS_IN_GT": 0.9931448158,
        "COVERAGE_USER": 0.9867013857,
        "COVERAGE_USER_HIT": 0.3826839022,
        "USERS_IN_GT": 0.9867013857,
        "DIVERSITY_GINI": 0.0285089394,
        "SHANNON_ENTROPY": 9.1794462945,
        "RATIO_DIVERSITY_HERFINDAHL": 0.9954400902,
        "RATIO_DIVERSITY_GINI": 0.0560415701,
        "RATIO_SHANNON_ENTROPY": 0.6802421052,
        "RATIO_AVERAGE_POPULARITY": 3.5204887107,
        "RATIO_NOVELTY": 0.2521868469
    }
]