{
    "alpha": 0.6745409371119246,
    "beta": 0.19918230600969603
}[
    {
        "PRECISION": 0.0549198869,
        "PRECISION_RECALL_MIN_DEN": 0.099898774,
        "RECALL": 0.0987511317,
        "MAP": 0.0266570677,
        "MAP_MIN_DEN": 0.0475703173,
        "MRR": 0.1917282849,
        "NDCG": 0.1069005989,
        "F1": 0.0705845648,
        "HIT_RATE": 0.3914231857,
        "ARHR_ALL_HITS": 0.2252429948,
        "NOVELTY": 0.0042730043,
        "AVERAGE_POPULARITY": 0.2095796965,
        "DIVERSITY_MEAN_INTER_LIST": 0.9308198412,
        "DIVERSITY_HERFINDAHL": 0.9930775976,
        "COVERAGE_ITEM": 0.2186722161,
        "COVERAGE_ITEM_HIT": 0.0466805403,
        "ITEMS_IN_GT": 0.9931448158,
        "COVERAGE_USER": 0.9867013857,
        "COVERAGE_USER_HIT": 0.3862177997,
        "USERS_IN_GT": 0.9867013857,
        "DIVERSITY_GINI": 0.0187712843,
        "SHANNON_ENTROPY": 8.6681243689,
        "RATIO_DIVERSITY_HERFINDAHL": 0.9934050505,
        "RATIO_DIVERSITY_GINI": 0.0368997327,
        "RATIO_SHANNON_ENTROPY": 0.6423506364,
        "RATIO_AVERAGE_POPULARITY": 4.1226786158,
        "RATIO_NOVELTY": 0.2444655781
    }
]