{
    "topK": 270,
    "alpha": 0.057157277386353365,
    "l1_ratio": 0.02364617433349283
}[
    {
        "PRECISION": 0.0569227144,
        "PRECISION_RECALL_MIN_DEN": 0.1030352094,
        "RECALL": 0.1018508258,
        "MAP": 0.0279358198,
        "MAP_MIN_DEN": 0.0498703923,
        "MRR": 0.1994540378,
        "NDCG": 0.1121820528,
        "F1": 0.0730301216,
        "HIT_RATE": 0.401602262,
        "ARHR_ALL_HITS": 0.2352189272,
        "NOVELTY": 0.0043144556,
        "AVERAGE_POPULARITY": 0.1882170753,
        "DIVERSITY_MEAN_INTER_LIST": 0.9491373175,
        "DIVERSITY_HERFINDAHL": 0.9949092589,
        "COVERAGE_ITEM": 0.1104990411,
        "COVERAGE_ITEM_HIT": 0.047823071,
        "ITEMS_IN_GT": 0.9931448158,
        "COVERAGE_USER": 0.9867013857,
        "COVERAGE_USER_HIT": 0.3962615084,
        "USERS_IN_GT": 0.9867013857,
        "DIVERSITY_GINI": 0.0177708796,
        "SHANNON_ENTROPY": 8.9167957294,
        "RATIO_DIVERSITY_HERFINDAHL": 0.9952373157,
        "RATIO_DIVERSITY_GINI": 0.0349331829,
        "RATIO_SHANNON_ENTROPY": 0.6607784069,
        "RATIO_AVERAGE_POPULARITY": 3.702450783,
        "RATIO_NOVELTY": 0.2468370741
    }
]