{
    "topK": 272,
    "alpha": 0.06304528875784746,
    "l1_ratio": 0.019363824088560633
}[
    {
        "PRECISION": 0.0569227144,
        "PRECISION_RECALL_MIN_DEN": 0.1030662523,
        "RECALL": 0.1018806726,
        "MAP": 0.0279420957,
        "MAP_MIN_DEN": 0.0498806745,
        "MRR": 0.199688954,
        "NDCG": 0.1122565301,
        "F1": 0.0730377927,
        "HIT_RATE": 0.4017436381,
        "ARHR_ALL_HITS": 0.2353697283,
        "NOVELTY": 0.0043109535,
        "AVERAGE_POPULARITY": 0.1886649637,
        "DIVERSITY_MEAN_INTER_LIST": 0.9488277325,
        "DIVERSITY_HERFINDAHL": 0.9948783019,
        "COVERAGE_ITEM": 0.109274901,
        "COVERAGE_ITEM_HIT": 0.0477414616,
        "ITEMS_IN_GT": 0.9931448158,
        "COVERAGE_USER": 0.9867013857,
        "COVERAGE_USER_HIT": 0.3964010044,
        "USERS_IN_GT": 0.9867013857,
        "DIVERSITY_GINI": 0.0175271115,
        "SHANNON_ENTROPY": 8.9010386071,
        "RATIO_DIVERSITY_HERFINDAHL": 0.9952063485,
        "RATIO_DIVERSITY_GINI": 0.0344539947,
        "RATIO_SHANNON_ENTROPY": 0.6596107267,
        "RATIO_AVERAGE_POPULARITY": 3.7112612738,
        "RATIO_NOVELTY": 0.2466367158
    }
]