{
    "alpha": 0.7764977714573097,
    "beta": 0.655210940917789
}[
    {
        "PRECISION": 0.0576343073,
        "PRECISION_RECALL_MIN_DEN": 0.1044240983,
        "RECALL": 0.1032148955,
        "MAP": 0.0283752842,
        "MAP_MIN_DEN": 0.0505550542,
        "MRR": 0.2018619751,
        "NDCG": 0.1132179756,
        "F1": 0.0739664095,
        "HIT_RATE": 0.4055607917,
        "ARHR_ALL_HITS": 0.2384001317,
        "NOVELTY": 0.0042934715,
        "AVERAGE_POPULARITY": 0.1979359813,
        "DIVERSITY_MEAN_INTER_LIST": 0.9417916038,
        "DIVERSITY_HERFINDAHL": 0.9941747222,
        "COVERAGE_ITEM": 0.1199657241,
        "COVERAGE_ITEM_HIT": 0.0479862896,
        "ITEMS_IN_GT": 0.9931448158,
        "COVERAGE_USER": 0.9867013857,
        "COVERAGE_USER_HIT": 0.4001673951,
        "USERS_IN_GT": 0.9867013857,
        "DIVERSITY_GINI": 0.0173867053,
        "SHANNON_ENTROPY": 8.8141284517,
        "RATIO_DIVERSITY_HERFINDAHL": 0.9945025368,
        "RATIO_DIVERSITY_GINI": 0.0341779906,
        "RATIO_SHANNON_ENTROPY": 0.6531702569,
        "RATIO_AVERAGE_POPULARITY": 3.89363307,
        "RATIO_NOVELTY": 0.2456365442
    }
]