{
    "alpha": 0.7556644579505752,
    "beta": 0.5426614565457683
}[
    {
        "PRECISION": 0.0576013195,
        "PRECISION_RECALL_MIN_DEN": 0.1044074735,
        "RECALL": 0.103191732,
        "MAP": 0.028371402,
        "MAP_MIN_DEN": 0.0505226603,
        "MRR": 0.201863789,
        "NDCG": 0.1132004266,
        "F1": 0.0739332934,
        "HIT_RATE": 0.4053251649,
        "ARHR_ALL_HITS": 0.2383890796,
        "NOVELTY": 0.0042901589,
        "AVERAGE_POPULARITY": 0.1989551695,
        "DIVERSITY_MEAN_INTER_LIST": 0.9409723107,
        "DIVERSITY_HERFINDAHL": 0.9940927967,
        "COVERAGE_ITEM": 0.1225772228,
        "COVERAGE_ITEM_HIT": 0.047945485,
        "ITEMS_IN_GT": 0.9931448158,
        "COVERAGE_USER": 0.9867013857,
        "COVERAGE_USER_HIT": 0.3999349019,
        "USERS_IN_GT": 0.9867013857,
        "DIVERSITY_GINI": 0.0172565334,
        "SHANNON_ENTROPY": 8.7976278861,
        "RATIO_DIVERSITY_HERFINDAHL": 0.9944205843,
        "RATIO_DIVERSITY_GINI": 0.0339221045,
        "RATIO_SHANNON_ENTROPY": 0.6519474838,
        "RATIO_AVERAGE_POPULARITY": 3.9136816985,
        "RATIO_NOVELTY": 0.2454470252
    }
]