{
    "topK": 264,
    "alpha": 0.4873135971711359,
    "l1_ratio": 0.1909577822019868
}[
    {
        "PRECISION": 0.0384590009,
        "PRECISION_RECALL_MIN_DEN": 0.0695702056,
        "RECALL": 0.0687722757,
        "MAP": 0.0190789069,
        "MAP_MIN_DEN": 0.0344548818,
        "MRR": 0.14764319,
        "NDCG": 0.0776617164,
        "F1": 0.0493309993,
        "HIT_RATE": 0.2933081998,
        "ARHR_ALL_HITS": 0.1673807841,
        "NOVELTY": 0.0041102961,
        "AVERAGE_POPULARITY": 0.2830570502,
        "DIVERSITY_MEAN_INTER_LIST": 0.840609479,
        "DIVERSITY_HERFINDAHL": 0.9840569865,
        "COVERAGE_ITEM": 0.0108948464,
        "COVERAGE_ITEM_HIT": 0.0086505896,
        "ITEMS_IN_GT": 0.9931448158,
        "COVERAGE_USER": 0.9867013857,
        "COVERAGE_USER_HIT": 0.2894076072,
        "USERS_IN_GT": 0.9867013857,
        "DIVERSITY_GINI": 0.0033098289,
        "SHANNON_ENTROPY": 6.6973912349,
        "RATIO_DIVERSITY_HERFINDAHL": 0.984381465,
        "RATIO_DIVERSITY_GINI": 0.0065063103,
        "RATIO_SHANNON_ENTROPY": 0.4963096212,
        "RATIO_AVERAGE_POPULARITY": 5.5680644033,
        "RATIO_NOVELTY": 0.2351567756
    }
]