{
    "factors": 596,
    "alpha": 10,
    "iterations": 88
}{
    "10": {
        "ROC_AUC": 0.16602288133312915,
        "PRECISION": 0.037488024761106735,
        "PRECISION_RECALL_MIN_DEN": 0.06061229391573886,
        "RECALL": 0.05635130245212348,
        "MAP": 0.02758946260689388,
        "MRR": 0.12377237473714868,
        "NDCG": 0.05932327240891988,
        "F1": 0.04502374610690907,
        "HIT_RATE": 0.37488024761109334,
        "ARHR": 0.1453248218969556,
        "NOVELTY": 0.004632203554539729,
        "AVERAGE_POPULARITY": 0.10106043521819905,
        "DIVERSITY_MEAN_INTER_LIST": 0.9856882150537901,
        "DIVERSITY_HERFINDAHL": 0.998566400202436,
        "COVERAGE_ITEM": 0.26037458685273596,
        "COVERAGE_ITEM_CORRECT": 0.07789611131513445,
        "COVERAGE_USER": 0.977900021619544,
        "COVERAGE_USER_CORRECT": 0.2609478968987965,
        "DIVERSITY_GINI": 0.03898674335096075,
        "SHANNON_ENTROPY": 10.238725781675857
    }
}