{
    "topK": 52,
    "alpha": 0.8624886333170296,
    "beta": 0.28894261125068466
}[
    {
        "PRECISION": 0.0524401326,
        "PRECISION_RECALL_MIN_DEN": 0.0867149309,
        "RECALL": 0.0809649331,
        "MAP": 0.0258603173,
        "MAP_MIN_DEN": 0.0420925713,
        "MRR": 0.1724254545,
        "NDCG": 0.0838265111,
        "F1": 0.0636529326,
        "HIT_RATE": 0.3464816407,
        "ARHR_ALL_HITS": 0.2096279597,
        "NOVELTY": 0.0046362962,
        "AVERAGE_POPULARITY": 0.156192523,
        "DIVERSITY_MEAN_INTER_LIST": 0.9641344412,
        "DIVERSITY_HERFINDAHL": 0.9964110761,
        "COVERAGE_ITEM": 0.7279144734,
        "COVERAGE_ITEM_HIT": 0.0635328682,
        "ITEMS_IN_GT": 0.9936752765,
        "COVERAGE_USER": 0.9780441519,
        "COVERAGE_USER_HIT": 0.3388743424,
        "USERS_IN_GT": 0.9780441519,
        "DIVERSITY_GINI": 0.0826512462,
        "SHANNON_ENTROPY": 10.1558159629,
        "RATIO_DIVERSITY_HERFINDAHL": 0.9967316065,
        "RATIO_DIVERSITY_GINI": 0.1603128047,
        "RATIO_SHANNON_ENTROPY": 0.7512673033,
        "RATIO_AVERAGE_POPULARITY": 3.0635282494,
        "RATIO_NOVELTY": 0.2609123651
    }
]