{
    "topK": 277,
    "alpha": 0.0009081542339096779,
    "l1_ratio": 0.00020279278010224304
}[
    {
        "PRECISION": 0.0531966106,
        "PRECISION_RECALL_MIN_DEN": 0.0874174917,
        "RECALL": 0.0813622166,
        "MAP": 0.026832155,
        "MAP_MIN_DEN": 0.0435327648,
        "MRR": 0.1780587475,
        "NDCG": 0.0858057461,
        "F1": 0.0643316272,
        "HIT_RATE": 0.3487412502,
        "ARHR_ALL_HITS": 0.2168641583,
        "NOVELTY": 0.0045336242,
        "AVERAGE_POPULARITY": 0.1473324146,
        "DIVERSITY_MEAN_INTER_LIST": 0.9708017806,
        "DIVERSITY_HERFINDAHL": 0.9970777937,
        "COVERAGE_ITEM": 0.226425103,
        "COVERAGE_ITEM_HIT": 0.0702248337,
        "ITEMS_IN_GT": 0.9936752765,
        "COVERAGE_USER": 0.9780441519,
        "COVERAGE_USER_HIT": 0.3410843402,
        "USERS_IN_GT": 0.9780441519,
        "DIVERSITY_GINI": 0.0335323064,
        "SHANNON_ENTROPY": 9.7960436714,
        "RATIO_DIVERSITY_HERFINDAHL": 0.9973985385,
        "RATIO_DIVERSITY_GINI": 0.0650402545,
        "RATIO_SHANNON_ENTROPY": 0.7246534734,
        "RATIO_AVERAGE_POPULARITY": 2.8897478937,
        "RATIO_NOVELTY": 0.2551343886
    }
]