{
    "factors": 110,
    "alpha": 7,
    "iterations": 57,
    "regularization": 0.0008866558623568822
}{
    "10": {
        "ROC_AUC": 0.19040452214288198,
        "PRECISION": 0.04290065086576929,
        "PRECISION_RECALL_MIN_DEN": 0.07197525774401421,
        "RECALL": 0.06764907523773708,
        "MAP": 0.03328545263307497,
        "MRR": 0.1423824338364427,
        "NDCG": 0.06498088465833582,
        "F1": 0.052504686541675054,
        "HIT_RATE": 0.42900650865774287,
        "ARHR": 0.16765546023559041,
        "NOVELTY": 0.004368501314672148,
        "AVERAGE_POPULARITY": 0.13867314158321747,
        "DIVERSITY_MEAN_INTER_LIST": 0.9730290485773316,
        "DIVERSITY_HERFINDAHL": 0.9973005150037516,
        "COVERAGE_ITEM": 0.06957195903211327,
        "COVERAGE_ITEM_CORRECT": 0.04631329824131881,
        "COVERAGE_USER": 0.9780441519133296,
        "COVERAGE_USER_CORRECT": 0.29842177328304786,
        "DIVERSITY_GINI": 0.01669124634629476,
        "SHANNON_ENTROPY": 9.09977764479944
    }
}