{
    "factors": 104,
    "alpha": 7,
    "iterations": 60,
    "regularization": 0.0028882926187773963
}{
    "10": {
        "ROC_AUC": 0.1903994744731534,
        "PRECISION": 0.043028367923364806,
        "PRECISION_RECALL_MIN_DEN": 0.07226524290996639,
        "RECALL": 0.06791015499091788,
        "MAP": 0.03328462779993304,
        "MRR": 0.14251184677071893,
        "NDCG": 0.06508240130150456,
        "F1": 0.05267896232834635,
        "HIT_RATE": 0.43028367923369765,
        "ARHR": 0.16770719422076402,
        "NOVELTY": 0.004354523086097374,
        "AVERAGE_POPULARITY": 0.14171426177692917,
        "DIVERSITY_MEAN_INTER_LIST": 0.9719936083076003,
        "DIVERSITY_HERFINDAHL": 0.9971969735199205,
        "COVERAGE_ITEM": 0.0670420696127637,
        "COVERAGE_ITEM_CORRECT": 0.04541559554413025,
        "COVERAGE_USER": 0.9780441519133296,
        "COVERAGE_USER_CORRECT": 0.29885416416440463,
        "DIVERSITY_GINI": 0.016122296246097657,
        "SHANNON_ENTROPY": 9.048965513916361
    }
}