{
    "factors": 89,
    "alpha": 6,
    "iterations": 76,
    "regularization": 0.0071300266033823044
}{
    "10": {
        "ROC_AUC": 0.1901163868470109,
        "PRECISION": 0.043087314257639495,
        "PRECISION_RECALL_MIN_DEN": 0.07213382221364349,
        "RECALL": 0.0677051918655984,
        "MAP": 0.03321628602728466,
        "MRR": 0.14273246668187095,
        "NDCG": 0.0649975938893819,
        "F1": 0.052661230995928295,
        "HIT_RATE": 0.43087314257644604,
        "ARHR": 0.16810640748992703,
        "NOVELTY": 0.004323124419859168,
        "AVERAGE_POPULARITY": 0.14658107122749697,
        "DIVERSITY_MEAN_INTER_LIST": 0.9696076394578559,
        "DIVERSITY_HERFINDAHL": 0.9969583824951176,
        "COVERAGE_ITEM": 0.06010527604357938,
        "COVERAGE_ITEM_CORRECT": 0.04088627739013343,
        "COVERAGE_USER": 0.9780441519133296,
        "COVERAGE_USER_CORRECT": 0.2991424247519758,
        "DIVERSITY_GINI": 0.014569548510837202,
        "SHANNON_ENTROPY": 8.906017473538416
    }
}