{
    "topK": 123,
    "shrink": 510,
    "similarity": "cosine",
    "feature_weighting": "TF-IDF"
}[
    {
        "PRECISION": 0.0478742478,
        "PRECISION_RECALL_MIN_DEN": 0.0806464117,
        "RECALL": 0.0754990372,
        "MAP": 0.0237138403,
        "MAP_MIN_DEN": 0.0392499903,
        "MRR": 0.1624012737,
        "NDCG": 0.0780233868,
        "F1": 0.0585938782,
        "HIT_RATE": 0.3267100577,
        "ARHR_ALL_HITS": 0.1947425874,
        "NOVELTY": 0.0042868522,
        "AVERAGE_POPULARITY": 0.2054396868,
        "DIVERSITY_MEAN_INTER_LIST": 0.9265625866,
        "DIVERSITY_HERFINDAHL": 0.9926539829,
        "COVERAGE_ITEM": 0.294160852,
        "COVERAGE_ITEM_HIT": 0.0515771004,
        "ITEMS_IN_GT": 0.9936752765,
        "COVERAGE_USER": 0.9780441519,
        "COVERAGE_USER_HIT": 0.3195368613,
        "USERS_IN_GT": 0.9780441519,
        "DIVERSITY_GINI": 0.0210381667,
        "SHANNON_ENTROPY": 8.6831471415,
        "RATIO_DIVERSITY_HERFINDAHL": 0.9929816311,
        "RATIO_DIVERSITY_GINI": 0.0413766948,
        "RATIO_SHANNON_ENTROPY": 0.6435047145,
        "RATIO_AVERAGE_POPULARITY": 4.0369015019,
        "RATIO_NOVELTY": 0.2452733962
    }
]