{
    "topK": 584,
    "shrink": 919,
    "similarity": "dice",
    "normalization": "bm25"
}[
    {
        "PRECISION": 0.0484317819,
        "PRECISION_RECALL_MIN_DEN": 0.0816837132,
        "RECALL": 0.0765823511,
        "MAP": 0.0237764123,
        "MAP_MIN_DEN": 0.0395489103,
        "MRR": 0.1629436618,
        "NDCG": 0.0787368215,
        "F1": 0.0593376067,
        "HIT_RATE": 0.3320397888,
        "ARHR_ALL_HITS": 0.1955011608,
        "NOVELTY": 0.0043469463,
        "AVERAGE_POPULARITY": 0.2278426883,
        "DIVERSITY_MEAN_INTER_LIST": 0.9073019967,
        "DIVERSITY_HERFINDAHL": 0.9907279712,
        "COVERAGE_ITEM": 0.7188150324,
        "COVERAGE_ITEM_HIT": 0.0463541029,
        "ITEMS_IN_GT": 0.9936752765,
        "COVERAGE_USER": 0.9780441519,
        "COVERAGE_USER_HIT": 0.3247495736,
        "USERS_IN_GT": 0.9780441519,
        "DIVERSITY_GINI": 0.0588398294,
        "SHANNON_ENTROPY": 8.9659475056,
        "RATIO_DIVERSITY_HERFINDAHL": 0.9910549837,
        "RATIO_DIVERSITY_GINI": 0.1157229,
        "RATIO_SHANNON_ENTROPY": 0.6644629413,
        "RATIO_AVERAGE_POPULARITY": 4.4771217521,
        "RATIO_NOVELTY": 0.2487116992
    }
]