{
    "topK": 50,
    "alpha": 0.7179592867915304,
    "beta": 0.3290994149353332
}[
    {
        "PRECISION": 0.0525359204,
        "PRECISION_RECALL_MIN_DEN": 0.0867734484,
        "RECALL": 0.0809669914,
        "MAP": 0.025858829,
        "MAP_MIN_DEN": 0.0420243074,
        "MRR": 0.1718159525,
        "NDCG": 0.0837227922,
        "F1": 0.0637240845,
        "HIT_RATE": 0.3457939334,
        "ARHR_ALL_HITS": 0.2092606855,
        "NOVELTY": 0.0046618163,
        "AVERAGE_POPULARITY": 0.1493725487,
        "DIVERSITY_MEAN_INTER_LIST": 0.9678745345,
        "DIVERSITY_HERFINDAHL": 0.9967850763,
        "COVERAGE_ITEM": 0.7342800016,
        "COVERAGE_ITEM_HIT": 0.067368507,
        "ITEMS_IN_GT": 0.9936752765,
        "COVERAGE_USER": 0.9780441519,
        "COVERAGE_USER_HIT": 0.3382017344,
        "USERS_IN_GT": 0.9780441519,
        "DIVERSITY_GINI": 0.0854823841,
        "SHANNON_ENTROPY": 10.2806005972,
        "RATIO_DIVERSITY_HERFINDAHL": 0.9971140879,
        "RATIO_DIVERSITY_GINI": 0.1681219931,
        "RATIO_SHANNON_ENTROPY": 0.7618913793,
        "RATIO_AVERAGE_POPULARITY": 2.9351790572,
        "RATIO_NOVELTY": 0.2667270678
    }
]