{
    "topK": 44,
    "epochs": 149,
    "lambda_i": 0.0023822524202104594,
    "lambda_j": 0.004375104840716731
}[
    {
        "PRECISION": 0.046287609,
        "PRECISION_RECALL_MIN_DEN": 0.0790076587,
        "RECALL": 0.0742025327,
        "MAP": 0.0223474588,
        "MAP_MIN_DEN": 0.0375179594,
        "MRR": 0.1591084367,
        "NDCG": 0.0757579226,
        "F1": 0.057011433,
        "HIT_RATE": 0.3260960334,
        "ARHR_ALL_HITS": 0.187490775,
        "NOVELTY": 0.0040814825,
        "AVERAGE_POPULARITY": 0.2441916807,
        "DIVERSITY_MEAN_INTER_LIST": 0.903014007,
        "DIVERSITY_HERFINDAHL": 0.9902991828,
        "COVERAGE_ITEM": 0.2853878484,
        "COVERAGE_ITEM_HIT": 0.0332558045,
        "ITEMS_IN_GT": 0.9936752765,
        "COVERAGE_USER": 0.9780441519,
        "COVERAGE_USER_HIT": 0.3189363184,
        "USERS_IN_GT": 0.9780441519,
        "DIVERSITY_GINI": 0.0135002104,
        "SHANNON_ENTROPY": 7.994581234,
        "RATIO_DIVERSITY_HERFINDAHL": 0.9906260537,
        "RATIO_DIVERSITY_GINI": 0.0265514621,
        "RATIO_SHANNON_ENTROPY": 0.5924753584,
        "RATIO_AVERAGE_POPULARITY": 4.7983803807,
        "RATIO_NOVELTY": 0.2335231157
    }
]