{
    "topK": 523,
    "alpha": 0.003431208569177925,
    "l1_ratio": 0.002972744230721282
}[
    {
        "PRECISION": 0.0549011421,
        "PRECISION_RECALL_MIN_DEN": 0.0912836714,
        "RECALL": 0.0852428689,
        "MAP": 0.0275244976,
        "MAP_MIN_DEN": 0.0451503062,
        "MRR": 0.1831864061,
        "NDCG": 0.088890339,
        "F1": 0.0667874542,
        "HIT_RATE": 0.3589586148,
        "ARHR_ALL_HITS": 0.2227036075,
        "NOVELTY": 0.0043420787,
        "AVERAGE_POPULARITY": 0.1838398239,
        "DIVERSITY_MEAN_INTER_LIST": 0.9529154268,
        "DIVERSITY_HERFINDAHL": 0.9952892022,
        "COVERAGE_ITEM": 0.1533439425,
        "COVERAGE_ITEM_HIT": 0.0583098706,
        "ITEMS_IN_GT": 0.9936752765,
        "COVERAGE_USER": 0.9780441519,
        "COVERAGE_USER_HIT": 0.3510773739,
        "USERS_IN_GT": 0.9780441519,
        "DIVERSITY_GINI": 0.0213675429,
        "SHANNON_ENTROPY": 9.1210018143,
        "RATIO_DIVERSITY_HERFINDAHL": 0.9956177202,
        "RATIO_DIVERSITY_GINI": 0.0420244935,
        "RATIO_SHANNON_ENTROPY": 0.6759539569,
        "RATIO_AVERAGE_POPULARITY": 3.6124629706,
        "RATIO_NOVELTY": 0.2484331964
    }
]