{
    "topK": 273,
    "alpha": 0.002921459899321884,
    "l1_ratio": 0.008068261340448557
}[
    {
        "PRECISION": 0.0549576323,
        "PRECISION_RECALL_MIN_DEN": 0.0913456294,
        "RECALL": 0.0852956689,
        "MAP": 0.0274915313,
        "MAP_MIN_DEN": 0.0449700127,
        "MRR": 0.1824725882,
        "NDCG": 0.0887037018,
        "F1": 0.066845457,
        "HIT_RATE": 0.3591305416,
        "ARHR_ALL_HITS": 0.2221605274,
        "NOVELTY": 0.0043810429,
        "AVERAGE_POPULARITY": 0.1750567137,
        "DIVERSITY_MEAN_INTER_LIST": 0.957541377,
        "DIVERSITY_HERFINDAHL": 0.9957517859,
        "COVERAGE_ITEM": 0.1662790223,
        "COVERAGE_ITEM_HIT": 0.0605949321,
        "ITEMS_IN_GT": 0.9936752765,
        "COVERAGE_USER": 0.9780441519,
        "COVERAGE_USER_HIT": 0.351245526,
        "USERS_IN_GT": 0.9780441519,
        "DIVERSITY_GINI": 0.0235669425,
        "SHANNON_ENTROPY": 9.2645053959,
        "RATIO_DIVERSITY_HERFINDAHL": 0.9960804565,
        "RATIO_DIVERSITY_GINI": 0.0463501503,
        "RATIO_SHANNON_ENTROPY": 0.6865889524,
        "RATIO_AVERAGE_POPULARITY": 3.4398743572,
        "RATIO_NOVELTY": 0.2506625471
    }
]