{
    "topK": 250,
    "alpha": 0.00312082198837027,
    "l1_ratio": 0.009899185175306373
}[
    {
        "PRECISION": 0.0549846494,
        "PRECISION_RECALL_MIN_DEN": 0.0915158019,
        "RECALL": 0.0854667365,
        "MAP": 0.0275032748,
        "MAP_MIN_DEN": 0.0450247753,
        "MRR": 0.1825589122,
        "NDCG": 0.0887906465,
        "F1": 0.0669179376,
        "HIT_RATE": 0.3593515903,
        "ARHR_ALL_HITS": 0.2222285574,
        "NOVELTY": 0.0043637672,
        "AVERAGE_POPULARITY": 0.1790013828,
        "DIVERSITY_MEAN_INTER_LIST": 0.9555413201,
        "DIVERSITY_HERFINDAHL": 0.9955517851,
        "COVERAGE_ITEM": 0.1635043049,
        "COVERAGE_ITEM_HIT": 0.0588403313,
        "ITEMS_IN_GT": 0.9936752765,
        "COVERAGE_USER": 0.9780441519,
        "COVERAGE_USER_HIT": 0.3514617214,
        "USERS_IN_GT": 0.9780441519,
        "DIVERSITY_GINI": 0.0226663862,
        "SHANNON_ENTROPY": 9.2037850752,
        "RATIO_DIVERSITY_HERFINDAHL": 0.9958803897,
        "RATIO_DIVERSITY_GINI": 0.0445789863,
        "RATIO_SHANNON_ENTROPY": 0.6820889927,
        "RATIO_AVERAGE_POPULARITY": 3.5173873285,
        "RATIO_NOVELTY": 0.249674112
    }
]