recommender,alpha,beta,TopK,MAP
RP3betaRecommender,0.5645181481906109,0.44520125121031195,710,0.009819380743104192
RP3betaRecommender,0.5715315472066637,0.3918931238022657,681,0.009824729777726327
RP3betaRecommender,0.8759881187528005,0.2762025440686704,368,0.00980763887088809
RP3betaRecommender,0.16228521348462221,0.16097655196800995,803,0.009182100012244584
RP3betaRecommender,0.5415314741060343,0.6955739333148293,115,0.008349650576800698
