recommender,alpha,l1_ratio,TopK,MAP
SLIMElasticNetRecommender,0.9948633147431076,0.09432754015247935,243,0.006563424286989399
