recommender,alpha,l1_ratio,TopK,MAP
SLIMElasticNetRecommender,0.0609376335899975,0.01334227120737395,96,0.004657139583047829
