recommender,alpha,l1_ratio,TopK,MAP
SLIMElasticNetRecommender,0.3795734358566363,0.41381284542388896,462,0.0020812193762286286
