{
    "alpha": 0.04137068723357783,
    "l1_ratio": 0.039535749124922186,
    "topK": 334.5605306683192,
    "MAP": 0.021256
}
