{
    "alpha": 0.6350789169574345,
    "beta": 0.3386127128172598,
    "topK": 84
}[
    {
        "PRECISION": 0.0553060742,
        "PRECISION_RECALL_MIN_DEN": 0.1022841236,
        "RECALL": 0.1011535976,
        "MAP": 0.0269595878,
        "MAP_MIN_DEN": 0.0489325565,
        "MRR": 0.1934881806,
        "NDCG": 0.0961157637,
        "F1": 0.0715124647,
        "HIT_RATE": 0.3966910896,
        "ARHR_ALL_HITS": 0.2274171178,
        "NOVELTY": 0.0043724037,
        "AVERAGE_POPULARITY": 0.1837440377,
        "DIVERSITY_MEAN_INTER_LIST": 0.9492598642,
        "DIVERSITY_HERFINDAHL": 0.9949214993,
        "COVERAGE_ITEM": 0.2602521728,
        "COVERAGE_ITEM_HIT": 0.049904109,
        "ITEMS_IN_GT": 0.9936752765,
        "COVERAGE_USER": 0.9863390526,
        "COVERAGE_USER_HIT": 0.3912719135,
        "USERS_IN_GT": 0.9863390526,
        "DIVERSITY_GINI": 0.0243780633,
        "SHANNON_ENTROPY": 9.0680167564,
        "RATIO_DIVERSITY_HERFINDAHL": 0.9952498958,
        "RATIO_DIVERSITY_GINI": 0.0479454174,
        "RATIO_SHANNON_ENTROPY": 0.6720272545,
        "RATIO_AVERAGE_POPULARITY": 3.6105807663,
        "RATIO_NOVELTY": 0.2501682509
    }
]