{
    "IASL": [
        0.016010071056823005,
        0.04983065330536794,
        0.06157713293650803
    ],
    "ItemKNNCF": [
        0.022060381474751083,
        0.0761912530101764,
        0.10035367063492075
    ],
    "RP3Beta": [
        0.023435421934436994,
        0.08720176597011843,
        0.10898520171957671
    ],
    "P3Alpha": [
        0.02055252208057287,
        0.07511852973924765,
        0.09214930555555564
    ],
    "P3alpha+RP3beta": [
        0.02356874761648327,
        0.08521265439291552,
        0.1080868055555556
    ]
}