{
    "IASL": [
        0.016824935571326145,
        0.052317842799770475,
        0.057741798941798934
    ],
    "ItemKNNCF": [
        0.023201964060962543,
        0.09253107668770318,
        0.11095714285714287
    ],
    "RP3Beta": [
        0.024954368164184677,
        0.11935886402753866,
        0.11559629629629625
    ],
    "P3Alpha": [
        0.02165403359339787,
        0.0854082998661312,
        0.10507248677248673
    ],
    "SLIM Elastic Net": [
        0.02619323685974223,
        0.10446213425129088,
        0.11946137566137568
    ],
    "P3alpha+RP3beta": [
        0.025100102905684603,
        0.11698364888123926,
        0.12039841269841269
    ],
    "ItemKNNCFG0": [
        0.017242345043114796,
        0.061365461847389544,
        0.06561534391534389
    ],
    "RP3betaG0": [
        0.02186476500720908,
        0.08566934404283802,
        0.10467830687830687
    ],
    "SlimElasticNetG1": [
        0.025565115560302526,
        0.10308185121438132,
        0.10558518518518521
    ],
    "RP3betaG1": [
        0.024430283650687324,
        0.1045955249569707,
        0.11618042328042329
    ]
}