{
    "CombinedItemKNNCFG0": [
        0.006037805592679361,
        0.009915545802067029,
        0.017346865948325824,
        0.03644271377269683
    ],
    "RP3betaG0": [
        0.0064426146007475925,
        0.012140930042317423,
        0.02225404163287382,
        0.04690139522527051
    ],
    "SlimBPRG0": [
        0.006112117046127715,
        0.010391555366778273,
        0.01693394353686326,
        0.03151201316745793
    ],
    "RP3betaG1": [
        0.006230390254884777,
        0.01307468497805452,
        0.024801927161781184,
        0.05316846146564347
    ],
    "CombinedItemKNNCFG2": [
        0.006267246596187348,
        0.012700780279075494,
        0.02332849418761831,
        0.047882255537844816
    ],
    "RP3betaG2": [
        0.006196647521966905,
        0.013120966853870606,
        0.025375943305140407,
        0.05471703478749489
    ],
    "RP3beta_ItemKNNCF_Hybrid": [
        0.006022257509783914,
        0.013238405933896405,
        0.02550031282586036,
        0.05491396645229863
    ],
    "CombinedItemKNNCFG3": [
        0.005056292442873274,
        0.012270926738716487,
        0.02390739968331212,
        0.049993572008770915
    ],
    "RP3betaG3": [
        0.006083320160374784,
        0.013214096937089878,
        0.02543643069555485,
        0.055201737389838954
    ]
}