{
    "CombinedItemKNNCFG0": [
        0.006446305660907435
    ],
    "RP3betaG0": [
        0.006632918151170364
    ],
    "RP3betaG1": [
        0.012870824725535246
    ],
    "CombinedItemKNNCFG2": [
        0.02318893051797373
    ],
    "RP3betaG2": [
        0.02497486836729187
    ],
    "RP3beta_ItemKNNCF_HybridG2": [
        0.025335453333024973
    ],
    "CombinedItemKNNCFG3": [
        0.050676973819831626
    ],
    "RP3betaG3": [
        0.054375489589775464
    ],
    "RP3beta_ItemKNNCF_Hybrid": [
        0.05480276689800516
    ]
}