{
    "IASL": [
        0.004129004867383426,
        0.00836476590570067,
        0.017098122347758468,
        0.03711229777167315
    ],
    "TopPop": [
        0.004105992435628432,
        0.005980564730936875,
        0.00975147293269559,
        0.01847089056776552
    ],
    "ItemKNNCF": [
        0.005946502798625426,
        0.012106139865889707,
        0.023698605238634426,
        0.049946481990232584
    ],
    "RP3Beta": [
        0.005810617010072491,
        0.012324639954886956,
        0.02530021256440471,
        0.05576541895604417
    ],
    "P3Alpha": [
        0.0058309404565832995,
        0.011123511658641077,
        0.021713265251111048,
        0.0471687194749699
    ],
    "SLIM Elastic Net": [
        0.00599197145834235,
        0.012359754493573986,
        0.026289384102339063,
        0.059756166056166155
    ],
    "P3alpha+RP3beta": [
        0.006032098160766107,
        0.012556907053781012,
        0.025316355136588045,
        0.05539104090354113
    ],
    "CombinedItemKNNCFG0": [
        0.005767697284284971,
        0.009510778907176592,
        0.017365811017921638,
        0.03656032509157535
    ],
    "RP3betaG0": [
        0.005916767903759944,
        0.011610074647436889,
        0.022071336152122246,
        0.04701718177655723
    ],
    "SlimBPRG0": [
        0.005779213503827811,
        0.009868508516171463,
        0.017153496915505644,
        0.03205230845543361
    ],
    "SlimElasticNetG1": [
        0.006194193552517655,
        0.012296491617718069,
        0.025998856311083424,
        0.05756226343101367
    ],
    "RP3betaG1": [
        0.005966502126379116,
        0.012366531674361279,
        0.02455146985205212,
        0.05303967872405409
    ]
}