{
    "IASL": [
        0.016195792899704565,
        0.04862431704601374,
        0.057469163359788474
    ],
    "ItemKNNCF": [
        0.021954140503729937,
        0.07582783086045732,
        0.08500090939153447
    ],
    "RP3Beta": [
        0.023370069600920775,
        0.08317654522385365,
        0.10073346560846573
    ],
    "P3Alpha": [
        0.02032047769265384,
        0.07387063362593546,
        0.0819953703703704
    ],
    "SLIM Elastic Net": [
        0.024594470982924558,
        0.0889689660529791,
        0.10227736441798951
    ],
    "P3alpha+RP3beta": [
        0.023519784687796703,
        0.08445273052124612,
        0.097821097883598
    ],
    "ItemKNNCFG0": [
        0.016469790195783783,
        0.05608321033688093,
        0.0581579034391535
    ],
    "RP3betaG0": [
        0.020429561864703422,
        0.07415637380563975,
        0.08061210317460323
    ],
    "SlimElasticNetG1": [
        0.024080868258974764,
        0.08663695331313605,
        0.0978704530423281
    ],
    "RP3betaG1": [
        0.022924102949275924,
        0.08289443020275007,
        0.09290013227513234
    ]
}