{
    "CombinedItemKNNCFG0": [
        0.005806064593378047
    ],
    "RP3betaG0": [
        0.006082697836429194
    ],
    "RP3betaG1": [
        0.012636572135230475
    ],
    "CombinedItemKNNCFG2": [
        0.023450956134132256
    ],
    "RP3betaG2": [
        0.025518595229600486
    ],
    "RP3beta_ItemKNNCF_HybridG2": [
        0.025797666541560738
    ],
    "CombinedItemKNNCFG3": [
        0.05130818465257515
    ],
    "RP3betaG3": [
        0.055641364612377196
    ],
    "RP3beta_ItemKNNCF_Hybrid": [
        0.056037983985056494
    ]
}