{
    "CombinedItemKNNCFG3": [
        0.04635797043878363
    ],
    "RP3betaG3": [
        0.05047608564918243
    ],
    "RP3beta_ItemKNNCF_Hybrid": [
        0.05058060369322083
    ]
}