{
    "CombinedItemKNNCFG2": [
        0.04609710632050671
    ],
    "RP3betaG2": [
        0.0502833024262091
    ],
    "RP3beta_ItemKNNCF_Hybrid": [
        0.050492758902355266
    ]
}