recommender,shrink,topk,MAP
ItemKNNCFRecommender,63.096825047808125,452,0.016779235533000713
