{
    "topK": 5175,
    "shrink": 588.2867811397375,
    "normalization": "tfidf"
}[
    {
        "PRECISION": 0.0108389089,
        "PRECISION_RECALL_MIN_DEN": 0.0384488477,
        "RECALL": 0.0384488477,
        "MAP": 0.0049823828,
        "MAP_MIN_DEN": 0.0181811453,
        "MRR": 0.047055241,
        "NDCG": 0.0330629045,
        "F1": 0.016910632,
        "HIT_RATE": 0.1023160062,
        "ARHR_ALL_HITS": 0.0483995049,
        "NOVELTY": 0.0035629086,
        "AVERAGE_POPULARITY": 0.452907947,
        "DIVERSITY_MEAN_INTER_LIST": 0.4843349057,
        "DIVERSITY_HERFINDAHL": 0.9484285051,
        "COVERAGE_ITEM": 0.0234626841,
        "COVERAGE_ITEM_HIT": 0.0064471376,
        "ITEMS_IN_GT": 0.9934712531,
        "COVERAGE_USER": 0.9335062938,
        "COVERAGE_USER_HIT": 0.0955126357,
        "USERS_IN_GT": 0.9335062938,
        "DIVERSITY_GINI": 0.0014320741,
        "SHANNON_ENTROPY": 5.1257138124,
        "RATIO_DIVERSITY_HERFINDAHL": 0.9487414422,
        "RATIO_DIVERSITY_GINI": 0.002814386,
        "RATIO_SHANNON_ENTROPY": 0.3798197546,
        "RATIO_AVERAGE_POPULARITY": 8.9744621868,
        "RATIO_NOVELTY": 0.2038286554
    }
]