{
    "topK": 3556,
    "shrink": 505.8939180154946,
    "similarity": "rp3beta",
    "normalization": "bm25plus"
}[
    {
        "PRECISION": 0.0092576545,
        "PRECISION_RECALL_MIN_DEN": 0.0354434885,
        "RECALL": 0.0354434885,
        "MAP": 0.0040608809,
        "MAP_MIN_DEN": 0.0150141617,
        "MRR": 0.0383964678,
        "NDCG": 0.0289234065,
        "F1": 0.0146807688,
        "HIT_RATE": 0.0873772386,
        "ARHR_ALL_HITS": 0.0395026386,
        "NOVELTY": 0.0035672721,
        "AVERAGE_POPULARITY": 0.4549599836,
        "DIVERSITY_MEAN_INTER_LIST": 0.4917775442,
        "DIVERSITY_HERFINDAHL": 0.9491706519,
        "COVERAGE_ITEM": 0.0231770515,
        "COVERAGE_ITEM_HIT": 0.0048965602,
        "ITEMS_IN_GT": 0.9932264251,
        "COVERAGE_USER": 0.922953879,
        "COVERAGE_USER_HIT": 0.0806451613,
        "USERS_IN_GT": 0.922953879,
        "DIVERSITY_GINI": 0.0015018004,
        "SHANNON_ENTROPY": 5.1700489701,
        "RATIO_DIVERSITY_HERFINDAHL": 0.9494839813,
        "RATIO_DIVERSITY_GINI": 0.0029519614,
        "RATIO_SHANNON_ENTROPY": 0.3831107906,
        "RATIO_AVERAGE_POPULARITY": 8.9379780777,
        "RATIO_NOVELTY": 0.2040813571
    }
]