{
    "topK": 5251,
    "shrink": 108.99759968449757,
    "normalization": "tfidf"
}[
    {
        "PRECISION": 0.0138083736,
        "PRECISION_RECALL_MIN_DEN": 0.0398741629,
        "RECALL": 0.039861858,
        "MAP": 0.0066899706,
        "MAP_MIN_DEN": 0.018898151,
        "MRR": 0.0595637077,
        "NDCG": 0.0387913398,
        "F1": 0.0205114609,
        "HIT_RATE": 0.1232890499,
        "ARHR_ALL_HITS": 0.0630235491,
        "NOVELTY": 0.003727608,
        "AVERAGE_POPULARITY": 0.396857974,
        "DIVERSITY_MEAN_INTER_LIST": 0.6524495655,
        "DIVERSITY_HERFINDAHL": 0.96523839,
        "COVERAGE_ITEM": 0.0584322847,
        "COVERAGE_ITEM_HIT": 0.0102419717,
        "ITEMS_IN_GT": 0.9923287224,
        "COVERAGE_USER": 0.9547420006,
        "COVERAGE_USER_HIT": 0.1177092342,
        "USERS_IN_GT": 0.9547420006,
        "DIVERSITY_GINI": 0.0040383458,
        "SHANNON_ENTROPY": 6.180768535,
        "RATIO_DIVERSITY_HERFINDAHL": 0.9655575077,
        "RATIO_DIVERSITY_GINI": 0.0079427323,
        "RATIO_SHANNON_ENTROPY": 0.4580594486,
        "RATIO_AVERAGE_POPULARITY": 7.7942145355,
        "RATIO_NOVELTY": 0.213278443
    }
]