{
    "ItemKNNCFG0": [
        0.0051227004393190655
    ],
    "RP3betaG0": [
        0.004681567231505458
    ],
    "newRP3betaG0": [
        0.004640442358986436
    ],
    "old RP3beta + ItemKNNCF": [
        0.005134835647603373
    ],
    "SlimElasticNet": [
        0.004663086575926377
    ]
}