{
    "ItemKNNCFG0": [
        0.004970075595912641
    ],
    "RP3betaG0": [
        0.004628136134780838
    ],
    "newRP3betaG0": [
        0.004664707681087626
    ],
    "old RP3beta + ItemKNNCF": [
        0.004904495364987812
    ]
}