{
    "ItemKNNCFG0": [
        0.005351312353318746
    ],
    "RP3betaG0": [
        0.005058607179195733
    ],
    "newRP3betaG0": [
        0.004994136832288913
    ],
    "old RP3beta + ItemKNNCF": [
        0.005327986255036375
    ]
}