{
    "CombinedItemKNNCFG0": [
        0.004690526054209243
    ],
    "newItemKNNCFG0": [
        0.005030228866360294
    ],
    "RP3betaG0": [
        0.004790674500994828
    ]
}