{
    "ItemKNNCFG0": [
        0.002416751165126658
    ],
    "RP3betaG0": [
        0.001596219546834362
    ],
    "newRP3betaG0": [
        0.0016909649327424012
    ]
}