{
    "SlimBPR": [
        0.004880276881205409
    ],
    "CombinedItemKNNCFG0": [
        0.004957771030968197
    ],
    "RP3betaG0": [
        0.005100502080539244
    ],
    "SlimBPRG0": [
        0.004971780486327082
    ]
}