{
    "ItemKNNCFG0": [
        0.0053553538397401595
    ],
    "RP3betaG0": [
        0.004994817594083462
    ],
    "newRP3betaG0": [
        0.004964790003824247
    ],
    "old RP3beta + ItemKNNCF": [
        0.005350672030436289
    ],
    "SlimElasticNet": [
        0.004787484428162754
    ]
}