{
    "ItemKNNCFG0": [
        0.005009086916479041
    ],
    "RP3betaG0": [
        0.004720644917062437
    ],
    "newRP3betaG0": [
        0.004777108344886592
    ]
}