{
    "topK": 590,
    "alpha": 0.6893542296281367
}[
    {
        "PRECISION": 0.0088030215,
        "PRECISION_RECALL_MIN_DEN": 0.0343112739,
        "RECALL": 0.0343112739,
        "MAP": 0.0038619055,
        "MAP_MIN_DEN": 0.0148764369,
        "MRR": 0.0361522117,
        "NDCG": 0.0284569749,
        "F1": 0.0140112637,
        "HIT_RATE": 0.0816385822,
        "ARHR_ALL_HITS": 0.0373711067,
        "NOVELTY": 0.0038270096,
        "AVERAGE_POPULARITY": 0.3531947999,
        "DIVERSITY_MEAN_INTER_LIST": 0.7346192224,
        "DIVERSITY_HERFINDAHL": 0.9734512508,
        "COVERAGE_ITEM": 0.0795691027,
        "COVERAGE_ITEM_HIT": 0.0063247235,
        "ITEMS_IN_GT": 0.9926551598,
        "COVERAGE_USER": 0.9176219675,
        "COVERAGE_USER_HIT": 0.0749133564,
        "USERS_IN_GT": 0.9176219675,
        "DIVERSITY_GINI": 0.0064745416,
        "SHANNON_ENTROPY": 6.7482169312,
        "RATIO_DIVERSITY_HERFINDAHL": 0.9737726389,
        "RATIO_DIVERSITY_GINI": 0.0127216751,
        "RATIO_SHANNON_ENTROPY": 0.5000318917,
        "RATIO_AVERAGE_POPULARITY": 6.9872534116,
        "RATIO_NOVELTY": 0.2189301549
    }
]