{
    "alpha": 0.36914252072676557,
    "beta": 0.37856318068441236
}[
    {
        "PRECISION": 0.0144408689,
        "PRECISION_RECALL_MIN_DEN": 0.0417145938,
        "RECALL": 0.0417092609,
        "MAP": 0.0067369132,
        "MAP_MIN_DEN": 0.0194220778,
        "MRR": 0.0598483651,
        "NDCG": 0.0395666844,
        "F1": 0.0214538406,
        "HIT_RATE": 0.1285197104,
        "ARHR_ALL_HITS": 0.0634838828,
        "NOVELTY": 0.0037598926,
        "AVERAGE_POPULARITY": 0.3811475846,
        "DIVERSITY_MEAN_INTER_LIST": 0.688940881,
        "DIVERSITY_HERFINDAHL": 0.9688871599,
        "COVERAGE_ITEM": 0.0675317256,
        "COVERAGE_ITEM_HIT": 0.0101603623,
        "ITEMS_IN_GT": 0.9932264251,
        "COVERAGE_USER": 0.9555107139,
        "COVERAGE_USER_HIT": 0.1228019602,
        "USERS_IN_GT": 0.9555107139,
        "DIVERSITY_GINI": 0.0045443614,
        "SHANNON_ENTROPY": 6.3735531593,
        "RATIO_DIVERSITY_HERFINDAHL": 0.9692067725,
        "RATIO_DIVERSITY_GINI": 0.0089379502,
        "RATIO_SHANNON_ENTROPY": 0.4723294132,
        "RATIO_AVERAGE_POPULARITY": 7.5113203611,
        "RATIO_NOVELTY": 0.2151177168
    }
]