{
    "alpha": 0.748706443270007,
    "beta": 0.16081149387492433,
    "topK": 370
}[
    {
        "PRECISION": 0.0136464422,
        "PRECISION_RECALL_MIN_DEN": 0.0374789629,
        "RECALL": 0.0374711749,
        "MAP": 0.0062914383,
        "MAP_MIN_DEN": 0.0171258674,
        "MRR": 0.0563425273,
        "NDCG": 0.0367699487,
        "F1": 0.0200067316,
        "HIT_RATE": 0.1211449305,
        "ARHR_ALL_HITS": 0.0595155707,
        "NOVELTY": 0.0041742269,
        "AVERAGE_POPULARITY": 0.2707953936,
        "DIVERSITY_MEAN_INTER_LIST": 0.8586855408,
        "DIVERSITY_HERFINDAHL": 0.9858598997,
        "COVERAGE_ITEM": 0.2924878606,
        "COVERAGE_ITEM_HIT": 0.0131799078,
        "ITEMS_IN_GT": 0.9932672298,
        "COVERAGE_USER": 0.9533967522,
        "COVERAGE_USER_HIT": 0.1154991832,
        "USERS_IN_GT": 0.9533967522,
        "DIVERSITY_GINI": 0.0317867624,
        "SHANNON_ENTROPY": 8.312968214,
        "RATIO_DIVERSITY_HERFINDAHL": 0.9861850993,
        "RATIO_DIVERSITY_GINI": 0.0624987613,
        "RATIO_SHANNON_ENTROPY": 0.6160046767,
        "RATIO_AVERAGE_POPULARITY": 5.3698585337,
        "RATIO_NOVELTY": 0.2388038386
    }
]