{
    "alpha": 0.5283004754763794,
    "beta": 0.3033915830379309
}[
    {
        "PRECISION": 0.0135569249,
        "PRECISION_RECALL_MIN_DEN": 0.0394809801,
        "RECALL": 0.0394621654,
        "MAP": 0.0063329389,
        "MAP_MIN_DEN": 0.0180175449,
        "MRR": 0.0572529773,
        "NDCG": 0.0378170454,
        "F1": 0.0201808673,
        "HIT_RATE": 0.1227396707,
        "ARHR_ALL_HITS": 0.0602200479,
        "NOVELTY": 0.0036800898,
        "AVERAGE_POPULARITY": 0.40972072,
        "DIVERSITY_MEAN_INTER_LIST": 0.6211312025,
        "DIVERSITY_HERFINDAHL": 0.9621068456,
        "COVERAGE_ITEM": 0.0452931815,
        "COVERAGE_ITEM_HIT": 0.009466683,
        "ITEMS_IN_GT": 0.9932672298,
        "COVERAGE_USER": 0.9511867013,
        "COVERAGE_USER_HIT": 0.1167483425,
        "USERS_IN_GT": 0.9511867013,
        "DIVERSITY_GINI": 0.0029649517,
        "SHANNON_ENTROPY": 5.9080394928,
        "RATIO_DIVERSITY_HERFINDAHL": 0.9624247194,
        "RATIO_DIVERSITY_GINI": 0.0058333481,
        "RATIO_SHANNON_ENTROPY": 0.4378561474,
        "RATIO_AVERAGE_POPULARITY": 8.0722128203,
        "RATIO_NOVELTY": 0.2105638672
    }
]