{
    "alpha": 0.38768683146952043,
    "beta": 0.16808424824560023,
    "topK": 377
}[
    {
        "PRECISION": 0.0137120371,
        "PRECISION_RECALL_MIN_DEN": 0.0396119111,
        "RECALL": 0.0396029737,
        "MAP": 0.0063945624,
        "MAP_MIN_DEN": 0.0183244833,
        "MRR": 0.056953273,
        "NDCG": 0.0388385105,
        "F1": 0.0203709026,
        "HIT_RATE": 0.1220865705,
        "ARHR_ALL_HITS": 0.0603249076,
        "NOVELTY": 0.0041567739,
        "AVERAGE_POPULARITY": 0.2656727625,
        "DIVERSITY_MEAN_INTER_LIST": 0.8693437242,
        "DIVERSITY_HERFINDAHL": 0.9869256009,
        "COVERAGE_ITEM": 0.2280164851,
        "COVERAGE_ITEM_HIT": 0.0145672665,
        "ITEMS_IN_GT": 0.9928999878,
        "COVERAGE_USER": 0.9523397713,
        "COVERAGE_USER_HIT": 0.1162678966,
        "USERS_IN_GT": 0.9523397713,
        "DIVERSITY_GINI": 0.0238942329,
        "SHANNON_ENTROPY": 8.2802377001,
        "RATIO_DIVERSITY_HERFINDAHL": 0.9872519244,
        "RATIO_DIVERSITY_GINI": 0.0469913038,
        "RATIO_SHANNON_ENTROPY": 0.6136376389,
        "RATIO_AVERAGE_POPULARITY": 5.2462827724,
        "RATIO_NOVELTY": 0.2378279829
    }
]