{
    "alpha": 0.6649656555023034,
    "beta": 0.23957286370333863,
    "topK": 254
}[
    {
        "PRECISION": 0.0136519115,
        "PRECISION_RECALL_MIN_DEN": 0.0388048928,
        "RECALL": 0.0387892395,
        "MAP": 0.0066259541,
        "MAP_MIN_DEN": 0.0189211882,
        "MRR": 0.0588178276,
        "NDCG": 0.0401458991,
        "F1": 0.0201958673,
        "HIT_RATE": 0.1207243461,
        "ARHR_ALL_HITS": 0.06238215,
        "NOVELTY": 0.0043609779,
        "AVERAGE_POPULARITY": 0.2330665348,
        "DIVERSITY_MEAN_INTER_LIST": 0.8998755669,
        "DIVERSITY_HERFINDAHL": 0.9899785036,
        "COVERAGE_ITEM": 0.3951524054,
        "COVERAGE_ITEM_HIT": 0.0151385318,
        "ITEMS_IN_GT": 0.9945729791,
        "COVERAGE_USER": 0.9551263573,
        "COVERAGE_USER_HIT": 0.1153070049,
        "USERS_IN_GT": 0.9551263573,
        "DIVERSITY_GINI": 0.055210601,
        "SHANNON_ENTROPY": 9.0618359123,
        "RATIO_DIVERSITY_HERFINDAHL": 0.9903051844,
        "RATIO_DIVERSITY_GINI": 0.1085475174,
        "RATIO_SHANNON_ENTROPY": 0.6715006054,
        "RATIO_AVERAGE_POPULARITY": 4.6265122746,
        "RATIO_NOVELTY": 0.2494890363
    }
]