{
    "alpha": 0.748706443270007,
    "beta": 0.16081149387492433,
    "topK": 370
}[
    {
        "PRECISION": 0.0086665697,
        "PRECISION_RECALL_MIN_DEN": 0.0311149311,
        "RECALL": 0.0311149311,
        "MAP": 0.0038685485,
        "MAP_MIN_DEN": 0.0137783407,
        "MRR": 0.0358267494,
        "NDCG": 0.0269868829,
        "F1": 0.013557041,
        "HIT_RATE": 0.080558383,
        "ARHR_ALL_HITS": 0.0372318817,
        "NOVELTY": 0.0042165265,
        "AVERAGE_POPULARITY": 0.2632298071,
        "DIVERSITY_MEAN_INTER_LIST": 0.8678851392,
        "DIVERSITY_HERFINDAHL": 0.9867758938,
        "COVERAGE_ITEM": 0.2557228547,
        "COVERAGE_ITEM_HIT": 0.0080793243,
        "ITEMS_IN_GT": 0.9932264251,
        "COVERAGE_USER": 0.916688883,
        "COVERAGE_USER_HIT": 0.0738469741,
        "USERS_IN_GT": 0.916688883,
        "DIVERSITY_GINI": 0.0335712692,
        "SHANNON_ENTROPY": 8.4644806966,
        "RATIO_DIVERSITY_HERFINDAHL": 0.9871025136,
        "RATIO_DIVERSITY_GINI": 0.0660278196,
        "RATIO_SHANNON_ENTROPY": 0.6273271638,
        "RATIO_AVERAGE_POPULARITY": 5.2062252522,
        "RATIO_NOVELTY": 0.2412603641
    }
]