recommender,alpha,beta,TopK,MAP
RP3betaRecommender,0.55806408285963,0.38003176909425984,19,0.04658877716601017
