{
    "topK": 2805,
    "alpha": 0.0024394599994351455,
    "l1_ratio": 0.007748145504549642
}[
    {
        "PRECISION": 0.0559409104,
        "PRECISION_RECALL_MIN_DEN": 0.0929194699,
        "RECALL": 0.0866537101,
        "MAP": 0.0279008752,
        "MAP_MIN_DEN": 0.0457691966,
        "MRR": 0.1844328549,
        "NDCG": 0.0916225583,
        "F1": 0.0679897659,
        "HIT_RATE": 0.3640251696,
        "ARHR_ALL_HITS": 0.2250803229,
        "NOVELTY": 0.0042733434,
        "AVERAGE_POPULARITY": 0.2090895369,
        "DIVERSITY_MEAN_INTER_LIST": 0.9354126766,
        "DIVERSITY_HERFINDAHL": 0.9935389684,
        "COVERAGE_ITEM": 0.1413065655,
        "COVERAGE_ITEM_HIT": 0.0633288448,
        "ITEMS_IN_GT": 0.9931448158,
        "COVERAGE_USER": 0.9772994787,
        "COVERAGE_USER_HIT": 0.3557616085,
        "USERS_IN_GT": 0.9772994787,
        "DIVERSITY_GINI": 0.019549952,
        "SHANNON_ENTROPY": 8.8766402592,
        "RATIO_DIVERSITY_HERFINDAHL": 0.9938664857,
        "RATIO_DIVERSITY_GINI": 0.0384397129,
        "RATIO_SHANNON_ENTROPY": 0.657804179,
        "RATIO_AVERAGE_POPULARITY": 4.1307125958,
        "RATIO_NOVELTY": 0.244485535
    }
]