{
    "factors": 92,
    "alpha": 6,
    "iterations": 93,
    "regularization": 0.0029710152377659385
}[
    {
        "PRECISION": 0.0437966785,
        "PRECISION_RECALL_MIN_DEN": 0.0732407934,
        "RECALL": 0.0687236066,
        "MAP": 0.0202875239,
        "MAP_MIN_DEN": 0.0336089412,
        "MRR": 0.1437554205,
        "NDCG": 0.0702377279,
        "F1": 0.053499077,
        "HIT_RATE": 0.3074145047,
        "ARHR_ALL_HITS": 0.1697659584,
        "NOVELTY": 0.0043338488,
        "AVERAGE_POPULARITY": 0.1462089377,
        "DIVERSITY_MEAN_INTER_LIST": 0.9701204414,
        "DIVERSITY_HERFINDAHL": 0.9970096608,
        "COVERAGE_ITEM": 0.0642673522,
        "COVERAGE_ITEM_HIT": 0.0431713388,
        "ITEMS_IN_GT": 0.9926551598,
        "COVERAGE_USER": 0.977779913,
        "COVERAGE_USER_HIT": 0.3005837277,
        "USERS_IN_GT": 0.977779913,
        "DIVERSITY_GINI": 0.015263232,
        "SHANNON_ENTROPY": 8.9668669566,
        "RATIO_DIVERSITY_HERFINDAHL": 0.9973381275,
        "RATIO_DIVERSITY_GINI": 0.0299938223,
        "RATIO_SHANNON_ENTROPY": 0.6644338333,
        "RATIO_AVERAGE_POPULARITY": 2.8926769585,
        "RATIO_NOVELTY": 0.2479260373
    }
]