{
    "factors": 97,
    "alpha": 6,
    "iterations": 59,
    "regularization": 0.004070427647981844
}[
    {
        "PRECISION": 0.0436910377,
        "PRECISION_RECALL_MIN_DEN": 0.073036307,
        "RECALL": 0.0684874189,
        "MAP": 0.0203924481,
        "MAP_MIN_DEN": 0.0338871941,
        "MRR": 0.1442602556,
        "NDCG": 0.07032237,
        "F1": 0.053348682,
        "HIT_RATE": 0.3056702044,
        "ARHR_ALL_HITS": 0.1704883534,
        "NOVELTY": 0.0043471409,
        "AVERAGE_POPULARITY": 0.1429805354,
        "DIVERSITY_MEAN_INTER_LIST": 0.9712503667,
        "DIVERSITY_HERFINDAHL": 0.9971226505,
        "COVERAGE_ITEM": 0.0657771249,
        "COVERAGE_ITEM_HIT": 0.0444362835,
        "ITEMS_IN_GT": 0.9926551598,
        "COVERAGE_USER": 0.977779913,
        "COVERAGE_USER_HIT": 0.2988781859,
        "USERS_IN_GT": 0.977779913,
        "DIVERSITY_GINI": 0.0157828081,
        "SHANNON_ENTROPY": 9.0166394518,
        "RATIO_DIVERSITY_HERFINDAHL": 0.9974511544,
        "RATIO_DIVERSITY_GINI": 0.0310148428,
        "RATIO_SHANNON_ENTROPY": 0.6681219141,
        "RATIO_AVERAGE_POPULARITY": 2.8288044943,
        "RATIO_NOVELTY": 0.2486864329
    }
]