{
    "factors": 80,
    "alpha": 6,
    "iterations": 86,
    "regularization": 0.0019678244985970156
}[
    {
        "PRECISION": 0.0438654678,
        "PRECISION_RECALL_MIN_DEN": 0.0735310616,
        "RECALL": 0.0690158983,
        "MAP": 0.0202548041,
        "MAP_MIN_DEN": 0.0337240499,
        "MRR": 0.1436408009,
        "NDCG": 0.0703781923,
        "F1": 0.0536388736,
        "HIT_RATE": 0.3084954796,
        "ARHR_ALL_HITS": 0.1695491005,
        "NOVELTY": 0.0043002515,
        "AVERAGE_POPULARITY": 0.1541316638,
        "DIVERSITY_MEAN_INTER_LIST": 0.9671370594,
        "DIVERSITY_HERFINDAHL": 0.9967113299,
        "COVERAGE_ITEM": 0.0579834333,
        "COVERAGE_ITEM_HIT": 0.040682254,
        "ITEMS_IN_GT": 0.9926551598,
        "COVERAGE_USER": 0.977779913,
        "COVERAGE_USER_HIT": 0.3016406832,
        "USERS_IN_GT": 0.977779913,
        "DIVERSITY_GINI": 0.014012142,
        "SHANNON_ENTROPY": 8.8403435826,
        "RATIO_DIVERSITY_HERFINDAHL": 0.9970396983,
        "RATIO_DIVERSITY_GINI": 0.0275353016,
        "RATIO_SHANNON_ENTROPY": 0.6550586066,
        "RATIO_AVERAGE_POPULARITY": 3.0494244691,
        "RATIO_NOVELTY": 0.2460040393
    }
]