{
    "topK": 2603,
    "alpha": 0.0020466845858600996,
    "l1_ratio": 0.029999896417482113
}[
    {
        "PRECISION": 0.0563998624,
        "PRECISION_RECALL_MIN_DEN": 0.0931375353,
        "RECALL": 0.0870095365,
        "MAP": 0.02808658,
        "MAP_MIN_DEN": 0.0455772059,
        "MRR": 0.1839877189,
        "NDCG": 0.0916666088,
        "F1": 0.0684379953,
        "HIT_RATE": 0.3645833333,
        "ARHR_ALL_HITS": 0.2254484856,
        "NOVELTY": 0.004319549,
        "AVERAGE_POPULARITY": 0.204246986,
        "DIVERSITY_MEAN_INTER_LIST": 0.9375147959,
        "DIVERSITY_HERFINDAHL": 0.9937491763,
        "COVERAGE_ITEM": 0.1627698209,
        "COVERAGE_ITEM_HIT": 0.0610437834,
        "ITEMS_IN_GT": 0.9926551598,
        "COVERAGE_USER": 0.977779913,
        "COVERAGE_USER_HIT": 0.35648226,
        "USERS_IN_GT": 0.977779913,
        "DIVERSITY_GINI": 0.0229260222,
        "SHANNON_ENTROPY": 9.0600171259,
        "RATIO_DIVERSITY_HERFINDAHL": 0.9940765688,
        "RATIO_DIVERSITY_GINI": 0.0450519938,
        "RATIO_SHANNON_ENTROPY": 0.6713361465,
        "RATIO_AVERAGE_POPULARITY": 4.0409331978,
        "RATIO_NOVELTY": 0.2471079874
    }
]