{
    "topK": 3304,
    "alpha": 0.0018562338461050299,
    "l1_ratio": 0.03509580780794815
}[
    {
        "PRECISION": 0.0563802083,
        "PRECISION_RECALL_MIN_DEN": 0.0931033064,
        "RECALL": 0.086974335,
        "MAP": 0.028104875,
        "MAP_MIN_DEN": 0.0455753108,
        "MRR": 0.1839437605,
        "NDCG": 0.0916338403,
        "F1": 0.0684126364,
        "HIT_RATE": 0.3642148192,
        "ARHR_ALL_HITS": 0.2255044257,
        "NOVELTY": 0.0043255946,
        "AVERAGE_POPULARITY": 0.2043005559,
        "DIVERSITY_MEAN_INTER_LIST": 0.9372533865,
        "DIVERSITY_HERFINDAHL": 0.993723036,
        "COVERAGE_ITEM": 0.1647692496,
        "COVERAGE_ITEM_HIT": 0.0614110254,
        "ITEMS_IN_GT": 0.9926551598,
        "COVERAGE_USER": 0.977779913,
        "COVERAGE_USER_HIT": 0.3561219342,
        "USERS_IN_GT": 0.977779913,
        "DIVERSITY_GINI": 0.0234542597,
        "SHANNON_ENTROPY": 9.0848024025,
        "RATIO_DIVERSITY_HERFINDAHL": 0.9940504199,
        "RATIO_DIVERSITY_GINI": 0.0460900349,
        "RATIO_SHANNON_ENTROPY": 0.6731727051,
        "RATIO_AVERAGE_POPULARITY": 4.0419930525,
        "RATIO_NOVELTY": 0.2474538349
    }
]