{
    "topK": 56,
    "alpha": 0.8254780654387982,
    "beta": 0.3051633514985817
}[
    {
        "PRECISION": 0.0531520244,
        "PRECISION_RECALL_MIN_DEN": 0.08739744,
        "RECALL": 0.0815787565,
        "MAP": 0.0262044866,
        "MAP_MIN_DEN": 0.042452192,
        "MRR": 0.1733929176,
        "NDCG": 0.0859946766,
        "F1": 0.0643665245,
        "HIT_RATE": 0.3483441431,
        "ARHR_ALL_HITS": 0.2114958769,
        "NOVELTY": 0.0045912245,
        "AVERAGE_POPULARITY": 0.1595954551,
        "DIVERSITY_MEAN_INTER_LIST": 0.9617815745,
        "DIVERSITY_HERFINDAHL": 0.9961757946,
        "COVERAGE_ITEM": 0.7034316726,
        "COVERAGE_ITEM_HIT": 0.0636552822,
        "ITEMS_IN_GT": 0.9926551598,
        "COVERAGE_USER": 0.977779913,
        "COVERAGE_USER_HIT": 0.3406039059,
        "USERS_IN_GT": 0.977779913,
        "DIVERSITY_GINI": 0.0735283861,
        "SHANNON_ENTROPY": 9.9979825796,
        "RATIO_DIVERSITY_HERFINDAHL": 0.9965039865,
        "RATIO_DIVERSITY_GINI": 0.1444908486,
        "RATIO_SHANNON_ENTROPY": 0.7408382351,
        "RATIO_AVERAGE_POPULARITY": 3.1575230815,
        "RATIO_NOVELTY": 0.2626497021
    }
]