{
    "topK": 67,
    "alpha": 0.6464070203480127,
    "beta": 0.23862952875217264
}[
    {
        "PRECISION": 0.0528965212,
        "PRECISION_RECALL_MIN_DEN": 0.0869980798,
        "RECALL": 0.0811857909,
        "MAP": 0.0260626885,
        "MAP_MIN_DEN": 0.0422358877,
        "MRR": 0.1727435723,
        "NDCG": 0.0855127876,
        "F1": 0.0640568594,
        "HIT_RATE": 0.3465507075,
        "ARHR_ALL_HITS": 0.2105307696,
        "NOVELTY": 0.0045540576,
        "AVERAGE_POPULARITY": 0.1656624899,
        "DIVERSITY_MEAN_INTER_LIST": 0.9572067826,
        "DIVERSITY_HERFINDAHL": 0.9957183266,
        "COVERAGE_ITEM": 0.6847023299,
        "COVERAGE_ITEM_HIT": 0.0651242502,
        "ITEMS_IN_GT": 0.9926551598,
        "COVERAGE_USER": 0.977779913,
        "COVERAGE_USER_HIT": 0.3388503207,
        "USERS_IN_GT": 0.977779913,
        "DIVERSITY_GINI": 0.0657090203,
        "SHANNON_ENTROPY": 9.828383624,
        "RATIO_DIVERSITY_HERFINDAHL": 0.9960463679,
        "RATIO_DIVERSITY_GINI": 0.1291249897,
        "RATIO_SHANNON_ENTROPY": 0.7282711607,
        "RATIO_AVERAGE_POPULARITY": 3.2775565891,
        "RATIO_NOVELTY": 0.2605234949
    }
]