{
    "topK": 64,
    "alpha": 0.6029007731042904,
    "beta": 0.269670784185486
}[
    {
        "PRECISION": 0.0531643082,
        "PRECISION_RECALL_MIN_DEN": 0.0873743542,
        "RECALL": 0.0815582833,
        "MAP": 0.0261900706,
        "MAP_MIN_DEN": 0.0424108798,
        "MRR": 0.1733991667,
        "NDCG": 0.0858987708,
        "F1": 0.0643691553,
        "HIT_RATE": 0.3489583333,
        "ARHR_ALL_HITS": 0.2114649042,
        "NOVELTY": 0.0045739098,
        "AVERAGE_POPULARITY": 0.1629319428,
        "DIVERSITY_MEAN_INTER_LIST": 0.9592964208,
        "DIVERSITY_HERFINDAHL": 0.9959272853,
        "COVERAGE_ITEM": 0.6944138409,
        "COVERAGE_ITEM_HIT": 0.0673277023,
        "ITEMS_IN_GT": 0.9926551598,
        "COVERAGE_USER": 0.977779913,
        "COVERAGE_USER_HIT": 0.3412044488,
        "USERS_IN_GT": 0.977779913,
        "DIVERSITY_GINI": 0.0687293262,
        "SHANNON_ENTROPY": 9.9168825388,
        "RATIO_DIVERSITY_HERFINDAHL": 0.9962553954,
        "RATIO_DIVERSITY_GINI": 0.1350602019,
        "RATIO_SHANNON_ENTROPY": 0.7348288217,
        "RATIO_AVERAGE_POPULARITY": 3.2235339636,
        "RATIO_NOVELTY": 0.2616591781
    }
]