{
    "topK": 78,
    "alpha": 0.4802759482185552,
    "beta": 0.2934682174805241
}[
    {
        "PRECISION": 0.0507393398,
        "PRECISION_RECALL_MIN_DEN": 0.0828317067,
        "RECALL": 0.0770731445,
        "MAP": 0.0248692831,
        "MAP_MIN_DEN": 0.0401613102,
        "MRR": 0.1657456695,
        "NDCG": 0.0728985629,
        "F1": 0.0611934035,
        "HIT_RATE": 0.3348889762,
        "ARHR_ALL_HITS": 0.2013061649,
        "NOVELTY": 0.0046105142,
        "AVERAGE_POPULARITY": 0.1588423882,
        "DIVERSITY_MEAN_INTER_LIST": 0.9621603731,
        "DIVERSITY_HERFINDAHL": 0.996213674,
        "COVERAGE_ITEM": 0.7605990125,
        "COVERAGE_ITEM_HIT": 0.0646345942,
        "ITEMS_IN_GT": 0.9933896438,
        "COVERAGE_USER": 0.9779720868,
        "COVERAGE_USER_HIT": 0.3275120709,
        "USERS_IN_GT": 0.9779720868,
        "DIVERSITY_GINI": 0.0850936355,
        "SHANNON_ENTROPY": 10.0881556901,
        "RATIO_DIVERSITY_HERFINDAHL": 0.9965427353,
        "RATIO_DIVERSITY_GINI": 0.1674213755,
        "RATIO_SHANNON_ENTROPY": 0.7476419321,
        "RATIO_AVERAGE_POPULARITY": 3.1278193342,
        "RATIO_NOVELTY": 0.2637962425
    }
]