{
    "topK": 64,
    "alpha": 0.6779456687830945,
    "beta": 0.2965393983623993
}[
    {
        "PRECISION": 0.0532773192,
        "PRECISION_RECALL_MIN_DEN": 0.0876037202,
        "RECALL": 0.0817857462,
        "MAP": 0.0261970948,
        "MAP_MIN_DEN": 0.042465994,
        "MRR": 0.1732437181,
        "NDCG": 0.0860293757,
        "F1": 0.0645228256,
        "HIT_RATE": 0.3483932783,
        "ARHR_ALL_HITS": 0.211354272,
        "NOVELTY": 0.0045674521,
        "AVERAGE_POPULARITY": 0.1628119547,
        "DIVERSITY_MEAN_INTER_LIST": 0.959914813,
        "DIVERSITY_HERFINDAHL": 0.995989123,
        "COVERAGE_ITEM": 0.6937201616,
        "COVERAGE_ITEM_HIT": 0.0660219529,
        "ITEMS_IN_GT": 0.9926551598,
        "COVERAGE_USER": 0.977779913,
        "COVERAGE_USER_HIT": 0.3406519494,
        "USERS_IN_GT": 0.977779913,
        "DIVERSITY_GINI": 0.0686396819,
        "SHANNON_ENTROPY": 9.9071287705,
        "RATIO_DIVERSITY_HERFINDAHL": 0.9963172535,
        "RATIO_DIVERSITY_GINI": 0.1348840416,
        "RATIO_SHANNON_ENTROPY": 0.7341060794,
        "RATIO_AVERAGE_POPULARITY": 3.221160054,
        "RATIO_NOVELTY": 0.2612897532
    }
]