{
    "alpha": 0.9362731737366984,
    "beta": 0.05532555780114563
}[
    {
        "PRECISION": 0.0569403498,
        "PRECISION_RECALL_MIN_DEN": 0.0939853421,
        "RECALL": 0.087762609,
        "MAP": 0.0285075733,
        "MAP_MIN_DEN": 0.0461829208,
        "MRR": 0.1855248324,
        "NDCG": 0.0925695688,
        "F1": 0.0690688525,
        "HIT_RATE": 0.365738011,
        "ARHR_ALL_HITS": 0.2279716474,
        "NOVELTY": 0.0043597404,
        "AVERAGE_POPULARITY": 0.1875344459,
        "DIVERSITY_MEAN_INTER_LIST": 0.9498074492,
        "DIVERSITY_HERFINDAHL": 0.9949784115,
        "COVERAGE_ITEM": 0.1644020076,
        "COVERAGE_ITEM_HIT": 0.0633288448,
        "ITEMS_IN_GT": 0.9926551598,
        "COVERAGE_USER": 0.977779913,
        "COVERAGE_USER_HIT": 0.3576112806,
        "USERS_IN_GT": 0.977779913,
        "DIVERSITY_GINI": 0.0233993681,
        "SHANNON_ENTROPY": 9.1954198086,
        "RATIO_DIVERSITY_HERFINDAHL": 0.9953062089,
        "RATIO_DIVERSITY_GINI": 0.0459821673,
        "RATIO_SHANNON_ENTROPY": 0.6813693191,
        "RATIO_AVERAGE_POPULARITY": 3.7102832354,
        "RATIO_NOVELTY": 0.249407214
    }
]