{
    "alpha": 0.5821857881034558,
    "beta": 0.035974192902557905
}[
    {
        "PRECISION": 0.0568985849,
        "PRECISION_RECALL_MIN_DEN": 0.0938677783,
        "RECALL": 0.0876429256,
        "MAP": 0.0284981069,
        "MAP_MIN_DEN": 0.0461541557,
        "MRR": 0.1854574762,
        "NDCG": 0.0925029041,
        "F1": 0.0690010562,
        "HIT_RATE": 0.3655906053,
        "ARHR_ALL_HITS": 0.2279140305,
        "NOVELTY": 0.0043595017,
        "AVERAGE_POPULARITY": 0.1868666931,
        "DIVERSITY_MEAN_INTER_LIST": 0.9502830288,
        "DIVERSITY_HERFINDAHL": 0.9950259683,
        "COVERAGE_ITEM": 0.1656261476,
        "COVERAGE_ITEM_HIT": 0.0631248215,
        "ITEMS_IN_GT": 0.9926551598,
        "COVERAGE_USER": 0.977779913,
        "COVERAGE_USER_HIT": 0.3574671503,
        "USERS_IN_GT": 0.977779913,
        "DIVERSITY_GINI": 0.0232873511,
        "SHANNON_ENTROPY": 9.1925617912,
        "RATIO_DIVERSITY_HERFINDAHL": 0.9953537814,
        "RATIO_DIVERSITY_GINI": 0.0457620424,
        "RATIO_SHANNON_ENTROPY": 0.6811575435,
        "RATIO_AVERAGE_POPULARITY": 3.6970720523,
        "RATIO_NOVELTY": 0.2493935582
    }
]