{
    "alpha": 0.8367972045182097,
    "beta": 0.28179808517041943
}[
    {
        "PRECISION": 0.0567290684,
        "PRECISION_RECALL_MIN_DEN": 0.0935512558,
        "RECALL": 0.0873477892,
        "MAP": 0.0283750359,
        "MAP_MIN_DEN": 0.0459458796,
        "MRR": 0.1846645761,
        "NDCG": 0.0921688273,
        "F1": 0.0687849359,
        "HIT_RATE": 0.3649027123,
        "ARHR_ALL_HITS": 0.2269467881,
        "NOVELTY": 0.0043595771,
        "AVERAGE_POPULARITY": 0.1967399632,
        "DIVERSITY_MEAN_INTER_LIST": 0.9423585038,
        "DIVERSITY_HERFINDAHL": 0.9942335352,
        "COVERAGE_ITEM": 0.1735830579,
        "COVERAGE_ITEM_HIT": 0.0640633288,
        "ITEMS_IN_GT": 0.9926551598,
        "COVERAGE_USER": 0.977779913,
        "COVERAGE_USER_HIT": 0.3567945423,
        "USERS_IN_GT": 0.977779913,
        "DIVERSITY_GINI": 0.0251985377,
        "SHANNON_ENTROPY": 9.1947222128,
        "RATIO_DIVERSITY_HERFINDAHL": 0.9945610873,
        "RATIO_DIVERSITY_GINI": 0.0495177209,
        "RATIO_SHANNON_ENTROPY": 0.6813176281,
        "RATIO_AVERAGE_POPULARITY": 3.8924101856,
        "RATIO_NOVELTY": 0.2493978697
    }
]