{
    "alpha": 0.9611230916770946,
    "beta": 0.052877682500644556
}[
    {
        "PRECISION": 0.0568691038,
        "PRECISION_RECALL_MIN_DEN": 0.0938699718,
        "RECALL": 0.0876791777,
        "MAP": 0.0285099813,
        "MAP_MIN_DEN": 0.0461892317,
        "MRR": 0.1856770736,
        "NDCG": 0.092553271,
        "F1": 0.0689905989,
        "HIT_RATE": 0.3656888758,
        "ARHR_ALL_HITS": 0.2280760793,
        "NOVELTY": 0.0043607928,
        "AVERAGE_POPULARITY": 0.187773363,
        "DIVERSITY_MEAN_INTER_LIST": 0.9495775356,
        "DIVERSITY_HERFINDAHL": 0.9949554207,
        "COVERAGE_ITEM": 0.165218101,
        "COVERAGE_ITEM_HIT": 0.0633288448,
        "ITEMS_IN_GT": 0.9926551598,
        "COVERAGE_USER": 0.977779913,
        "COVERAGE_USER_HIT": 0.3575632372,
        "USERS_IN_GT": 0.977779913,
        "DIVERSITY_GINI": 0.0235423069,
        "SHANNON_ENTROPY": 9.1988225138,
        "RATIO_DIVERSITY_HERFINDAHL": 0.9952832106,
        "RATIO_DIVERSITY_GINI": 0.0462630568,
        "RATIO_SHANNON_ENTROPY": 0.6816214553,
        "RATIO_AVERAGE_POPULARITY": 3.7150101011,
        "RATIO_NOVELTY": 0.2494674188
    }
]