{
    "alpha": 0.4375294904505475,
    "beta": 0.020876090534082264
}[
    {
        "PRECISION": 0.056928066,
        "PRECISION_RECALL_MIN_DEN": 0.0938937888,
        "RECALL": 0.0876653389,
        "MAP": 0.0285220321,
        "MAP_MIN_DEN": 0.0461792427,
        "MRR": 0.1855668898,
        "NDCG": 0.0925492667,
        "F1": 0.0690296795,
        "HIT_RATE": 0.3657625786,
        "ARHR_ALL_HITS": 0.2280338756,
        "NOVELTY": 0.0043612824,
        "AVERAGE_POPULARITY": 0.1887459097,
        "DIVERSITY_MEAN_INTER_LIST": 0.9488316123,
        "DIVERSITY_HERFINDAHL": 0.9948808302,
        "COVERAGE_ITEM": 0.1666462643,
        "COVERAGE_ITEM_HIT": 0.0635328682,
        "ITEMS_IN_GT": 0.9926551598,
        "COVERAGE_USER": 0.977779913,
        "COVERAGE_USER_HIT": 0.3576353023,
        "USERS_IN_GT": 0.977779913,
        "DIVERSITY_GINI": 0.0237493681,
        "SHANNON_ENTROPY": 9.2001739073,
        "RATIO_DIVERSITY_HERFINDAHL": 0.9952085955,
        "RATIO_DIVERSITY_GINI": 0.0466699534,
        "RATIO_SHANNON_ENTROPY": 0.6817215919,
        "RATIO_AVERAGE_POPULARITY": 3.7342514927,
        "RATIO_NOVELTY": 0.249495427
    }
]