{
    "alpha": 0.9064652003703468,
    "beta": 0.007054635068553741
}[
    {
        "PRECISION": 0.0564588247,
        "PRECISION_RECALL_MIN_DEN": 0.093443792,
        "RECALL": 0.0873583332,
        "MAP": 0.0282278671,
        "MAP_MIN_DEN": 0.045832043,
        "MRR": 0.1844768873,
        "NDCG": 0.0919685443,
        "F1": 0.0685891571,
        "HIT_RATE": 0.3647553066,
        "ARHR_ALL_HITS": 0.2263097948,
        "NOVELTY": 0.0043372489,
        "AVERAGE_POPULARITY": 0.1996822579,
        "DIVERSITY_MEAN_INTER_LIST": 0.9400549221,
        "DIVERSITY_HERFINDAHL": 0.9940031827,
        "COVERAGE_ITEM": 0.1839882483,
        "COVERAGE_ITEM_HIT": 0.0621455094,
        "ITEMS_IN_GT": 0.9926551598,
        "COVERAGE_USER": 0.977779913,
        "COVERAGE_USER_HIT": 0.356650412,
        "USERS_IN_GT": 0.977779913,
        "DIVERSITY_GINI": 0.0238699136,
        "SHANNON_ENTROPY": 9.0948119557,
        "RATIO_DIVERSITY_HERFINDAHL": 0.9943306589,
        "RATIO_DIVERSITY_GINI": 0.0469068377,
        "RATIO_SHANNON_ENTROPY": 0.6739144007,
        "RATIO_AVERAGE_POPULARITY": 3.9506221393,
        "RATIO_NOVELTY": 0.2481205466
    }
]