{
    "alpha": 0.7073219284241034,
    "beta": 0.20831764262703256
}[
    {
        "PRECISION": 0.0566995873,
        "PRECISION_RECALL_MIN_DEN": 0.0934756422,
        "RECALL": 0.0872718461,
        "MAP": 0.0283505307,
        "MAP_MIN_DEN": 0.0458985794,
        "MRR": 0.184587812,
        "NDCG": 0.0920945435,
        "F1": 0.0687397151,
        "HIT_RATE": 0.3647553066,
        "ARHR_ALL_HITS": 0.2267917489,
        "NOVELTY": 0.0043566796,
        "AVERAGE_POPULARITY": 0.1976293364,
        "DIVERSITY_MEAN_INTER_LIST": 0.9417358289,
        "DIVERSITY_HERFINDAHL": 0.9941712693,
        "COVERAGE_ITEM": 0.1724405272,
        "COVERAGE_ITEM_HIT": 0.0641041335,
        "ITEMS_IN_GT": 0.9926551598,
        "COVERAGE_USER": 0.977779913,
        "COVERAGE_USER_HIT": 0.356650412,
        "USERS_IN_GT": 0.977779913,
        "DIVERSITY_GINI": 0.025097743,
        "SHANNON_ENTROPY": 9.1859055092,
        "RATIO_DIVERSITY_HERFINDAHL": 0.9944988008,
        "RATIO_DIVERSITY_GINI": 0.0493196488,
        "RATIO_SHANNON_ENTROPY": 0.6806643212,
        "RATIO_AVERAGE_POPULARITY": 3.9100060257,
        "RATIO_NOVELTY": 0.2492321119
    }
]