{
    "alpha": 2.650800824026642,
    "beta": 1.4616421493911158
}[
    {
        "PRECISION": 0.0566873035,
        "PRECISION_RECALL_MIN_DEN": 0.0937574678,
        "RECALL": 0.0875978322,
        "MAP": 0.0282862259,
        "MAP_MIN_DEN": 0.0459278009,
        "MRR": 0.1848339464,
        "NDCG": 0.0922453888,
        "F1": 0.0688315518,
        "HIT_RATE": 0.3663276336,
        "ARHR_ALL_HITS": 0.2266981288,
        "NOVELTY": 0.0043096088,
        "AVERAGE_POPULARITY": 0.2036861487,
        "DIVERSITY_MEAN_INTER_LIST": 0.9377427264,
        "DIVERSITY_HERFINDAHL": 0.9937719688,
        "COVERAGE_ITEM": 0.1650548823,
        "COVERAGE_ITEM_HIT": 0.0621047048,
        "ITEMS_IN_GT": 0.9926551598,
        "COVERAGE_USER": 0.977779913,
        "COVERAGE_USER_HIT": 0.3581878018,
        "USERS_IN_GT": 0.977779913,
        "DIVERSITY_GINI": 0.0214142174,
        "SHANNON_ENTROPY": 8.98292875,
        "RATIO_DIVERSITY_HERFINDAHL": 0.9940993688,
        "RATIO_DIVERSITY_GINI": 0.0420811418,
        "RATIO_SHANNON_ENTROPY": 0.6656239925,
        "RATIO_AVERAGE_POPULARITY": 4.0298372884,
        "RATIO_NOVELTY": 0.2465393397
    }
]