{
    "alpha": 2.2707421491887367,
    "beta": 1.250466389751975
}[
    {
        "PRECISION": 0.0566897602,
        "PRECISION_RECALL_MIN_DEN": 0.0937571948,
        "RECALL": 0.0875953517,
        "MAP": 0.0282864277,
        "MAP_MIN_DEN": 0.0459264766,
        "MRR": 0.1848210874,
        "NDCG": 0.0922424452,
        "F1": 0.0688325971,
        "HIT_RATE": 0.3663522013,
        "ARHR_ALL_HITS": 0.2266902516,
        "NOVELTY": 0.0043095591,
        "AVERAGE_POPULARITY": 0.203698155,
        "DIVERSITY_MEAN_INTER_LIST": 0.9377363689,
        "DIVERSITY_HERFINDAHL": 0.9937713331,
        "COVERAGE_ITEM": 0.1650140776,
        "COVERAGE_ITEM_HIT": 0.0621047048,
        "ITEMS_IN_GT": 0.9926551598,
        "COVERAGE_USER": 0.977779913,
        "COVERAGE_USER_HIT": 0.3582118235,
        "USERS_IN_GT": 0.977779913,
        "DIVERSITY_GINI": 0.0214114154,
        "SHANNON_ENTROPY": 8.9827881951,
        "RATIO_DIVERSITY_HERFINDAHL": 0.9940987329,
        "RATIO_DIVERSITY_GINI": 0.0420756356,
        "RATIO_SHANNON_ENTROPY": 0.6656135775,
        "RATIO_AVERAGE_POPULARITY": 4.030074826,
        "RATIO_NOVELTY": 0.2465364944
    }
]