{
    "alpha": 0.4789126028439618,
    "beta": 0.037998611730679185,
    "gamma": 0.022912816721124156
}[
    {
        "PRECISION": 0.0568125983,
        "PRECISION_RECALL_MIN_DEN": 0.0936699213,
        "RECALL": 0.0874512324,
        "MAP": 0.0285217806,
        "MAP_MIN_DEN": 0.0462211734,
        "MRR": 0.185778493,
        "NDCG": 0.092498126,
        "F1": 0.0688784113,
        "HIT_RATE": 0.3655169025,
        "ARHR_ALL_HITS": 0.2282242258,
        "NOVELTY": 0.0043815442,
        "AVERAGE_POPULARITY": 0.1814686346,
        "DIVERSITY_MEAN_INTER_LIST": 0.9536718808,
        "DIVERSITY_HERFINDAHL": 0.9953648451,
        "COVERAGE_ITEM": 0.1683600604,
        "COVERAGE_ITEM_HIT": 0.0648794222,
        "ITEMS_IN_GT": 0.9926551598,
        "COVERAGE_USER": 0.977779913,
        "COVERAGE_USER_HIT": 0.3573950852,
        "USERS_IN_GT": 0.977779913,
        "DIVERSITY_GINI": 0.0243221116,
        "SHANNON_ENTROPY": 9.2739237386,
        "RATIO_DIVERSITY_HERFINDAHL": 0.9956927699,
        "RATIO_DIVERSITY_GINI": 0.0477954533,
        "RATIO_SHANNON_ENTROPY": 0.6871863639,
        "RATIO_AVERAGE_POPULARITY": 3.5902739342,
        "RATIO_NOVELTY": 0.2506545391
    }
]