{
    "alpha": 0.7648848305736815,
    "beta": 0.03467048507732107
}[
    {
        "PRECISION": 0.0569845715,
        "PRECISION_RECALL_MIN_DEN": 0.0941075757,
        "RECALL": 0.0878866173,
        "MAP": 0.0285077994,
        "MAP_MIN_DEN": 0.0461724994,
        "MRR": 0.1854228866,
        "NDCG": 0.0925890614,
        "F1": 0.0691397823,
        "HIT_RATE": 0.3663522013,
        "ARHR_ALL_HITS": 0.2278994459,
        "NOVELTY": 0.0043611708,
        "AVERAGE_POPULARITY": 0.1890467842,
        "DIVERSITY_MEAN_INTER_LIST": 0.9485727904,
        "DIVERSITY_HERFINDAHL": 0.9948549486,
        "COVERAGE_ITEM": 0.166564655,
        "COVERAGE_ITEM_HIT": 0.0635328682,
        "ITEMS_IN_GT": 0.9926551598,
        "COVERAGE_USER": 0.977779913,
        "COVERAGE_USER_HIT": 0.3582118235,
        "USERS_IN_GT": 0.977779913,
        "DIVERSITY_GINI": 0.0238152752,
        "SHANNON_ENTROPY": 9.199794219,
        "RATIO_DIVERSITY_HERFINDAHL": 0.9951827054,
        "RATIO_DIVERSITY_GINI": 0.0467994676,
        "RATIO_SHANNON_ENTROPY": 0.6816934575,
        "RATIO_AVERAGE_POPULARITY": 3.7402041576,
        "RATIO_NOVELTY": 0.249489042
    }
]