{
    "alpha": 0.6425077779149669,
    "beta": 0.023413608029728937
}[
    {
        "PRECISION": 0.0569354363,
        "PRECISION_RECALL_MIN_DEN": 0.0940503488,
        "RECALL": 0.0878458475,
        "MAP": 0.0284858182,
        "MAP_MIN_DEN": 0.0461325906,
        "MRR": 0.1853210675,
        "NDCG": 0.0925303446,
        "F1": 0.0690909975,
        "HIT_RATE": 0.3662047956,
        "ARHR_ALL_HITS": 0.2277639439,
        "NOVELTY": 0.0043603935,
        "AVERAGE_POPULARITY": 0.1904158257,
        "DIVERSITY_MEAN_INTER_LIST": 0.9475311562,
        "DIVERSITY_HERFINDAHL": 0.9947507878,
        "COVERAGE_ITEM": 0.1695842004,
        "COVERAGE_ITEM_HIT": 0.0636552822,
        "ITEMS_IN_GT": 0.9926551598,
        "COVERAGE_USER": 0.977779913,
        "COVERAGE_USER_HIT": 0.3580676932,
        "USERS_IN_GT": 0.977779913,
        "DIVERSITY_GINI": 0.0240267818,
        "SHANNON_ENTROPY": 9.1968192416,
        "RATIO_DIVERSITY_HERFINDAHL": 0.9950785102,
        "RATIO_DIVERSITY_GINI": 0.0472150999,
        "RATIO_SHANNON_ENTROPY": 0.6814730153,
        "RATIO_AVERAGE_POPULARITY": 3.7672900176,
        "RATIO_NOVELTY": 0.249444576
    }
]