{
    "alpha": 0.9669932478356169,
    "beta": 0.05522503381209282
}[
    {
        "PRECISION": 0.0568863011,
        "PRECISION_RECALL_MIN_DEN": 0.0939291583,
        "RECALL": 0.0877145669,
        "MAP": 0.0284836783,
        "MAP_MIN_DEN": 0.0461483651,
        "MRR": 0.1853959012,
        "NDCG": 0.092515604,
        "F1": 0.069014209,
        "HIT_RATE": 0.3654186321,
        "ARHR_ALL_HITS": 0.227823881,
        "NOVELTY": 0.0043597758,
        "AVERAGE_POPULARITY": 0.1874685956,
        "DIVERSITY_MEAN_INTER_LIST": 0.9498249637,
        "DIVERSITY_HERFINDAHL": 0.9949801629,
        "COVERAGE_ITEM": 0.166931897,
        "COVERAGE_ITEM_HIT": 0.0632064308,
        "ITEMS_IN_GT": 0.9926551598,
        "COVERAGE_USER": 0.977779913,
        "COVERAGE_USER_HIT": 0.3572989983,
        "USERS_IN_GT": 0.977779913,
        "DIVERSITY_GINI": 0.02342952,
        "SHANNON_ENTROPY": 9.1936507159,
        "RATIO_DIVERSITY_HERFINDAHL": 0.9953079609,
        "RATIO_DIVERSITY_GINI": 0.046041419,
        "RATIO_SHANNON_ENTROPY": 0.6812382315,
        "RATIO_AVERAGE_POPULARITY": 3.7089804176,
        "RATIO_NOVELTY": 0.2494092349
    }
]