{
    "alpha": 0.9411856567019848,
    "beta": 0.0452490232241817
}[
    {
        "PRECISION": 0.0569084119,
        "PRECISION_RECALL_MIN_DEN": 0.0939145055,
        "RECALL": 0.087687892,
        "MAP": 0.0285088416,
        "MAP_MIN_DEN": 0.0461634087,
        "MRR": 0.1854461283,
        "NDCG": 0.0925275388,
        "F1": 0.0690222163,
        "HIT_RATE": 0.3655169025,
        "ARHR_ALL_HITS": 0.2279202992,
        "NOVELTY": 0.0043612108,
        "AVERAGE_POPULARITY": 0.1886998328,
        "DIVERSITY_MEAN_INTER_LIST": 0.9488397099,
        "DIVERSITY_HERFINDAHL": 0.9948816399,
        "COVERAGE_ITEM": 0.1667686783,
        "COVERAGE_ITEM_HIT": 0.0634920635,
        "ITEMS_IN_GT": 0.9926551598,
        "COVERAGE_USER": 0.977779913,
        "COVERAGE_USER_HIT": 0.3573950852,
        "USERS_IN_GT": 0.977779913,
        "DIVERSITY_GINI": 0.0237474984,
        "SHANNON_ENTROPY": 9.2000663952,
        "RATIO_DIVERSITY_HERFINDAHL": 0.9952094055,
        "RATIO_DIVERSITY_GINI": 0.0466662791,
        "RATIO_SHANNON_ENTROPY": 0.6817136254,
        "RATIO_AVERAGE_POPULARITY": 3.7333398818,
        "RATIO_NOVELTY": 0.2494913306
    }
]