{
    "alpha": 0.7590349290312631,
    "beta": 0.22366971778207578
}[
    {
        "PRECISION": 0.056702044,
        "PRECISION_RECALL_MIN_DEN": 0.093478099,
        "RECALL": 0.0872740795,
        "MAP": 0.0283518439,
        "MAP_MIN_DEN": 0.0459010956,
        "MRR": 0.1845922089,
        "NDCG": 0.0920976056,
        "F1": 0.0687422133,
        "HIT_RATE": 0.3647553066,
        "ARHR_ALL_HITS": 0.2267968964,
        "NOVELTY": 0.0043566674,
        "AVERAGE_POPULARITY": 0.1976319084,
        "DIVERSITY_MEAN_INTER_LIST": 0.9417335255,
        "DIVERSITY_HERFINDAHL": 0.9941710389,
        "COVERAGE_ITEM": 0.1723997225,
        "COVERAGE_ITEM_HIT": 0.0641041335,
        "ITEMS_IN_GT": 0.9926551598,
        "COVERAGE_USER": 0.977779913,
        "COVERAGE_USER_HIT": 0.356650412,
        "USERS_IN_GT": 0.977779913,
        "DIVERSITY_GINI": 0.0250967343,
        "SHANNON_ENTROPY": 9.1858323684,
        "RATIO_DIVERSITY_HERFINDAHL": 0.9944985704,
        "RATIO_DIVERSITY_GINI": 0.0493176667,
        "RATIO_SHANNON_ENTROPY": 0.6806589015,
        "RATIO_AVERAGE_POPULARITY": 3.9100569129,
        "RATIO_NOVELTY": 0.2492314144
    }
]