{
    "alpha": 0.8965702836560772,
    "beta": 0.0452702848041208
}[
    {
        "PRECISION": 0.0568641903,
        "PRECISION_RECALL_MIN_DEN": 0.0938959238,
        "RECALL": 0.0876689973,
        "MAP": 0.0284597971,
        "MAP_MIN_DEN": 0.046095521,
        "MRR": 0.1851616315,
        "NDCG": 0.0924302449,
        "F1": 0.0689838317,
        "HIT_RATE": 0.3655414701,
        "ARHR_ALL_HITS": 0.2275710784,
        "NOVELTY": 0.0043608283,
        "AVERAGE_POPULARITY": 0.1881302492,
        "DIVERSITY_MEAN_INTER_LIST": 0.9492763278,
        "DIVERSITY_HERFINDAHL": 0.9949253006,
        "COVERAGE_ITEM": 0.1678295997,
        "COVERAGE_ITEM_HIT": 0.0632472355,
        "ITEMS_IN_GT": 0.9926551598,
        "COVERAGE_USER": 0.977779913,
        "COVERAGE_USER_HIT": 0.3574191069,
        "USERS_IN_GT": 0.977779913,
        "DIVERSITY_GINI": 0.0236264114,
        "SHANNON_ENTROPY": 9.1970561113,
        "RATIO_DIVERSITY_HERFINDAHL": 0.9952530806,
        "RATIO_DIVERSITY_GINI": 0.0464283307,
        "RATIO_SHANNON_ENTROPY": 0.6814905671,
        "RATIO_AVERAGE_POPULARITY": 3.7220709308,
        "RATIO_NOVELTY": 0.249469449
    }
]