{
    "alpha": 0.7281951073280903,
    "beta": 0.03967805621770254
}[
    {
        "PRECISION": 0.0569550904,
        "PRECISION_RECALL_MIN_DEN": 0.0939594389,
        "RECALL": 0.0877389214,
        "MAP": 0.0285107934,
        "MAP_MIN_DEN": 0.0461596737,
        "MRR": 0.1854202153,
        "NDCG": 0.0925399559,
        "F1": 0.0690723567,
        "HIT_RATE": 0.365615173,
        "ARHR_ALL_HITS": 0.2279183299,
        "NOVELTY": 0.0043581481,
        "AVERAGE_POPULARITY": 0.1884444449,
        "DIVERSITY_MEAN_INTER_LIST": 0.94916035,
        "DIVERSITY_HERFINDAHL": 0.9949137031,
        "COVERAGE_ITEM": 0.166074999,
        "COVERAGE_ITEM_HIT": 0.0631248215,
        "ITEMS_IN_GT": 0.9926551598,
        "COVERAGE_USER": 0.977779913,
        "COVERAGE_USER_HIT": 0.357491172,
        "USERS_IN_GT": 0.977779913,
        "DIVERSITY_GINI": 0.0234445347,
        "SHANNON_ENTROPY": 9.1891995656,
        "RATIO_DIVERSITY_HERFINDAHL": 0.9952414793,
        "RATIO_DIVERSITY_GINI": 0.0460709243,
        "RATIO_SHANNON_ENTROPY": 0.6809084067,
        "RATIO_AVERAGE_POPULARITY": 3.7282871502,
        "RATIO_NOVELTY": 0.2493161234
    }
]