{
    "alpha": 0.5738329337854908,
    "beta": 0.269980536299904,
}[
    {
        "PRECISION": 0.0567610063,
        "PRECISION_RECALL_MIN_DEN": 0.0936198892,
        "RECALL": 0.0874262351,
        "MAP": 0.0284057785,
        "MAP_MIN_DEN": 0.0459991073,
        "MRR": 0.1848609707,
        "NDCG": 0.092256497,
        "F1": 0.0688327349,
        "HIT_RATE": 0.3650501179,
        "ARHR_ALL_HITS": 0.227174565,
        "NOVELTY": 0.0043677371,
        "AVERAGE_POPULARITY": 0.1942780044,
        "DIVERSITY_MEAN_INTER_LIST": 0.9440124343,
        "DIVERSITY_HERFINDAHL": 0.9943989242,
        "COVERAGE_ITEM": 0.176643408,
        "COVERAGE_ITEM_HIT": 0.0641857428,
        "ITEMS_IN_GT": 0.9926551598,
        "COVERAGE_USER": 0.977779913,
        "COVERAGE_USER_HIT": 0.3569386726,
        "USERS_IN_GT": 0.977779913,
        "DIVERSITY_GINI": 0.0254639962,
        "SHANNON_ENTROPY": 9.2179897286,
        "RATIO_DIVERSITY_HERFINDAHL": 0.9947265308,
        "RATIO_DIVERSITY_GINI": 0.0500393741,
        "RATIO_SHANNON_ENTROPY": 0.6830417224,
        "RATIO_AVERAGE_POPULARITY": 3.8437014564,
        "RATIO_NOVELTY": 0.2498646803
    }
]