{
    "alpha": 0.6219812882816084,
    "beta": 0.026438312672043173
}[
    {
        "PRECISION": 0.0569968553,
        "PRECISION_RECALL_MIN_DEN": 0.0941018043,
        "RECALL": 0.0878742415,
        "MAP": 0.0285029483,
        "MAP_MIN_DEN": 0.0461480732,
        "MRR": 0.1854175343,
        "NDCG": 0.09258399,
        "F1": 0.0691449922,
        "HIT_RATE": 0.3664504717,
        "ARHR_ALL_HITS": 0.2278945714,
        "NOVELTY": 0.0043597807,
        "AVERAGE_POPULARITY": 0.1897660494,
        "DIVERSITY_MEAN_INTER_LIST": 0.9480667348,
        "DIVERSITY_HERFINDAHL": 0.9948043443,
        "COVERAGE_ITEM": 0.1684824744,
        "COVERAGE_ITEM_HIT": 0.0636144775,
        "ITEMS_IN_GT": 0.9926551598,
        "COVERAGE_USER": 0.977779913,
        "COVERAGE_USER_HIT": 0.3583079104,
        "USERS_IN_GT": 0.977779913,
        "DIVERSITY_GINI": 0.0238406582,
        "SHANNON_ENTROPY": 9.1943812621,
        "RATIO_DIVERSITY_HERFINDAHL": 0.9951320844,
        "RATIO_DIVERSITY_GINI": 0.0468493478,
        "RATIO_SHANNON_ENTROPY": 0.681292364,
        "RATIO_AVERAGE_POPULARITY": 3.7544344892,
        "RATIO_NOVELTY": 0.2494095182
    }
]