{
    "alpha": 0.8274435368315289,
    "beta": 0.042264061512133425
}[
    {
        "PRECISION": 0.0569084119,
        "PRECISION_RECALL_MIN_DEN": 0.0939695974,
        "RECALL": 0.0877472883,
        "MAP": 0.0284952417,
        "MAP_MIN_DEN": 0.0461602005,
        "MRR": 0.1854372177,
        "NDCG": 0.0925217016,
        "F1": 0.0690406091,
        "HIT_RATE": 0.3654923349,
        "ARHR_ALL_HITS": 0.2278714759,
        "NOVELTY": 0.0043606082,
        "AVERAGE_POPULARITY": 0.1880641759,
        "DIVERSITY_MEAN_INTER_LIST": 0.9493459909,
        "DIVERSITY_HERFINDAHL": 0.9949322668,
        "COVERAGE_ITEM": 0.167666381,
        "COVERAGE_ITEM_HIT": 0.0632472355,
        "ITEMS_IN_GT": 0.9926551598,
        "COVERAGE_USER": 0.977779913,
        "COVERAGE_USER_HIT": 0.3573710634,
        "USERS_IN_GT": 0.977779913,
        "DIVERSITY_GINI": 0.0236129451,
        "SHANNON_ENTROPY": 9.1966902856,
        "RATIO_DIVERSITY_HERFINDAHL": 0.995260049,
        "RATIO_DIVERSITY_GINI": 0.0464018681,
        "RATIO_SHANNON_ENTROPY": 0.6814634598,
        "RATIO_AVERAGE_POPULARITY": 3.7207637015,
        "RATIO_NOVELTY": 0.2494568567
    }
]