{
    "alpha": 0.878454457729568,
    "beta": 0.056219454551915515
}[
    {
        "PRECISION": 0.0569452634,
        "PRECISION_RECALL_MIN_DEN": 0.0939697924,
        "RECALL": 0.0877381924,
        "MAP": 0.0285226589,
        "MAP_MIN_DEN": 0.046180098,
        "MRR": 0.185500216,
        "NDCG": 0.0925717644,
        "F1": 0.0690649037,
        "HIT_RATE": 0.3659345519,
        "ARHR_ALL_HITS": 0.2280690892,
        "NOVELTY": 0.0043597521,
        "AVERAGE_POPULARITY": 0.186882857,
        "DIVERSITY_MEAN_INTER_LIST": 0.950269605,
        "DIVERSITY_HERFINDAHL": 0.9950246259,
        "COVERAGE_ITEM": 0.1635859142,
        "COVERAGE_ITEM_HIT": 0.0631248215,
        "ITEMS_IN_GT": 0.9926551598,
        "COVERAGE_USER": 0.977779913,
        "COVERAGE_USER_HIT": 0.3578034543,
        "USERS_IN_GT": 0.977779913,
        "DIVERSITY_GINI": 0.0232713438,
        "SHANNON_ENTROPY": 9.1949273179,
        "RATIO_DIVERSITY_HERFINDAHL": 0.9953524386,
        "RATIO_DIVERSITY_GINI": 0.0457305865,
        "RATIO_SHANNON_ENTROPY": 0.6813328261,
        "RATIO_AVERAGE_POPULARITY": 3.697391847,
        "RATIO_NOVELTY": 0.2494078807
    }
]