{
    "alpha": 0.7247913909955797,
    "beta": 0.03972168006253538
}[
    {
        "PRECISION": 0.0569526336,
        "PRECISION_RECALL_MIN_DEN": 0.0939572258,
        "RECALL": 0.0877308076,
        "MAP": 0.0285286839,
        "MAP_MIN_DEN": 0.0461717779,
        "MRR": 0.1856427764,
        "NDCG": 0.0925474138,
        "F1": 0.0690680357,
        "HIT_RATE": 0.3660328223,
        "ARHR_ALL_HITS": 0.2281518684,
        "NOVELTY": 0.0043606959,
        "AVERAGE_POPULARITY": 0.187824146,
        "DIVERSITY_MEAN_INTER_LIST": 0.949538857,
        "DIVERSITY_HERFINDAHL": 0.9949515529,
        "COVERAGE_ITEM": 0.165218101,
        "COVERAGE_ITEM_HIT": 0.0636144775,
        "ITEMS_IN_GT": 0.9926551598,
        "COVERAGE_USER": 0.977779913,
        "COVERAGE_USER_HIT": 0.3578995412,
        "USERS_IN_GT": 0.977779913,
        "DIVERSITY_GINI": 0.0235397934,
        "SHANNON_ENTROPY": 9.1982642251,
        "RATIO_DIVERSITY_HERFINDAHL": 0.9952793415,
        "RATIO_DIVERSITY_GINI": 0.0462581175,
        "RATIO_SHANNON_ENTROPY": 0.6815800868,
        "RATIO_AVERAGE_POPULARITY": 3.71601482,
        "RATIO_NOVELTY": 0.2494618734
    }
]