{
    "alpha": 1.0,
    "beta": 0.05381578553566155
}[
    {
        "PRECISION": 0.056928066,
        "PRECISION_RECALL_MIN_DEN": 0.093986707,
        "RECALL": 0.0877635833,
        "MAP": 0.0284891242,
        "MAP_MIN_DEN": 0.0461466495,
        "MRR": 0.1854047728,
        "NDCG": 0.0925210196,
        "F1": 0.0690601163,
        "HIT_RATE": 0.3662047956,
        "ARHR_ALL_HITS": 0.2278174272,
        "NOVELTY": 0.0043608817,
        "AVERAGE_POPULARITY": 0.1879209959,
        "DIVERSITY_MEAN_INTER_LIST": 0.9494702445,
        "DIVERSITY_HERFINDAHL": 0.9949446918,
        "COVERAGE_ITEM": 0.1655445383,
        "COVERAGE_ITEM_HIT": 0.0634104542,
        "ITEMS_IN_GT": 0.9926551598,
        "COVERAGE_USER": 0.977779913,
        "COVERAGE_USER_HIT": 0.3580676932,
        "USERS_IN_GT": 0.977779913,
        "DIVERSITY_GINI": 0.0235606582,
        "SHANNON_ENTROPY": 9.1987620461,
        "RATIO_DIVERSITY_HERFINDAHL": 0.9952724782,
        "RATIO_DIVERSITY_GINI": 0.046299119,
        "RATIO_SHANNON_ENTROPY": 0.6816169748,
        "RATIO_AVERAGE_POPULARITY": 3.7179309508,
        "RATIO_NOVELTY": 0.2494725022
    }
]