{
    "alpha": 0.6958336729130679,
    "beta": 0.027952223435942284
}[
    {
        "PRECISION": 0.0568592767,
        "PRECISION_RECALL_MIN_DEN": 0.0937751233,
        "RECALL": 0.0875525328,
        "MAP": 0.0284959378,
        "MAP_MIN_DEN": 0.0461469629,
        "MRR": 0.1854583049,
        "NDCG": 0.0924877758,
        "F1": 0.0689441356,
        "HIT_RATE": 0.3655414701,
        "ARHR_ALL_HITS": 0.2279000211,
        "NOVELTY": 0.0043616461,
        "AVERAGE_POPULARITY": 0.1896836249,
        "DIVERSITY_MEAN_INTER_LIST": 0.9480645208,
        "DIVERSITY_HERFINDAHL": 0.9948041229,
        "COVERAGE_ITEM": 0.1676255764,
        "COVERAGE_ITEM_HIT": 0.0636960868,
        "ITEMS_IN_GT": 0.9926551598,
        "COVERAGE_USER": 0.977779913,
        "COVERAGE_USER_HIT": 0.3574191069,
        "USERS_IN_GT": 0.977779913,
        "DIVERSITY_GINI": 0.0239718517,
        "SHANNON_ENTROPY": 9.2011213172,
        "RATIO_DIVERSITY_HERFINDAHL": 0.995131863,
        "RATIO_DIVERSITY_GINI": 0.0471071566,
        "RATIO_SHANNON_ENTROPY": 0.6817917938,
        "RATIO_AVERAGE_POPULARITY": 3.7528037597,
        "RATIO_NOVELTY": 0.2495162339
    }
]