{
    "alpha": 0.5876407952106846,
    "beta": 0.2526497701799279
}[
    {
        "PRECISION": 0.0567708333,
        "PRECISION_RECALL_MIN_DEN": 0.0935702372,
        "RECALL": 0.0873735955,
        "MAP": 0.0284105127,
        "MAP_MIN_DEN": 0.0460030283,
        "MRR": 0.1848302612,
        "NDCG": 0.0922509339,
        "F1": 0.0688236357,
        "HIT_RATE": 0.3650255503,
        "ARHR_ALL_HITS": 0.2271710845,
        "NOVELTY": 0.004365314,
        "AVERAGE_POPULARITY": 0.1949987523,
        "DIVERSITY_MEAN_INTER_LIST": 0.9435244881,
        "DIVERSITY_HERFINDAHL": 0.9943501308,
        "COVERAGE_ITEM": 0.1753784633,
        "COVERAGE_ITEM_HIT": 0.0642265475,
        "ITEMS_IN_GT": 0.9926551598,
        "COVERAGE_USER": 0.977779913,
        "COVERAGE_USER_HIT": 0.3569146508,
        "USERS_IN_GT": 0.977779913,
        "DIVERSITY_GINI": 0.0253755869,
        "SHANNON_ENTROPY": 9.2109107613,
        "RATIO_DIVERSITY_HERFINDAHL": 0.9946777213,
        "RATIO_DIVERSITY_GINI": 0.0498656407,
        "RATIO_SHANNON_ENTROPY": 0.6825171796,
        "RATIO_AVERAGE_POPULARITY": 3.8579611242,
        "RATIO_NOVELTY": 0.2497260594
    }
]