{
    "alpha": 0.5738329337854908,
    "beta": 0.269980536299904
}[
    {
        "PRECISION": 0.056753636,
        "PRECISION_RECALL_MIN_DEN": 0.0938740274,
        "RECALL": 0.0877403139,
        "MAP": 0.0283331179,
        "MAP_MIN_DEN": 0.0459849556,
        "MRR": 0.1849538207,
        "NDCG": 0.0923625199,
        "F1": 0.0689244337,
        "HIT_RATE": 0.3659591195,
        "ARHR_ALL_HITS": 0.2269777316,
        "NOVELTY": 0.0043103781,
        "AVERAGE_POPULARITY": 0.2032234342,
        "DIVERSITY_MEAN_INTER_LIST": 0.9383311705,
        "DIVERSITY_HERFINDAHL": 0.9938308118,
        "COVERAGE_ITEM": 0.1637083282,
        "COVERAGE_ITEM_HIT": 0.0618190721,
        "ITEMS_IN_GT": 0.9926551598,
        "COVERAGE_USER": 0.977779913,
        "COVERAGE_USER_HIT": 0.357827476,
        "USERS_IN_GT": 0.977779913,
        "DIVERSITY_GINI": 0.0214139632,
        "SHANNON_ENTROPY": 8.9921393937,
        "RATIO_DIVERSITY_HERFINDAHL": 0.9941582312,
        "RATIO_DIVERSITY_GINI": 0.0420806422,
        "RATIO_SHANNON_ENTROPY": 0.6663064899,
        "RATIO_AVERAGE_POPULARITY": 4.0206826937,
        "RATIO_NOVELTY": 0.2465833461
    }
]