{
    "alpha": 0.6198090430416939,
    "beta": 7.759875844012056e-05
}[
    {
        "PRECISION": 0.055377625,
        "PRECISION_RECALL_MIN_DEN": 0.0923692859,
        "RECALL": 0.0863324862,
        "MAP": 0.0277641698,
        "MAP_MIN_DEN": 0.0455025903,
        "MRR": 0.1839623964,
        "NDCG": 0.0896091145,
        "F1": 0.0674741979,
        "HIT_RATE": 0.3625199558,
        "ARHR_ALL_HITS": 0.2242204815,
        "NOVELTY": 0.0043692175,
        "AVERAGE_POPULARITY": 0.1777231338,
        "DIVERSITY_MEAN_INTER_LIST": 0.956044761,
        "DIVERSITY_HERFINDAHL": 0.995602128,
        "COVERAGE_ITEM": 0.1851715836,
        "COVERAGE_ITEM_HIT": 0.0586771127,
        "ITEMS_IN_GT": 0.9936752765,
        "COVERAGE_USER": 0.9780441519,
        "COVERAGE_USER_HIT": 0.3545605227,
        "USERS_IN_GT": 0.9780441519,
        "DIVERSITY_GINI": 0.0227338243,
        "SHANNON_ENTROPY": 9.2049529506,
        "RATIO_DIVERSITY_HERFINDAHL": 0.9959307492,
        "RATIO_DIVERSITY_GINI": 0.0447116197,
        "RATIO_SHANNON_ENTROPY": 0.6821755435,
        "RATIO_AVERAGE_POPULARITY": 3.4922696626,
        "RATIO_NOVELTY": 0.2499859535
    }
]