{
    "alpha": 0.5182132379810547,
    "beta": 4.19321787406275e-06
}[
    {
        "PRECISION": 0.0553923615,
        "PRECISION_RECALL_MIN_DEN": 0.0923437795,
        "RECALL": 0.0863026394,
        "MAP": 0.0278100423,
        "MAP_MIN_DEN": 0.0455431465,
        "MRR": 0.1841811937,
        "NDCG": 0.0896616987,
        "F1": 0.067476015,
        "HIT_RATE": 0.362298907,
        "ARHR_ALL_HITS": 0.2245469085,
        "NOVELTY": 0.0043701043,
        "AVERAGE_POPULARITY": 0.1774861146,
        "DIVERSITY_MEAN_INTER_LIST": 0.9561760852,
        "DIVERSITY_HERFINDAHL": 0.9956152601,
        "COVERAGE_ITEM": 0.1851715836,
        "COVERAGE_ITEM_HIT": 0.0589219407,
        "ITEMS_IN_GT": 0.9936752765,
        "COVERAGE_USER": 0.9780441519,
        "COVERAGE_USER_HIT": 0.3543443273,
        "USERS_IN_GT": 0.9780441519,
        "DIVERSITY_GINI": 0.0227735509,
        "SHANNON_ENTROPY": 9.2080806285,
        "RATIO_DIVERSITY_HERFINDAHL": 0.9959438856,
        "RATIO_DIVERSITY_GINI": 0.0447897519,
        "RATIO_SHANNON_ENTROPY": 0.6824073345,
        "RATIO_AVERAGE_POPULARITY": 3.4876122217,
        "RATIO_NOVELTY": 0.2500366925
    }
]