{
    "alpha": 0.9144070823581073,
    "beta": 0.5327943325710909,
    "gamma": 0.018218200405355267
}[
    {
        "PRECISION": 0.055404642,
        "PRECISION_RECALL_MIN_DEN": 0.0923891686,
        "RECALL": 0.0863440255,
        "MAP": 0.0277671503,
        "MAP_MIN_DEN": 0.0455016121,
        "MRR": 0.1839194147,
        "NDCG": 0.0896121067,
        "F1": 0.0674977748,
        "HIT_RATE": 0.3621024193,
        "ARHR_ALL_HITS": 0.2242070704,
        "NOVELTY": 0.0043699683,
        "AVERAGE_POPULARITY": 0.178682226,
        "DIVERSITY_MEAN_INTER_LIST": 0.9553825175,
        "DIVERSITY_HERFINDAHL": 0.9955359052,
        "COVERAGE_ITEM": 0.1902313625,
        "COVERAGE_ITEM_HIT": 0.0587995267,
        "ITEMS_IN_GT": 0.9936752765,
        "COVERAGE_USER": 0.9780441519,
        "COVERAGE_USER_HIT": 0.3541521535,
        "USERS_IN_GT": 0.9780441519,
        "DIVERSITY_GINI": 0.0230300195,
        "SHANNON_ENTROPY": 9.2076377393,
        "RATIO_DIVERSITY_HERFINDAHL": 0.9958645046,
        "RATIO_DIVERSITY_GINI": 0.0452941599,
        "RATIO_SHANNON_ENTROPY": 0.6823745121,
        "RATIO_AVERAGE_POPULARITY": 3.5111158785,
        "RATIO_NOVELTY": 0.2500289062
    }
]