{
    "alpha": 0.4637897548086612,
    "beta": 0.607193049656223
}[
    {
        "PRECISION": 0.0547881616,
        "PRECISION_RECALL_MIN_DEN": 0.0916323008,
        "RECALL": 0.085716485,
        "MAP": 0.0273000493,
        "MAP_MIN_DEN": 0.044778485,
        "MRR": 0.181528979,
        "NDCG": 0.0884915243,
        "F1": 0.0668483035,
        "HIT_RATE": 0.3603340292,
        "ARHR_ALL_HITS": 0.220886232,
        "NOVELTY": 0.0043421142,
        "AVERAGE_POPULARITY": 0.1864006152,
        "DIVERSITY_MEAN_INTER_LIST": 0.9502374574,
        "DIVERSITY_HERFINDAHL": 0.9950214119,
        "COVERAGE_ITEM": 0.2088790958,
        "COVERAGE_ITEM_HIT": 0.0564736606,
        "ITEMS_IN_GT": 0.9936752765,
        "COVERAGE_USER": 0.9780441519,
        "COVERAGE_USER_HIT": 0.35242259,
        "USERS_IN_GT": 0.9780441519,
        "DIVERSITY_GINI": 0.0218594322,
        "SHANNON_ENTROPY": 9.0841307613,
        "RATIO_DIVERSITY_HERFINDAHL": 0.9953498414,
        "RATIO_DIVERSITY_GINI": 0.042991914,
        "RATIO_SHANNON_ENTROPY": 0.6732214572,
        "RATIO_AVERAGE_POPULARITY": 3.6627826653,
        "RATIO_NOVELTY": 0.2484352305
    }
]