{
    "alpha": 0.8650601213691986,
    "beta": 0.0007568214773280377
}[
    {
        "PRECISION": 0.052474518,
        "PRECISION_RECALL_MIN_DEN": 0.0876688226,
        "RECALL": 0.0819878706,
        "MAP": 0.0258429501,
        "MAP_MIN_DEN": 0.0423385129,
        "MRR": 0.1729770433,
        "NDCG": 0.0842749935,
        "F1": 0.0639922291,
        "HIT_RATE": 0.3500184207,
        "ARHR_ALL_HITS": 0.2098649731,
        "NOVELTY": 0.0044509823,
        "AVERAGE_POPULARITY": 0.188116441,
        "DIVERSITY_MEAN_INTER_LIST": 0.9457598485,
        "DIVERSITY_HERFINDAHL": 0.994573662,
        "COVERAGE_ITEM": 0.6514057208,
        "COVERAGE_ITEM_HIT": 0.0567184886,
        "ITEMS_IN_GT": 0.9936752765,
        "COVERAGE_USER": 0.9780441519,
        "COVERAGE_USER_HIT": 0.3423334695,
        "USERS_IN_GT": 0.9780441519,
        "DIVERSITY_GINI": 0.0571869984,
        "SHANNON_ENTROPY": 9.4770350192,
        "RATIO_DIVERSITY_HERFINDAHL": 0.9949019437,
        "RATIO_DIVERSITY_GINI": 0.1124722041,
        "RATIO_SHANNON_ENTROPY": 0.7023394415,
        "RATIO_AVERAGE_POPULARITY": 3.6964987398,
        "RATIO_NOVELTY": 0.2546641463
    }
]