{
    "alpha": 0.3146553736427541,
    "beta": 0.5473736992649912
}{
    rec1 = RP3betaRecommender(URM_train_init)
    rec1.fit(alpha=0.8401946814961014, beta=0.3073181471251768, topK=77)

    rec2 = SLIMElasticNetRecommender(URM_train_init)
    rec2.fit(topK=250, alpha=0.00312082198837027, l1_ratio=0.009899185175306373)
}[
    {
        "PRECISION": 0.0553235908,
        "PRECISION_RECALL_MIN_DEN": 0.0922816461,
        "RECALL": 0.086261742,
        "MAP": 0.0277300388,
        "MAP_MIN_DEN": 0.0454607123,
        "MRR": 0.1838617256,
        "NDCG": 0.089523877,
        "F1": 0.0674124815,
        "HIT_RATE": 0.3618568095,
        "ARHR_ALL_HITS": 0.2240205727,
        "NOVELTY": 0.0043688967,
        "AVERAGE_POPULARITY": 0.1806601831,
        "DIVERSITY_MEAN_INTER_LIST": 0.9540476549,
        "DIVERSITY_HERFINDAHL": 0.9954024223,
        "COVERAGE_ITEM": 0.1939853919,
        "COVERAGE_ITEM_HIT": 0.0589219407,
        "ITEMS_IN_GT": 0.9936752765,
        "COVERAGE_USER": 0.9780441519,
        "COVERAGE_USER_HIT": 0.3539119364,
        "USERS_IN_GT": 0.9780441519,
        "DIVERSITY_GINI": 0.0233485972,
        "SHANNON_ENTROPY": 9.2037092008,
        "RATIO_DIVERSITY_HERFINDAHL": 0.9957309776,
        "RATIO_DIVERSITY_GINI": 0.0459207208,
        "RATIO_SHANNON_ENTROPY": 0.6820833697,
        "RATIO_AVERAGE_POPULARITY": 3.5499828491,
        "RATIO_NOVELTY": 0.2499675991
    }
]