{
    "alpha": 0.603861739752763,
    "beta": 0.0005023924872953572
}[
    {
        "PRECISION": 0.0524720619,
        "PRECISION_RECALL_MIN_DEN": 0.0876618636,
        "RECALL": 0.0819805933,
        "MAP": 0.0258432357,
        "MAP_MIN_DEN": 0.0423394617,
        "MRR": 0.1729983684,
        "NDCG": 0.0842769209,
        "F1": 0.0639881862,
        "HIT_RATE": 0.3500675427,
        "ARHR_ALL_HITS": 0.2098803042,
        "NOVELTY": 0.0044509471,
        "AVERAGE_POPULARITY": 0.1880971108,
        "DIVERSITY_MEAN_INTER_LIST": 0.9457788863,
        "DIVERSITY_HERFINDAHL": 0.9945755657,
        "COVERAGE_ITEM": 0.6511608928,
        "COVERAGE_ITEM_HIT": 0.0567592933,
        "ITEMS_IN_GT": 0.9936752765,
        "COVERAGE_USER": 0.9780441519,
        "COVERAGE_USER_HIT": 0.3423815129,
        "USERS_IN_GT": 0.9780441519,
        "DIVERSITY_GINI": 0.0571509506,
        "SHANNON_ENTROPY": 9.4770300665,
        "RATIO_DIVERSITY_HERFINDAHL": 0.9949038481,
        "RATIO_DIVERSITY_GINI": 0.1124013074,
        "RATIO_SHANNON_ENTROPY": 0.7023390745,
        "RATIO_AVERAGE_POPULARITY": 3.6961188989,
        "RATIO_NOVELTY": 0.2546621351
    }
]