{
    "alpha": 0.47677749252644375,
}[
    {
        "PRECISION": 0.055252364,
        "PRECISION_RECALL_MIN_DEN": 0.0921585976,
        "RECALL": 0.0861458321,
        "MAP": 0.0277084768,
        "MAP_MIN_DEN": 0.0454635238,
        "MRR": 0.1839127286,
        "NDCG": 0.0894840664,
        "F1": 0.0673242093,
        "HIT_RATE": 0.3615620779,
        "ARHR_ALL_HITS": 0.2239392681,
        "NOVELTY": 0.0043583547,
        "AVERAGE_POPULARITY": 0.1831989011,
        "DIVERSITY_MEAN_INTER_LIST": 0.9524645714,
        "DIVERSITY_HERFINDAHL": 0.9952441178,
        "COVERAGE_ITEM": 0.186722161,
        "COVERAGE_ITEM_HIT": 0.0582282613,
        "ITEMS_IN_GT": 0.9936752765,
        "COVERAGE_USER": 0.9780441519,
        "COVERAGE_USER_HIT": 0.3536236758,
        "USERS_IN_GT": 0.9780441519,
        "DIVERSITY_GINI": 0.0227753406,
        "SHANNON_ENTROPY": 9.1635877279,
        "RATIO_DIVERSITY_HERFINDAHL": 0.9955726209,
        "RATIO_DIVERSITY_GINI": 0.0447932717,
        "RATIO_SHANNON_ENTROPY": 0.6791099826,
        "RATIO_AVERAGE_POPULARITY": 3.5998688022,
        "RATIO_NOVELTY": 0.2493644316
    }
]