{
    "alpha": 0.5554900111787212,
    "beta": 0.0007711776219062566
}[
    {
        "PRECISION": 0.052474518,
        "PRECISION_RECALL_MIN_DEN": 0.0877018434,
        "RECALL": 0.0820253051,
        "MAP": 0.0258291443,
        "MAP_MIN_DEN": 0.0423311281,
        "MRR": 0.172886119,
        "NDCG": 0.0842675057,
        "F1": 0.0640036284,
        "HIT_RATE": 0.3500675427,
        "ARHR_ALL_HITS": 0.2097561934,
        "NOVELTY": 0.0044519375,
        "AVERAGE_POPULARITY": 0.1882519862,
        "DIVERSITY_MEAN_INTER_LIST": 0.945649512,
        "DIVERSITY_HERFINDAHL": 0.9945626286,
        "COVERAGE_ITEM": 0.6550781409,
        "COVERAGE_ITEM_HIT": 0.0566776839,
        "ITEMS_IN_GT": 0.9936752765,
        "COVERAGE_USER": 0.9780441519,
        "COVERAGE_USER_HIT": 0.3423815129,
        "USERS_IN_GT": 0.9780441519,
        "DIVERSITY_GINI": 0.0577060495,
        "SHANNON_ENTROPY": 9.4803004372,
        "RATIO_DIVERSITY_HERFINDAHL": 0.9948909067,
        "RATIO_DIVERSITY_GINI": 0.1134930448,
        "RATIO_SHANNON_ENTROPY": 0.7025814404,
        "RATIO_AVERAGE_POPULARITY": 3.6991622102,
        "RATIO_NOVELTY": 0.2547187992
    }
]