{
    "alpha": 0.39921430682902187,
    "beta": 0.8667555305108334
}[
    {
        "PRECISION": 0.0552106103,
        "PRECISION_RECALL_MIN_DEN": 0.0920519913,
        "RECALL": 0.0860528913,
        "MAP": 0.0276972909,
        "MAP_MIN_DEN": 0.0454244414,
        "MRR": 0.1837947482,
        "NDCG": 0.0894135256,
        "F1": 0.0672648291,
        "HIT_RATE": 0.3615129559,
        "ARHR_ALL_HITS": 0.2238182858,
        "NOVELTY": 0.004361985,
        "AVERAGE_POPULARITY": 0.181354381,
        "DIVERSITY_MEAN_INTER_LIST": 0.9536967777,
        "DIVERSITY_HERFINDAHL": 0.9953673354,
        "COVERAGE_ITEM": 0.1875382544,
        "COVERAGE_ITEM_HIT": 0.057901824,
        "ITEMS_IN_GT": 0.9936752765,
        "COVERAGE_USER": 0.9780441519,
        "COVERAGE_USER_HIT": 0.3535756324,
        "USERS_IN_GT": 0.9780441519,
        "DIVERSITY_GINI": 0.0227937144,
        "SHANNON_ENTROPY": 9.177808915,
        "RATIO_DIVERSITY_HERFINDAHL": 0.9956958791,
        "RATIO_DIVERSITY_GINI": 0.0448294083,
        "RATIO_SHANNON_ENTROPY": 0.6801639094,
        "RATIO_AVERAGE_POPULARITY": 3.5636238765,
        "RATIO_NOVELTY": 0.2495721408
    }
]