{
    "alpha": 0.205392601141281,
    "beta": 0.46627799601320685
}[
    {
        "PRECISION": 0.0554881493,
        "PRECISION_RECALL_MIN_DEN": 0.0922875232,
        "RECALL": 0.086217959,
        "MAP": 0.0277110587,
        "MAP_MIN_DEN": 0.045398404,
        "MRR": 0.1835948687,
        "NDCG": 0.0895067944,
        "F1": 0.0675210835,
        "HIT_RATE": 0.362323468,
        "ARHR_ALL_HITS": 0.2237753821,
        "NOVELTY": 0.0043766136,
        "AVERAGE_POPULARITY": 0.1792908497,
        "DIVERSITY_MEAN_INTER_LIST": 0.954845064,
        "DIVERSITY_HERFINDAHL": 0.9954821612,
        "COVERAGE_ITEM": 0.2080630024,
        "COVERAGE_ITEM_HIT": 0.0610437834,
        "ITEMS_IN_GT": 0.9936752765,
        "COVERAGE_USER": 0.9780441519,
        "COVERAGE_USER_HIT": 0.354368349,
        "USERS_IN_GT": 0.9780441519,
        "DIVERSITY_GINI": 0.0238566934,
        "SHANNON_ENTROPY": 9.232384756,
        "RATIO_DIVERSITY_HERFINDAHL": 0.9958107428,
        "RATIO_DIVERSITY_GINI": 0.0469200162,
        "RATIO_SHANNON_ENTROPY": 0.6842085041,
        "RATIO_AVERAGE_POPULARITY": 3.5230753703,
        "RATIO_NOVELTY": 0.2504091201
    }
]