{
    "alpha": 0.28638443649002865,
    "beta": 0.7203030804270081
}[
    {
        "PRECISION": 0.0553800811,
        "PRECISION_RECALL_MIN_DEN": 0.0920999827,
        "RECALL": 0.0860367746,
        "MAP": 0.0277123072,
        "MAP_MIN_DEN": 0.045335429,
        "MRR": 0.1835330764,
        "NDCG": 0.089379614,
        "F1": 0.0673855111,
        "HIT_RATE": 0.3615375169,
        "ARHR_ALL_HITS": 0.2237261627,
        "NOVELTY": 0.0043980545,
        "AVERAGE_POPULARITY": 0.174236716,
        "DIVERSITY_MEAN_INTER_LIST": 0.9576737752,
        "DIVERSITY_HERFINDAHL": 0.9957650254,
        "COVERAGE_ITEM": 0.1902313625,
        "COVERAGE_ITEM_HIT": 0.0621047048,
        "ITEMS_IN_GT": 0.9936752765,
        "COVERAGE_USER": 0.9780441519,
        "COVERAGE_USER_HIT": 0.3535996541,
        "USERS_IN_GT": 0.9780441519,
        "DIVERSITY_GINI": 0.0248965472,
        "SHANNON_ENTROPY": 9.3134754251,
        "RATIO_DIVERSITY_HERFINDAHL": 0.9960937004,
        "RATIO_DIVERSITY_GINI": 0.0489651427,
        "RATIO_SHANNON_ENTROPY": 0.6902181026,
        "RATIO_AVERAGE_POPULARITY": 3.423761355,
        "RATIO_NOVELTY": 0.2516358654
    }
]