{
    "alpha": 0.2795662558481058,
    "beta": 0.6916714347684788
}[
    {
        "PRECISION": 0.0553997298,
        "PRECISION_RECALL_MIN_DEN": 0.0921702543,
        "RECALL": 0.0861025604,
        "MAP": 0.0277100772,
        "MAP_MIN_DEN": 0.0453378963,
        "MRR": 0.1834765667,
        "NDCG": 0.0893950048,
        "F1": 0.0674202315,
        "HIT_RATE": 0.3616357608,
        "ARHR_ALL_HITS": 0.2236831615,
        "NOVELTY": 0.0043984383,
        "AVERAGE_POPULARITY": 0.1741766486,
        "DIVERSITY_MEAN_INTER_LIST": 0.9576978877,
        "DIVERSITY_HERFINDAHL": 0.9957674366,
        "COVERAGE_ITEM": 0.1906394091,
        "COVERAGE_ITEM_HIT": 0.0621047048,
        "ITEMS_IN_GT": 0.9936752765,
        "COVERAGE_USER": 0.9780441519,
        "COVERAGE_USER_HIT": 0.3536957409,
        "USERS_IN_GT": 0.9780441519,
        "DIVERSITY_GINI": 0.0249199781,
        "SHANNON_ENTROPY": 9.3145895888,
        "RATIO_DIVERSITY_HERFINDAHL": 0.9960961124,
        "RATIO_DIVERSITY_GINI": 0.0490112253,
        "RATIO_SHANNON_ENTROPY": 0.6903006728,
        "RATIO_AVERAGE_POPULARITY": 3.4225810272,
        "RATIO_NOVELTY": 0.2516578266
    }
]