{
    "alpha": 0.924305571788018,
    "beta": 0.22023322512235002
}[
    {
        "PRECISION": 0.0524769741,
        "PRECISION_RECALL_MIN_DEN": 0.0876857618,
        "RECALL": 0.0820152038,
        "MAP": 0.0258542686,
        "MAP_MIN_DEN": 0.0423398238,
        "MRR": 0.1730877626,
        "NDCG": 0.0842996109,
        "F1": 0.0640023798,
        "HIT_RATE": 0.3500675427,
        "ARHR_ALL_HITS": 0.2099965595,
        "NOVELTY": 0.0044501357,
        "AVERAGE_POPULARITY": 0.187803887,
        "DIVERSITY_MEAN_INTER_LIST": 0.9459562283,
        "DIVERSITY_HERFINDAHL": 0.9945932995,
        "COVERAGE_ITEM": 0.6446321459,
        "COVERAGE_ITEM_HIT": 0.0570449259,
        "ITEMS_IN_GT": 0.9936752765,
        "COVERAGE_USER": 0.9780441519,
        "COVERAGE_USER_HIT": 0.3423815129,
        "USERS_IN_GT": 0.9780441519,
        "DIVERSITY_GINI": 0.0563570506,
        "SHANNON_ENTROPY": 9.4741232262,
        "RATIO_DIVERSITY_HERFINDAHL": 0.9949215877,
        "RATIO_DIVERSITY_GINI": 0.1108399089,
        "RATIO_SHANNON_ENTROPY": 0.7021236497,
        "RATIO_AVERAGE_POPULARITY": 3.6903570358,
        "RATIO_NOVELTY": 0.2546157094
    }
]