{
    "alpha": 0.5042061133754471,
    "beta": 0.1229236356527148
}[
    {
        "PRECISION": 0.0524843424,
        "PRECISION_RECALL_MIN_DEN": 0.0877137243,
        "RECALL": 0.0820448853,
        "MAP": 0.0258632353,
        "MAP_MIN_DEN": 0.0423537634,
        "MRR": 0.1731552078,
        "NDCG": 0.0843236457,
        "F1": 0.0640168969,
        "HIT_RATE": 0.3500429817,
        "ARHR_ALL_HITS": 0.210066763,
        "NOVELTY": 0.0044490691,
        "AVERAGE_POPULARITY": 0.1880234039,
        "DIVERSITY_MEAN_INTER_LIST": 0.9457938132,
        "DIVERSITY_HERFINDAHL": 0.9945770584,
        "COVERAGE_ITEM": 0.6441424899,
        "COVERAGE_ITEM_HIT": 0.0570041213,
        "ITEMS_IN_GT": 0.9936752765,
        "COVERAGE_USER": 0.9780441519,
        "COVERAGE_USER_HIT": 0.3423574912,
        "USERS_IN_GT": 0.9780441519,
        "DIVERSITY_GINI": 0.0562383481,
        "SHANNON_ENTROPY": 9.46971871,
        "RATIO_DIVERSITY_HERFINDAHL": 0.9949053412,
        "RATIO_DIVERSITY_GINI": 0.1106064516,
        "RATIO_SHANNON_ENTROPY": 0.7017972327,
        "RATIO_AVERAGE_POPULARITY": 3.6946705555,
        "RATIO_NOVELTY": 0.2545546836
    }
]