{
    "alpha": 0.8227970782220282,
    "beta": 0.18062863114723637
}[
    {
        "PRECISION": 0.0525064473,
        "PRECISION_RECALL_MIN_DEN": 0.0877140752,
        "RECALL": 0.0820315177,
        "MAP": 0.0258434745,
        "MAP_MIN_DEN": 0.0423333518,
        "MRR": 0.1730021306,
        "NDCG": 0.0842953388,
        "F1": 0.0640292658,
        "HIT_RATE": 0.3503622743,
        "ARHR_ALL_HITS": 0.2098875946,
        "NOVELTY": 0.0044492265,
        "AVERAGE_POPULARITY": 0.1878697924,
        "DIVERSITY_MEAN_INTER_LIST": 0.9459854136,
        "DIVERSITY_HERFINDAHL": 0.9945962179,
        "COVERAGE_ITEM": 0.6441832946,
        "COVERAGE_ITEM_HIT": 0.0568817073,
        "ITEMS_IN_GT": 0.9936752765,
        "COVERAGE_USER": 0.9780441519,
        "COVERAGE_USER_HIT": 0.3426697735,
        "USERS_IN_GT": 0.9780441519,
        "DIVERSITY_GINI": 0.0562319546,
        "SHANNON_ENTROPY": 9.4712021711,
        "RATIO_DIVERSITY_HERFINDAHL": 0.9949245071,
        "RATIO_DIVERSITY_GINI": 0.1105938771,
        "RATIO_SHANNON_ENTROPY": 0.7019071714,
        "RATIO_AVERAGE_POPULARITY": 3.6916520802,
        "RATIO_NOVELTY": 0.2545636859
    }
]