{
    "alpha": 0.3396834486106486,
    "beta": 0.829214396072495
}[
    {
        "PRECISION": 0.0555077981,
        "PRECISION_RECALL_MIN_DEN": 0.0922927278,
        "RECALL": 0.0862228291,
        "MAP": 0.0277275789,
        "MAP_MIN_DEN": 0.0454239193,
        "MRR": 0.1837191648,
        "NDCG": 0.0895434043,
        "F1": 0.0675371228,
        "HIT_RATE": 0.36237259,
        "ARHR_ALL_HITS": 0.2239153212,
        "NOVELTY": 0.0043746078,
        "AVERAGE_POPULARITY": 0.1795207502,
        "DIVERSITY_MEAN_INTER_LIST": 0.9547577482,
        "DIVERSITY_HERFINDAHL": 0.9954734298,
        "COVERAGE_ITEM": 0.2016158649,
        "COVERAGE_ITEM_HIT": 0.0610437834,
        "ITEMS_IN_GT": 0.9936752765,
        "COVERAGE_USER": 0.9780441519,
        "COVERAGE_USER_HIT": 0.3544163924,
        "USERS_IN_GT": 0.9780441519,
        "DIVERSITY_GINI": 0.0236590295,
        "SHANNON_ENTROPY": 9.2256080598,
        "RATIO_DIVERSITY_HERFINDAHL": 0.9958020086,
        "RATIO_DIVERSITY_GINI": 0.0465312619,
        "RATIO_SHANNON_ENTROPY": 0.6837062857,
        "RATIO_AVERAGE_POPULARITY": 3.5275929273,
        "RATIO_NOVELTY": 0.2502943562
    }
]