{
    "alpha": 0.40035403094160765,
    "beta": 0.720061105058817
}{
    rec1 = RP3betaRecommender(URM_train_init)
    rec1.fit(alpha=0.8401946814961014, beta=0.3073181471251768, topK=77)

    rec2 = SLIMElasticNetRecommender(URM_train_init)
    rec2.fit(topK=250, alpha=0.00312082198837027, l1_ratio=0.009899185175306373)
}[
    {
        "PRECISION": 0.055328503,
        "PRECISION_RECALL_MIN_DEN": 0.092270467,
        "RECALL": 0.0862430571,
        "MAP": 0.0277413963,
        "MAP_MIN_DEN": 0.0454779609,
        "MRR": 0.1839431862,
        "NDCG": 0.0895471392,
        "F1": 0.0674104211,
        "HIT_RATE": 0.3617831266,
        "ARHR_ALL_HITS": 0.2241240699,
        "NOVELTY": 0.0043687241,
        "AVERAGE_POPULARITY": 0.1806192507,
        "DIVERSITY_MEAN_INTER_LIST": 0.9540844297,
        "DIVERSITY_HERFINDAHL": 0.9954060996,
        "COVERAGE_ITEM": 0.1925980332,
        "COVERAGE_ITEM_HIT": 0.058758722,
        "ITEMS_IN_GT": 0.9936752765,
        "COVERAGE_USER": 0.9780441519,
        "COVERAGE_USER_HIT": 0.3538398712,
        "USERS_IN_GT": 0.9780441519,
        "DIVERSITY_GINI": 0.0233202949,
        "SHANNON_ENTROPY": 9.2034830339,
        "RATIO_DIVERSITY_HERFINDAHL": 0.9957346562,
        "RATIO_DIVERSITY_GINI": 0.0458650576,
        "RATIO_SHANNON_ENTROPY": 0.6820666085,
        "RATIO_AVERAGE_POPULARITY": 3.5491785251,
        "RATIO_NOVELTY": 0.2499577203
    }
]