{
    "alpha": 0.37042160343794794,
    "beta": 0.9157786542846728
}[
    {
        "PRECISION": 0.055404642,
        "PRECISION_RECALL_MIN_DEN": 0.0921754394,
        "RECALL": 0.0861077455,
        "MAP": 0.0277117546,
        "MAP_MIN_DEN": 0.0453398223,
        "MRR": 0.1834918198,
        "NDCG": 0.0894000235,
        "F1": 0.0674254586,
        "HIT_RATE": 0.3616603217,
        "ARHR_ALL_HITS": 0.2236982392,
        "NOVELTY": 0.004398459,
        "AVERAGE_POPULARITY": 0.1741739068,
        "DIVERSITY_MEAN_INTER_LIST": 0.9576992051,
        "DIVERSITY_HERFINDAHL": 0.9957675683,
        "COVERAGE_ITEM": 0.1907210185,
        "COVERAGE_ITEM_HIT": 0.0621047048,
        "ITEMS_IN_GT": 0.9936752765,
        "COVERAGE_USER": 0.9780441519,
        "COVERAGE_USER_HIT": 0.3537197627,
        "USERS_IN_GT": 0.9780441519,
        "DIVERSITY_GINI": 0.0249223863,
        "SHANNON_ENTROPY": 9.3146901098,
        "RATIO_DIVERSITY_HERFINDAHL": 0.9960962442,
        "RATIO_DIVERSITY_GINI": 0.0490159616,
        "RATIO_SHANNON_ENTROPY": 0.6903081224,
        "RATIO_AVERAGE_POPULARITY": 3.4225271506,
        "RATIO_NOVELTY": 0.2516590136
    }
]