{
    "alpha": 0.21367668899051526,
    "beta": 0.3196706478857102
}[
    {
        "PRECISION": 0.0546555324,
        "PRECISION_RECALL_MIN_DEN": 0.0913704048,
        "RECALL": 0.0854673067,
        "MAP": 0.0272285165,
        "MAP_MIN_DEN": 0.0446981824,
        "MRR": 0.1812420737,
        "NDCG": 0.0883180888,
        "F1": 0.066673801,
        "HIT_RATE": 0.3598919317,
        "ARHR_ALL_HITS": 0.2204191155,
        "NOVELTY": 0.0043291547,
        "AVERAGE_POPULARITY": 0.1891013811,
        "DIVERSITY_MEAN_INTER_LIST": 0.9485296433,
        "DIVERSITY_HERFINDAHL": 0.9948506347,
        "COVERAGE_ITEM": 0.1905169951,
        "COVERAGE_ITEM_HIT": 0.0551679112,
        "ITEMS_IN_GT": 0.9936752765,
        "COVERAGE_USER": 0.9780441519,
        "COVERAGE_USER_HIT": 0.3519901991,
        "USERS_IN_GT": 0.9780441519,
        "DIVERSITY_GINI": 0.0210327941,
        "SHANNON_ENTROPY": 9.0359230748,
        "RATIO_DIVERSITY_HERFINDAHL": 0.9951790078,
        "RATIO_DIVERSITY_GINI": 0.0413661283,
        "RATIO_SHANNON_ENTROPY": 0.669648804,
        "RATIO_AVERAGE_POPULARITY": 3.715852868,
        "RATIO_NOVELTY": 0.2476937489
    }
]