{
    "alpha": 0.43592848437573284,
    "beta": 0.8286269472263317
}{
    rec1 = RP3betaRecommender(URM_train_init)
    rec1.fit(alpha=0.8401946814961014, beta=0.3073181471251768, topK=77),

    rec2 = SLIMElasticNetRecommender(URM_train_init)
    rec2.fit(topK=241, alpha=0.0031642653228324906, l1_ratio=0.009828283497311959)
}[
    {
        "PRECISION": 0.0553383274,
        "PRECISION_RECALL_MIN_DEN": 0.0922565978,
        "RECALL": 0.0862194222,
        "MAP": 0.0277388311,
        "MAP_MIN_DEN": 0.0454742059,
        "MRR": 0.1839263444,
        "NDCG": 0.0895419114,
        "F1": 0.0674104897,
        "HIT_RATE": 0.3618076876,
        "ARHR_ALL_HITS": 0.2241125302,
        "NOVELTY": 0.0043679557,
        "AVERAGE_POPULARITY": 0.180600547,
        "DIVERSITY_MEAN_INTER_LIST": 0.9541125792,
        "DIVERSITY_HERFINDAHL": 0.9954089145,
        "COVERAGE_ITEM": 0.1908434325,
        "COVERAGE_ITEM_HIT": 0.058758722,
        "ITEMS_IN_GT": 0.9936752765,
        "COVERAGE_USER": 0.9780441519,
        "COVERAGE_USER_HIT": 0.353863893,
        "USERS_IN_GT": 0.9780441519,
        "DIVERSITY_GINI": 0.0232456742,
        "SHANNON_ENTROPY": 9.2012957885,
        "RATIO_DIVERSITY_HERFINDAHL": 0.995737472,
        "RATIO_DIVERSITY_GINI": 0.0457182976,
        "RATIO_SHANNON_ENTROPY": 0.6819045126,
        "RATIO_AVERAGE_POPULARITY": 3.5488109968,
        "RATIO_NOVELTY": 0.2499137557
    }
]