{
    "alpha": 0.37742385779689125,
    "beta": 0.9491873169456063
}[
    {
        "PRECISION": 0.0553800811,
        "PRECISION_RECALL_MIN_DEN": 0.0920999827,
        "RECALL": 0.0860367746,
        "MAP": 0.0277121581,
        "MAP_MIN_DEN": 0.0453347386,
        "MRR": 0.1835298309,
        "NDCG": 0.089378554,
        "F1": 0.0673855111,
        "HIT_RATE": 0.3615375169,
        "ARHR_ALL_HITS": 0.2237235019,
        "NOVELTY": 0.0043980503,
        "AVERAGE_POPULARITY": 0.1742381978,
        "DIVERSITY_MEAN_INTER_LIST": 0.957672773,
        "DIVERSITY_HERFINDAHL": 0.9957649252,
        "COVERAGE_ITEM": 0.1902313625,
        "COVERAGE_ITEM_HIT": 0.0621047048,
        "ITEMS_IN_GT": 0.9936752765,
        "COVERAGE_USER": 0.9780441519,
        "COVERAGE_USER_HIT": 0.3535996541,
        "USERS_IN_GT": 0.9780441519,
        "DIVERSITY_GINI": 0.0248966412,
        "SHANNON_ENTROPY": 9.3134658316,
        "RATIO_DIVERSITY_HERFINDAHL": 0.9960936001,
        "RATIO_DIVERSITY_GINI": 0.0489653275,
        "RATIO_SHANNON_ENTROPY": 0.6902173916,
        "RATIO_AVERAGE_POPULARITY": 3.4237904739,
        "RATIO_NOVELTY": 0.2516356264
    }
]