{
    "alpha": 0.4163000465006643,
    "beta": 0.8424443837856217
}{
    rec1 = RP3betaRecommender(URM_train_init)
    rec1.fit(alpha=0.8285172350759491, beta=0.292180138700761, topK=54)

    rec2 = SLIMElasticNetRecommender(URM_train_init)
    rec2.fit(topK=250, alpha=0.00312082198837027, l1_ratio=0.009899185175306373)
}[
    {
        "PRECISION": 0.0553383274,
        "PRECISION_RECALL_MIN_DEN": 0.0920593401,
        "RECALL": 0.0860200823,
        "MAP": 0.0276758488,
        "MAP_MIN_DEN": 0.0452575801,
        "MRR": 0.1831175282,
        "NDCG": 0.0892616118,
        "F1": 0.067349477,
        "HIT_RATE": 0.3610954194,
        "ARHR_ALL_HITS": 0.2233354288,
        "NOVELTY": 0.0043894526,
        "AVERAGE_POPULARITY": 0.1761729701,
        "DIVERSITY_MEAN_INTER_LIST": 0.9564985755,
        "DIVERSITY_HERFINDAHL": 0.9956475083,
        "COVERAGE_ITEM": 0.2025951769,
        "COVERAGE_ITEM_HIT": 0.0610437834,
        "ITEMS_IN_GT": 0.9936752765,
        "COVERAGE_USER": 0.9780441519,
        "COVERAGE_USER_HIT": 0.3531672632,
        "USERS_IN_GT": 0.9780441519,
        "DIVERSITY_GINI": 0.0244468076,
        "SHANNON_ENTROPY": 9.2772267068,
        "RATIO_DIVERSITY_HERFINDAHL": 0.9959761445,
        "RATIO_DIVERSITY_GINI": 0.0480806199,
        "RATIO_SHANNON_ENTROPY": 0.6875317239,
        "RATIO_AVERAGE_POPULARITY": 3.4618088579,
        "RATIO_NOVELTY": 0.2511437083
    }
]