{
    "alpha": 0.499145630230824,
    "beta": 0.6571335322960612
}[
    {
        "PRECISION": 0.0547857055,
        "PRECISION_RECALL_MIN_DEN": 0.0916251664,
        "RECALL": 0.0857095757,
        "MAP": 0.0272983992,
        "MAP_MIN_DEN": 0.0447760423,
        "MRR": 0.1815072055,
        "NDCG": 0.0884855035,
        "F1": 0.0668443742,
        "HIT_RATE": 0.3603094683,
        "ARHR_ALL_HITS": 0.2208649653,
        "NOVELTY": 0.004341998,
        "AVERAGE_POPULARITY": 0.1864064642,
        "DIVERSITY_MEAN_INTER_LIST": 0.9502371919,
        "DIVERSITY_HERFINDAHL": 0.9950213853,
        "COVERAGE_ITEM": 0.2085118538,
        "COVERAGE_ITEM_HIT": 0.0564736606,
        "ITEMS_IN_GT": 0.9936752765,
        "COVERAGE_USER": 0.9780441519,
        "COVERAGE_USER_HIT": 0.3523985683,
        "USERS_IN_GT": 0.9780441519,
        "DIVERSITY_GINI": 0.0218469795,
        "SHANNON_ENTROPY": 9.0837461565,
        "RATIO_DIVERSITY_HERFINDAHL": 0.9953498149,
        "RATIO_DIVERSITY_GINI": 0.0429674228,
        "RATIO_SHANNON_ENTROPY": 0.6731929543,
        "RATIO_AVERAGE_POPULARITY": 3.6628975989,
        "RATIO_NOVELTY": 0.2484285784
    }
]