{
    "alpha": 0.26851340374280425,
    "beta": 0.584035197302269
}[
    {
        "PRECISION": 0.0552081542,
        "PRECISION_RECALL_MIN_DEN": 0.0920517866,
        "RECALL": 0.0860544964,
        "MAP": 0.0276994955,
        "MAP_MIN_DEN": 0.0454279988,
        "MRR": 0.1838262097,
        "NDCG": 0.0894188544,
        "F1": 0.0672634966,
        "HIT_RATE": 0.3615620779,
        "ARHR_ALL_HITS": 0.2238444257,
        "NOVELTY": 0.0043619913,
        "AVERAGE_POPULARITY": 0.1813489375,
        "DIVERSITY_MEAN_INTER_LIST": 0.9536994015,
        "DIVERSITY_HERFINDAHL": 0.9953675978,
        "COVERAGE_ITEM": 0.187456645,
        "COVERAGE_ITEM_HIT": 0.0579426286,
        "ITEMS_IN_GT": 0.9936752765,
        "COVERAGE_USER": 0.9780441519,
        "COVERAGE_USER_HIT": 0.3536236758,
        "USERS_IN_GT": 0.9780441519,
        "DIVERSITY_GINI": 0.0227923555,
        "SHANNON_ENTROPY": 9.1778100518,
        "RATIO_DIVERSITY_HERFINDAHL": 0.9956961416,
        "RATIO_DIVERSITY_GINI": 0.0448267356,
        "RATIO_SHANNON_ENTROPY": 0.6801639936,
        "RATIO_AVERAGE_POPULARITY": 3.5635169124,
        "RATIO_NOVELTY": 0.2495725028
    }
]