{
    "alpha": 0.40726736669265445,
    "beta": 0.7317482903276693
}{
    rec1 = RP3betaRecommender(URM_train_init)
    rec1.fit(alpha=0.8401946814961014, beta=0.3073181471251768, topK=77)

    rec2 = SLIMElasticNetRecommender(URM_train_init)
    rec2.fit(topK=250, alpha=0.00312082198837027, l1_ratio=0.009899185175306373)
}[
    {
        "PRECISION": 0.0553211347,
        "PRECISION_RECALL_MIN_DEN": 0.0922614613,
        "RECALL": 0.0862369034,
        "MAP": 0.0277438661,
        "MAP_MIN_DEN": 0.0454818208,
        "MRR": 0.1839666653,
        "NDCG": 0.0895483119,
        "F1": 0.0674030725,
        "HIT_RATE": 0.3617585656,
        "ARHR_ALL_HITS": 0.2241482411,
        "NOVELTY": 0.0043687282,
        "AVERAGE_POPULARITY": 0.1806189246,
        "DIVERSITY_MEAN_INTER_LIST": 0.954082563,
        "DIVERSITY_HERFINDAHL": 0.995405913,
        "COVERAGE_ITEM": 0.1926388379,
        "COVERAGE_ITEM_HIT": 0.058758722,
        "ITEMS_IN_GT": 0.9936752765,
        "COVERAGE_USER": 0.9780441519,
        "COVERAGE_USER_HIT": 0.3538158495,
        "USERS_IN_GT": 0.9780441519,
        "DIVERSITY_GINI": 0.0233207475,
        "SHANNON_ENTROPY": 9.2034437105,
        "RATIO_DIVERSITY_HERFINDAHL": 0.9957344695,
        "RATIO_DIVERSITY_GINI": 0.0458659477,
        "RATIO_SHANNON_ENTROPY": 0.6820636943,
        "RATIO_AVERAGE_POPULARITY": 3.5491721158,
        "RATIO_NOVELTY": 0.2499579561
    }
]