{
    "alpha": 0.4584844155936413,
    "beta": 0.4434457320755302
}[
    {
        "PRECISION": 0.0552597323,
        "PRECISION_RECALL_MIN_DEN": 0.0921913456,
        "RECALL": 0.0861771596,
        "MAP": 0.0277026738,
        "MAP_MIN_DEN": 0.045434526,
        "MRR": 0.1837019818,
        "NDCG": 0.0894489946,
        "F1": 0.0673392452,
        "HIT_RATE": 0.361414712,
        "ARHR_ALL_HITS": 0.223789261,
        "NOVELTY": 0.0043579983,
        "AVERAGE_POPULARITY": 0.1836347229,
        "DIVERSITY_MEAN_INTER_LIST": 0.9521323174,
        "DIVERSITY_HERFINDAHL": 0.9952108932,
        "COVERAGE_ITEM": 0.1925164239,
        "COVERAGE_ITEM_HIT": 0.0582282613,
        "ITEMS_IN_GT": 0.9936752765,
        "COVERAGE_USER": 0.9780441519,
        "COVERAGE_USER_HIT": 0.3534795455,
        "USERS_IN_GT": 0.9780441519,
        "DIVERSITY_GINI": 0.0228456641,
        "SHANNON_ENTROPY": 9.160380148,
        "RATIO_DIVERSITY_HERFINDAHL": 0.9955393853,
        "RATIO_DIVERSITY_GINI": 0.04493158,
        "RATIO_SHANNON_ENTROPY": 0.6788722701,
        "RATIO_AVERAGE_POPULARITY": 3.6084327247,
        "RATIO_NOVELTY": 0.2493440434
    }
]