{
    "alpha": 0.40843596328935405,
    "beta": 0.7345486175447291
}{
    rec1 = RP3betaRecommender(URM_train_init)
    rec1.fit(alpha=0.8401946814961014, beta=0.3073181471251768, topK=77)

    rec2 = SLIMElasticNetRecommender(URM_train_init)
    rec2.fit(topK=250, alpha=0.00312082198837027, l1_ratio=0.009899185175306373)
}[
    {
        "PRECISION": 0.0553260469,
        "PRECISION_RECALL_MIN_DEN": 0.0922680109,
        "RECALL": 0.086240601,
        "MAP": 0.0277406352,
        "MAP_MIN_DEN": 0.045477412,
        "MRR": 0.1839423285,
        "NDCG": 0.0895454994,
        "F1": 0.0674078479,
        "HIT_RATE": 0.3617831266,
        "ARHR_ALL_HITS": 0.2241212825,
        "NOVELTY": 0.004368716,
        "AVERAGE_POPULARITY": 0.1806215149,
        "DIVERSITY_MEAN_INTER_LIST": 0.9540828446,
        "DIVERSITY_HERFINDAHL": 0.9954059411,
        "COVERAGE_ITEM": 0.1925980332,
        "COVERAGE_ITEM_HIT": 0.058758722,
        "ITEMS_IN_GT": 0.9936752765,
        "COVERAGE_USER": 0.9780441519,
        "COVERAGE_USER_HIT": 0.3538398712,
        "USERS_IN_GT": 0.9780441519,
        "DIVERSITY_GINI": 0.0233200047,
        "SHANNON_ENTROPY": 9.2034560984,
        "RATIO_DIVERSITY_HERFINDAHL": 0.9957344976,
        "RATIO_DIVERSITY_GINI": 0.0458644868,
        "RATIO_SHANNON_ENTROPY": 0.6820646123,
        "RATIO_AVERAGE_POPULARITY": 3.5492230167,
        "RATIO_NOVELTY": 0.2499572584
    }
]