{
    "alpha": 0.8993675543645786,
    "beta": 0.01836911279607971
}[
    {
        "PRECISION": 0.055377625,
        "PRECISION_RECALL_MIN_DEN": 0.0923213238,
        "RECALL": 0.0862735459,
        "MAP": 0.0277659992,
        "MAP_MIN_DEN": 0.0454432299,
        "MRR": 0.1838178278,
        "NDCG": 0.0895367327,
        "F1": 0.0674561889,
        "HIT_RATE": 0.3620287363,
        "ARHR_ALL_HITS": 0.2241368183,
        "NOVELTY": 0.0043886668,
        "AVERAGE_POPULARITY": 0.1759413538,
        "DIVERSITY_MEAN_INTER_LIST": 0.956792129,
        "DIVERSITY_HERFINDAHL": 0.9956768629,
        "COVERAGE_ITEM": 0.1888440038,
        "COVERAGE_ITEM_HIT": 0.0603909087,
        "ITEMS_IN_GT": 0.9936752765,
        "COVERAGE_USER": 0.9780441519,
        "COVERAGE_USER_HIT": 0.3540800884,
        "USERS_IN_GT": 0.9780441519,
        "DIVERSITY_GINI": 0.0241319154,
        "SHANNON_ENTROPY": 9.2755693558,
        "RATIO_DIVERSITY_HERFINDAHL": 0.9960055088,
        "RATIO_DIVERSITY_GINI": 0.0474613075,
        "RATIO_SHANNON_ENTROPY": 0.6874088983,
        "RATIO_AVERAGE_POPULARITY": 3.4572575859,
        "RATIO_NOVELTY": 0.2510987488
    }
]