{
    "alpha": 0.4133522121773261,
    "beta": 0.7451419993321209
}{
    rec1 = RP3betaRecommender(URM_train_init)
    rec1.fit(alpha=0.8401946814961014, beta=0.3073181471251768, topK=77),

    rec2 = SLIMElasticNetRecommender(URM_train_init)
    rec2.fit(topK=250, alpha=0.00312082198837027, l1_ratio=0.009899185175306373)
}[
    {
        "PRECISION": 0.0553260469,
        "PRECISION_RECALL_MIN_DEN": 0.0922643267,
        "RECALL": 0.0862360982,
        "MAP": 0.0277401235,
        "MAP_MIN_DEN": 0.0454798375,
        "MRR": 0.1839441121,
        "NDCG": 0.0895462603,
        "F1": 0.0674064724,
        "HIT_RATE": 0.3617585656,
        "ARHR_ALL_HITS": 0.2241196743,
        "NOVELTY": 0.0043687147,
        "AVERAGE_POPULARITY": 0.1806221755,
        "DIVERSITY_MEAN_INTER_LIST": 0.9540845324,
        "DIVERSITY_HERFINDAHL": 0.9954061099,
        "COVERAGE_ITEM": 0.1924756192,
        "COVERAGE_ITEM_HIT": 0.0587179173,
        "ITEMS_IN_GT": 0.9936752765,
        "COVERAGE_USER": 0.9780441519,
        "COVERAGE_USER_HIT": 0.3538158495,
        "USERS_IN_GT": 0.9780441519,
        "DIVERSITY_GINI": 0.0233192625,
        "SHANNON_ENTROPY": 9.2035096744,
        "RATIO_DIVERSITY_HERFINDAHL": 0.9957346665,
        "RATIO_DIVERSITY_GINI": 0.045863027,
        "RATIO_SHANNON_ENTROPY": 0.6820685828,
        "RATIO_AVERAGE_POPULARITY": 3.5492359979,
        "RATIO_NOVELTY": 0.2499571847
    }
]