{
    "alpha": 0.21515105485673336,
    "beta": 0.13906460038544277
}[
    {
        "PRECISION": 0.0551885055,
        "PRECISION_RECALL_MIN_DEN": 0.0920741936,
        "RECALL": 0.0860925867,
        "MAP": 0.0275885014,
        "MAP_MIN_DEN": 0.045229073,
        "MRR": 0.1829083798,
        "NDCG": 0.0891844471,
        "F1": 0.0672605388,
        "HIT_RATE": 0.361390151,
        "ARHR_ALL_HITS": 0.2228686436,
        "NOVELTY": 0.0043569957,
        "AVERAGE_POPULARITY": 0.1850672214,
        "DIVERSITY_MEAN_INTER_LIST": 0.9509734047,
        "DIVERSITY_HERFINDAHL": 0.9950950048,
        "COVERAGE_ITEM": 0.2157750847,
        "COVERAGE_ITEM_HIT": 0.05839148,
        "ITEMS_IN_GT": 0.9936752765,
        "COVERAGE_USER": 0.9780441519,
        "COVERAGE_USER_HIT": 0.3534555238,
        "USERS_IN_GT": 0.9780441519,
        "DIVERSITY_GINI": 0.0231397257,
        "SHANNON_ENTROPY": 9.1488112294,
        "RATIO_DIVERSITY_HERFINDAHL": 0.9954234586,
        "RATIO_DIVERSITY_GINI": 0.045509924,
        "RATIO_SHANNON_ENTROPY": 0.678014902,
        "RATIO_AVERAGE_POPULARITY": 3.6365814014,
        "RATIO_NOVELTY": 0.2492866773
    }
]