{
    "alpha": 0.3323005327738622,
    "beta": 0.6296674421832201
}{
    rec1 = RP3betaRecommender(URM_train_init)
    rec1.fit(alpha=0.8285172350759491, beta=0.292180138700761, topK=54)

    rec2 = SLIMElasticNetRecommender(URM_train_init)
    rec2.fit(topK=287, alpha=0.002876720384709537, l1_ratio=0.00817765857216069)
}[
    {
        "PRECISION": 0.0553751689,
        "PRECISION_RECALL_MIN_DEN": 0.091975862,
        "RECALL": 0.0859154215,
        "MAP": 0.0276663811,
        "MAP_MIN_DEN": 0.0452285729,
        "MRR": 0.1830631626,
        "NDCG": 0.0892330247,
        "F1": 0.0673446259,
        "HIT_RATE": 0.3612919072,
        "ARHR_ALL_HITS": 0.2233046106,
        "NOVELTY": 0.0044064937,
        "AVERAGE_POPULARITY": 0.1726329418,
        "DIVERSITY_MEAN_INTER_LIST": 0.9583167064,
        "DIVERSITY_HERFINDAHL": 0.9958293169,
        "COVERAGE_ITEM": 0.2088790958,
        "COVERAGE_ITEM_HIT": 0.0622679235,
        "ITEMS_IN_GT": 0.9936752765,
        "COVERAGE_USER": 0.9780441519,
        "COVERAGE_USER_HIT": 0.3533594369,
        "USERS_IN_GT": 0.9780441519,
        "DIVERSITY_GINI": 0.0254584529,
        "SHANNON_ENTROPY": 9.3374288646,
        "RATIO_DIVERSITY_HERFINDAHL": 0.9961580131,
        "RATIO_DIVERSITY_GINI": 0.0500702675,
        "RATIO_SHANNON_ENTROPY": 0.6919932828,
        "RATIO_AVERAGE_POPULARITY": 3.3922471012,
        "RATIO_NOVELTY": 0.2521187174
    }
]