{
    "alpha": 0.451238402435874,
    "beta": 0.8537674523233563
}{
    rec1 = RP3betaRecommender(URM_train_init)
    rec1.fit(alpha=0.8285172350759491, beta=0.292180138700761, topK=54)

    rec2 = SLIMElasticNetRecommender(URM_train_init)
    rec2.fit(topK=287, alpha=0.002876720384709537, l1_ratio=0.00817765857216069)
}[
    {
        "PRECISION": 0.0553727128,
        "PRECISION_RECALL_MIN_DEN": 0.0919815637,
        "RECALL": 0.085921591,
        "MAP": 0.0276616209,
        "MAP_MIN_DEN": 0.0452231179,
        "MRR": 0.1830298689,
        "NDCG": 0.0892260639,
        "F1": 0.0673447046,
        "HIT_RATE": 0.3613164681,
        "ARHR_ALL_HITS": 0.2232669602,
        "NOVELTY": 0.0044065298,
        "AVERAGE_POPULARITY": 0.1726321061,
        "DIVERSITY_MEAN_INTER_LIST": 0.9583162334,
        "DIVERSITY_HERFINDAHL": 0.9958292696,
        "COVERAGE_ITEM": 0.2090015098,
        "COVERAGE_ITEM_HIT": 0.0622679235,
        "ITEMS_IN_GT": 0.9936752765,
        "COVERAGE_USER": 0.9780441519,
        "COVERAGE_USER_HIT": 0.3533834586,
        "USERS_IN_GT": 0.9780441519,
        "DIVERSITY_GINI": 0.0254620931,
        "SHANNON_ENTROPY": 9.3375246988,
        "RATIO_DIVERSITY_HERFINDAHL": 0.9961579658,
        "RATIO_DIVERSITY_GINI": 0.050077427,
        "RATIO_SHANNON_ENTROPY": 0.692000385,
        "RATIO_AVERAGE_POPULARITY": 3.3922306804,
        "RATIO_NOVELTY": 0.2521207824
    }
]