{
    "alpha": 0.7403200465683514,
    "beta": 0.8811041447613575
}{
    rec1 = RP3betaRecommender(URM_train_init)
    rec1.fit(alpha=0.8285172350759491, beta=0.292180138700761, topK=54)

    rec2 = SLIMElasticNetRecommender(URM_train_init)
    rec2.fit(topK=250, alpha=0.00312082198837027, l1_ratio=0.009899185175306373)
}[
    {
        "PRECISION": 0.0555102542,
        "PRECISION_RECALL_MIN_DEN": 0.0923444131,
        "RECALL": 0.0862782794,
        "MAP": 0.0276255884,
        "MAP_MIN_DEN": 0.0451685522,
        "MRR": 0.1825738827,
        "NDCG": 0.0892500164,
        "F1": 0.0675559455,
        "HIT_RATE": 0.3621761022,
        "ARHR_ALL_HITS": 0.2228041711,
        "NOVELTY": 0.0044024981,
        "AVERAGE_POPULARITY": 0.1749998351,
        "DIVERSITY_MEAN_INTER_LIST": 0.9568463015,
        "DIVERSITY_HERFINDAHL": 0.99568228,
        "COVERAGE_ITEM": 0.2434814543,
        "COVERAGE_ITEM_HIT": 0.0615334394,
        "ITEMS_IN_GT": 0.9936752765,
        "COVERAGE_USER": 0.9780441519,
        "COVERAGE_USER_HIT": 0.3542242187,
        "USERS_IN_GT": 0.9780441519,
        "DIVERSITY_GINI": 0.0257745228,
        "SHANNON_ENTROPY": 9.3163829342,
        "RATIO_DIVERSITY_HERFINDAHL": 0.9960109277,
        "RATIO_DIVERSITY_GINI": 0.0506918962,
        "RATIO_SHANNON_ENTROPY": 0.690433577,
        "RATIO_AVERAGE_POPULARITY": 3.4387566887,
        "RATIO_NOVELTY": 0.251890108
    }
]