{
    "alpha": 0.21521212436329798,
    "beta": 0.7345055971455452
}[
    {
        "PRECISION": 0.0526143951,
        "PRECISION_RECALL_MIN_DEN": 0.0864337461,
        "RECALL": 0.0805284053,
        "MAP": 0.0256815429,
        "MAP_MIN_DEN": 0.0413916454,
        "MRR": 0.1698970491,
        "NDCG": 0.0892208367,
        "F1": 0.0636452489,
        "HIT_RATE": 0.346352121,
        "ARHR_ALL_HITS": 0.2074093427,
        "NOVELTY": 0.0044828528,
        "AVERAGE_POPULARITY": 0.1612253726,
        "DIVERSITY_MEAN_INTER_LIST": 0.962261828,
        "DIVERSITY_HERFINDAHL": 0.9962238206,
        "COVERAGE_ITEM": 0.4392622516,
        "COVERAGE_ITEM_HIT": 0.0710001224,
        "ITEMS_IN_GT": 0.9926551598,
        "COVERAGE_USER": 0.9785486079,
        "COVERAGE_USER_HIT": 0.3389223858,
        "USERS_IN_GT": 0.9785486079,
        "DIVERSITY_GINI": 0.0379074361,
        "SHANNON_ENTROPY": 9.6167557608,
        "RATIO_DIVERSITY_HERFINDAHL": 0.9965530263,
        "RATIO_DIVERSITY_GINI": 0.0745432534,
        "RATIO_SHANNON_ENTROPY": 0.7126795988,
        "RATIO_AVERAGE_POPULARITY": 3.1759997793,
        "RATIO_NOVELTY": 0.2564824108
    }
]