{
    "alpha": 0.8293691665890606,
    "beta": 0.2219541101876363,
    "topK": 62
}[
    {
        "PRECISION": 0.0552918932,
        "PRECISION_RECALL_MIN_DEN": 0.1016154761,
        "RECALL": 0.1004966788,
        "MAP": 0.0269808856,
        "MAP_MIN_DEN": 0.0488876341,
        "MRR": 0.194070879,
        "NDCG": 0.0960348466,
        "F1": 0.0713358054,
        "HIT_RATE": 0.3959347672,
        "ARHR_ALL_HITS": 0.2279781319,
        "NOVELTY": 0.0044246893,
        "AVERAGE_POPULARITY": 0.1782058896,
        "DIVERSITY_MEAN_INTER_LIST": 0.950938438,
        "DIVERSITY_HERFINDAHL": 0.9950893487,
        "COVERAGE_ITEM": 0.3323540213,
        "COVERAGE_ITEM_HIT": 0.0491288203,
        "ITEMS_IN_GT": 0.9936752765,
        "COVERAGE_USER": 0.9863390526,
        "COVERAGE_USER_HIT": 0.3905259232,
        "USERS_IN_GT": 0.9863390526,
        "DIVERSITY_GINI": 0.0306405398,
        "SHANNON_ENTROPY": 9.2307308126,
        "RATIO_DIVERSITY_HERFINDAHL": 0.9954178007,
        "RATIO_DIVERSITY_GINI": 0.0602621076,
        "RATIO_SHANNON_ENTROPY": 0.684085931,
        "RATIO_AVERAGE_POPULARITY": 3.5017558417,
        "RATIO_NOVELTY": 0.2531597828
    }
]