{
    "topK": 331,
    "shrink": 200,
    "similarity": "asym",
    "normalization": "bm25"
}[
    {
        "PRECISION": 0.0479086332,
        "PRECISION_RECALL_MIN_DEN": 0.0799130035,
        "RECALL": 0.0748035084,
        "MAP": 0.0235072123,
        "MAP_MIN_DEN": 0.0387030614,
        "MRR": 0.1605692883,
        "NDCG": 0.0772788411,
        "F1": 0.0584087899,
        "HIT_RATE": 0.3265626919,
        "ARHR_ALL_HITS": 0.1929980761,
        "NOVELTY": 0.0045321322,
        "AVERAGE_POPULARITY": 0.2073568721,
        "DIVERSITY_MEAN_INTER_LIST": 0.9234458854,
        "DIVERSITY_HERFINDAHL": 0.9923423205,
        "COVERAGE_ITEM": 0.8606112539,
        "COVERAGE_ITEM_HIT": 0.0488839923,
        "ITEMS_IN_GT": 0.9936752765,
        "COVERAGE_USER": 0.9780441519,
        "COVERAGE_USER_HIT": 0.319392731,
        "USERS_IN_GT": 0.9780441519,
        "DIVERSITY_GINI": 0.1122204709,
        "SHANNON_ENTROPY": 9.667436166,
        "RATIO_DIVERSITY_HERFINDAHL": 0.9926698657,
        "RATIO_DIVERSITY_GINI": 0.2207089733,
        "RATIO_SHANNON_ENTROPY": 0.7164499977,
        "RATIO_AVERAGE_POPULARITY": 4.0745743022,
        "RATIO_NOVELTY": 0.2593071614
    }
]