{
    "alpha": 0.26672657848316894,
    "beta": 1.8325046917533472
}{
    "10": {
        "ROC_AUC": 0.2190297153312949,
        "PRECISION": 0.051134324689681904,
        "PRECISION_RECALL_MIN_DEN": 0.0854633157183214,
        "RECALL": 0.07987268340788119,
        "MAP": 0.041057025644362345,
        "MRR": 0.17033068620508462,
        "NDCG": 0.08876206237131232,
        "F1": 0.062351408318143814,
        "HIT_RATE": 0.5113432468968907,
        "ARHR": 0.20462457401132525,
        "NOVELTY": 0.00442040258172617,
        "AVERAGE_POPULARITY": 0.19114275450660356,
        "DIVERSITY_MEAN_INTER_LIST": 0.9413008406682016,
        "DIVERSITY_HERFINDAHL": 0.9941277704356523,
        "COVERAGE_ITEM": 0.6220263598155629,
        "COVERAGE_ITEM_CORRECT": 0.06198229077406455,
        "COVERAGE_USER": 0.9773235004444017,
        "COVERAGE_USER_CORRECT": 0.33591967138293016,
        "DIVERSITY_GINI": 0.05097695276694105,
        "SHANNON_ENTROPY": 9.350943346472253
    }
}