{
    "alpha": 0.9845938449285698,
    "beta": 0.056648148734841475
}[
    {
        "PRECISION": 0.0569821148,
        "PRECISION_RECALL_MIN_DEN": 0.0940079892,
        "RECALL": 0.0877753894,
        "MAP": 0.0285453694,
        "MAP_MIN_DEN": 0.0462263775,
        "MRR": 0.1856995549,
        "NDCG": 0.0926263208,
        "F1": 0.0691035307,
        "HIT_RATE": 0.365738011,
        "ARHR_ALL_HITS": 0.2282520204,
        "NOVELTY": 0.0043606058,
        "AVERAGE_POPULARITY": 0.187528707,
        "DIVERSITY_MEAN_INTER_LIST": 0.9497850786,
        "DIVERSITY_HERFINDAHL": 0.9949761745,
        "COVERAGE_ITEM": 0.1645652263,
        "COVERAGE_ITEM_HIT": 0.0636144775,
        "ITEMS_IN_GT": 0.9926551598,
        "COVERAGE_USER": 0.977779913,
        "COVERAGE_USER_HIT": 0.3576112806,
        "USERS_IN_GT": 0.977779913,
        "DIVERSITY_GINI": 0.0234822618,
        "SHANNON_ENTROPY": 9.1986611882,
        "RATIO_DIVERSITY_HERFINDAHL": 0.9953039712,
        "RATIO_DIVERSITY_GINI": 0.046145062,
        "RATIO_SHANNON_ENTROPY": 0.6816095013,
        "RATIO_AVERAGE_POPULARITY": 3.7101696929,
        "RATIO_NOVELTY": 0.2494567209
    }
]