{
    "topK": 265,
    "l2_norm": 0.09561632250768182
}[
    {
        "PRECISION": 0.0282625786,
        "PRECISION_RECALL_MIN_DEN": 0.0447353854,
        "RECALL": 0.0412883697,
        "MAP": 0.0143451874,
        "MAP_MIN_DEN": 0.0229492486,
        "MRR": 0.1092246014,
        "NDCG": 0.0474772686,
        "F1": 0.033555712,
        "HIT_RATE": 0.2110849057,
        "ARHR_ALL_HITS": 0.1246161018,
        "NOVELTY": 0.0045809999,
        "AVERAGE_POPULARITY": 0.1251635326,
        "DIVERSITY_MEAN_INTER_LIST": 0.9773096518,
        "DIVERSITY_HERFINDAHL": 0.9977285642,
        "COVERAGE_ITEM": 0.5018974171,
        "COVERAGE_ITEM_HIT": 0.0704288571,
        "ITEMS_IN_GT": 0.9926551598,
        "COVERAGE_USER": 0.977779913,
        "COVERAGE_USER_HIT": 0.2063945807,
        "USERS_IN_GT": 0.977779913,
        "DIVERSITY_GINI": 0.0502440967,
        "SHANNON_ENTROPY": 10.1359299931,
        "RATIO_DIVERSITY_HERFINDAHL": 0.9980572677,
        "RATIO_DIVERSITY_GINI": 0.0987348227,
        "RATIO_SHANNON_ENTROPY": 0.7510599691,
        "RATIO_AVERAGE_POPULARITY": 2.476303244,
        "RATIO_NOVELTY": 0.2620647822
    }
]