{
    "factors": 97,
    "alpha": 6,
    "iterations": 57,
    "regularization": 0.004606696859060415
}[
    {
        "PRECISION": 0.0437622838,
        "PRECISION_RECALL_MIN_DEN": 0.0731858965,
        "RECALL": 0.0686713284,
        "MAP": 0.0203615904,
        "MAP_MIN_DEN": 0.0337926227,
        "MRR": 0.1442761758,
        "NDCG": 0.0703527696,
        "F1": 0.0534575756,
        "HIT_RATE": 0.3068494497,
        "ARHR_ALL_HITS": 0.1703618594,
        "NOVELTY": 0.0043490995,
        "AVERAGE_POPULARITY": 0.1423615762,
        "DIVERSITY_MEAN_INTER_LIST": 0.971449108,
        "DIVERSITY_HERFINDAHL": 0.9971425242,
        "COVERAGE_ITEM": 0.0660219529,
        "COVERAGE_ITEM_HIT": 0.0444362835,
        "ITEMS_IN_GT": 0.9926551598,
        "COVERAGE_USER": 0.977779913,
        "COVERAGE_USER_HIT": 0.3000312282,
        "USERS_IN_GT": 0.977779913,
        "DIVERSITY_GINI": 0.0158222771,
        "SHANNON_ENTROPY": 9.0212329428,
        "RATIO_DIVERSITY_HERFINDAHL": 0.9974710346,
        "RATIO_DIVERSITY_GINI": 0.0310924034,
        "RATIO_SHANNON_ENTROPY": 0.6684622861,
        "RATIO_AVERAGE_POPULARITY": 2.8165586699,
        "RATIO_NOVELTY": 0.2487984799
    }
]