{
    "factors": 89,
    "alpha": 5,
    "iterations": 100,
    "regularization": 0.0001555120173392371
}[
    {
        "PRECISION": 0.0434576454,
        "PRECISION_RECALL_MIN_DEN": 0.0725598611,
        "RECALL": 0.0680764366,
        "MAP": 0.0203233565,
        "MAP_MIN_DEN": 0.0336972884,
        "MRR": 0.1443622502,
        "NDCG": 0.0700560531,
        "F1": 0.0530500021,
        "HIT_RATE": 0.305571934,
        "ARHR_ALL_HITS": 0.1702986076,
        "NOVELTY": 0.0043326413,
        "AVERAGE_POPULARITY": 0.1438898298,
        "DIVERSITY_MEAN_INTER_LIST": 0.9702425936,
        "DIVERSITY_HERFINDAHL": 0.9970218757,
        "COVERAGE_ITEM": 0.058636308,
        "COVERAGE_ITEM_HIT": 0.0411311054,
        "ITEMS_IN_GT": 0.9926551598,
        "COVERAGE_USER": 0.977779913,
        "COVERAGE_USER_HIT": 0.298782099,
        "USERS_IN_GT": 0.977779913,
        "DIVERSITY_GINI": 0.0148287536,
        "SHANNON_ENTROPY": 8.931207851,
        "RATIO_DIVERSITY_HERFINDAHL": 0.9973503464,
        "RATIO_DIVERSITY_GINI": 0.0291400275,
        "RATIO_SHANNON_ENTROPY": 0.6617915374,
        "RATIO_AVERAGE_POPULARITY": 2.8467944682,
        "RATIO_NOVELTY": 0.2478569546
    }
]