{
    "factors": 99,
    "alpha": 6,
    "iterations": 77,
    "regularization": 0.004029887929861606
}[
    {
        "PRECISION": 0.0438974057,
        "PRECISION_RECALL_MIN_DEN": 0.0733293635,
        "RECALL": 0.0688054635,
        "MAP": 0.0203556785,
        "MAP_MIN_DEN": 0.033751546,
        "MRR": 0.143875441,
        "NDCG": 0.0703617369,
        "F1": 0.0535990142,
        "HIT_RATE": 0.308028695,
        "ARHR_ALL_HITS": 0.1701067268,
        "NOVELTY": 0.0043514111,
        "AVERAGE_POPULARITY": 0.1422112522,
        "DIVERSITY_MEAN_INTER_LIST": 0.9715977095,
        "DIVERSITY_HERFINDAHL": 0.997157384,
        "COVERAGE_ITEM": 0.0663891949,
        "COVERAGE_ITEM_HIT": 0.0448035255,
        "ITEMS_IN_GT": 0.9926551598,
        "COVERAGE_USER": 0.977779913,
        "COVERAGE_USER_HIT": 0.3011842706,
        "USERS_IN_GT": 0.977779913,
        "DIVERSITY_GINI": 0.0159604166,
        "SHANNON_ENTROPY": 9.0330689505,
        "RATIO_DIVERSITY_HERFINDAHL": 0.9974858993,
        "RATIO_DIVERSITY_GINI": 0.0313638619,
        "RATIO_SHANNON_ENTROPY": 0.6693393198,
        "RATIO_AVERAGE_POPULARITY": 2.8135845794,
        "RATIO_NOVELTY": 0.2489307189
    }
]