{
    "topK": 173,
    "shrink": 544,
    "similarity": "cosine",
    "feature_weighting": "TF-IDF"
}[
    {
        "PRECISION": 0.048334316,
        "PRECISION_RECALL_MIN_DEN": 0.0806715108,
        "RECALL": 0.0755490278,
        "MAP": 0.0235900941,
        "MAP_MIN_DEN": 0.0386254205,
        "MRR": 0.1606142702,
        "NDCG": 0.0786887505,
        "F1": 0.0589524059,
        "HIT_RATE": 0.3271914308,
        "ARHR_ALL_HITS": 0.1931730804,
        "NOVELTY": 0.0042685034,
        "AVERAGE_POPULARITY": 0.2112804805,
        "DIVERSITY_MEAN_INTER_LIST": 0.9198119921,
        "DIVERSITY_HERFINDAHL": 0.9919789394,
        "COVERAGE_ITEM": 0.3057493777,
        "COVERAGE_ITEM_HIT": 0.0513730771,
        "ITEMS_IN_GT": 0.9926551598,
        "COVERAGE_USER": 0.977779913,
        "COVERAGE_USER_HIT": 0.3199212088,
        "USERS_IN_GT": 0.977779913,
        "DIVERSITY_GINI": 0.0206719221,
        "SHANNON_ENTROPY": 8.5883069073,
        "RATIO_DIVERSITY_HERFINDAHL": 0.9923057487,
        "RATIO_DIVERSITY_GINI": 0.0406224551,
        "RATIO_SHANNON_ENTROPY": 0.6363829984,
        "RATIO_AVERAGE_POPULARITY": 4.1800876685,
        "RATIO_NOVELTY": 0.2441878249
    }
]