{
    "topK": 183,
    "shrink": 584,
    "similarity": "cosine",
    "feature_weighting": "TF-IDF"
}[
    {
        "PRECISION": 0.0482385024,
        "PRECISION_RECALL_MIN_DEN": 0.0805130302,
        "RECALL": 0.0754006755,
        "MAP": 0.023578132,
        "MAP_MIN_DEN": 0.0385983489,
        "MRR": 0.161040489,
        "NDCG": 0.0786759815,
        "F1": 0.058835973,
        "HIT_RATE": 0.3270194575,
        "ARHR_ALL_HITS": 0.1933827922,
        "NOVELTY": 0.0042617995,
        "AVERAGE_POPULARITY": 0.2129032758,
        "DIVERSITY_MEAN_INTER_LIST": 0.9184835474,
        "DIVERSITY_HERFINDAHL": 0.9918460982,
        "COVERAGE_ITEM": 0.3015464969,
        "COVERAGE_ITEM_HIT": 0.0507202024,
        "ITEMS_IN_GT": 0.9926551598,
        "COVERAGE_USER": 0.977779913,
        "COVERAGE_USER_HIT": 0.3197530568,
        "USERS_IN_GT": 0.977779913,
        "DIVERSITY_GINI": 0.0202845289,
        "SHANNON_ENTROPY": 8.5615544088,
        "RATIO_DIVERSITY_HERFINDAHL": 0.9921728638,
        "RATIO_DIVERSITY_GINI": 0.0398611877,
        "RATIO_SHANNON_ENTROPY": 0.6344006711,
        "RATIO_AVERAGE_POPULARITY": 4.2121939307,
        "RATIO_NOVELTY": 0.2438043175
    }
]