{
    "topK": 3890,
    "alpha": 0.0029228929900398564,
    "l1_ratio": 0.009916947930369228
}[
    {
        "PRECISION": 0.0556327824,
        "PRECISION_RECALL_MIN_DEN": 0.0924681532,
        "RECALL": 0.08638866,
        "MAP": 0.0277720774,
        "MAP_MIN_DEN": 0.0454479457,
        "MRR": 0.1839771306,
        "NDCG": 0.0914655655,
        "F1": 0.0676805057,
        "HIT_RATE": 0.3624039099,
        "ARHR_ALL_HITS": 0.2242606633,
        "NOVELTY": 0.0042536346,
        "AVERAGE_POPULARITY": 0.2179858083,
        "DIVERSITY_MEAN_INTER_LIST": 0.9278933532,
        "DIVERSITY_HERFINDAHL": 0.9927870564,
        "COVERAGE_ITEM": 0.1439180642,
        "COVERAGE_ITEM_HIT": 0.0598196434,
        "ITEMS_IN_GT": 0.9926959644,
        "COVERAGE_USER": 0.9780921953,
        "COVERAGE_USER_HIT": 0.3544644359,
        "USERS_IN_GT": 0.9780921953,
        "DIVERSITY_GINI": 0.0190878116,
        "SHANNON_ENTROPY": 8.8044964373,
        "RATIO_DIVERSITY_HERFINDAHL": 0.9931150056,
        "RATIO_DIVERSITY_GINI": 0.0375355251,
        "RATIO_SHANNON_ENTROPY": 0.652496023,
        "RATIO_AVERAGE_POPULARITY": 4.3009465349,
        "RATIO_NOVELTY": 0.2433721557
    }
]