{
    "topK": 3310,
    "alpha": 0.0014579129528836648,
    "l1_ratio": 0.04059573169766696
}[
    {
        "PRECISION": 0.0563261596,
        "PRECISION_RECALL_MIN_DEN": 0.0930138491,
        "RECALL": 0.086884282,
        "MAP": 0.0281385327,
        "MAP_MIN_DEN": 0.0455808801,
        "MRR": 0.1841523219,
        "NDCG": 0.0916218304,
        "F1": 0.0683449877,
        "HIT_RATE": 0.3638708726,
        "ARHR_ALL_HITS": 0.2257624343,
        "NOVELTY": 0.004333218,
        "AVERAGE_POPULARITY": 0.2044820185,
        "DIVERSITY_MEAN_INTER_LIST": 0.9368735932,
        "DIVERSITY_HERFINDAHL": 0.9936850576,
        "COVERAGE_ITEM": 0.167543967,
        "COVERAGE_ITEM_HIT": 0.0633696495,
        "ITEMS_IN_GT": 0.9926551598,
        "COVERAGE_USER": 0.977779913,
        "COVERAGE_USER_HIT": 0.3557856302,
        "USERS_IN_GT": 0.977779913,
        "DIVERSITY_GINI": 0.0243037398,
        "SHANNON_ENTROPY": 9.11535244,
        "RATIO_DIVERSITY_HERFINDAHL": 0.994012429,
        "RATIO_DIVERSITY_GINI": 0.0477593509,
        "RATIO_SHANNON_ENTROPY": 0.6754364253,
        "RATIO_AVERAGE_POPULARITY": 4.0455832078,
        "RATIO_NOVELTY": 0.2478899485
    }
]