{
    "topK": 2670,
    "alpha": 0.0021932733237059014,
    "l1_ratio": 0.026015959673985747
}[
    {
        "PRECISION": 0.056414603,
        "PRECISION_RECALL_MIN_DEN": 0.0932139679,
        "RECALL": 0.087089722,
        "MAP": 0.0280857406,
        "MAP_MIN_DEN": 0.0455670782,
        "MRR": 0.1840150163,
        "NDCG": 0.0916785271,
        "F1": 0.0684736448,
        "HIT_RATE": 0.3649027123,
        "ARHR_ALL_HITS": 0.2254515176,
        "NOVELTY": 0.0043116138,
        "AVERAGE_POPULARITY": 0.2056324238,
        "DIVERSITY_MEAN_INTER_LIST": 0.936575994,
        "DIVERSITY_HERFINDAHL": 0.9936552985,
        "COVERAGE_ITEM": 0.1611376341,
        "COVERAGE_ITEM_HIT": 0.0608397601,
        "ITEMS_IN_GT": 0.9926551598,
        "COVERAGE_USER": 0.977779913,
        "COVERAGE_USER_HIT": 0.3567945423,
        "USERS_IN_GT": 0.977779913,
        "DIVERSITY_GINI": 0.0224031292,
        "SHANNON_ENTROPY": 9.0287985751,
        "RATIO_DIVERSITY_HERFINDAHL": 0.99398266,
        "RATIO_DIVERSITY_GINI": 0.0440244554,
        "RATIO_SHANNON_ENTROPY": 0.6690228902,
        "RATIO_AVERAGE_POPULARITY": 4.0683434512,
        "RATIO_NOVELTY": 0.2466540405
    }
]