{
    "topK": 54,
    "alpha": 0.8285172350759491,
    "beta": 0.292180138700761,
}[
    {
        "PRECISION": 0.0531790487,
        "PRECISION_RECALL_MIN_DEN": 0.0873464524,
        "RECALL": 0.0815193031,
        "MAP": 0.0263163511,
        "MAP_MIN_DEN": 0.0427092169,
        "MRR": 0.1741546695,
        "NDCG": 0.0862393885,
        "F1": 0.0643678105,
        "HIT_RATE": 0.348221305,
        "ARHR_ALL_HITS": 0.2124067503,
        "NOVELTY": 0.0045981211,
        "AVERAGE_POPULARITY": 0.1591959432,
        "DIVERSITY_MEAN_INTER_LIST": 0.961794887,
        "DIVERSITY_HERFINDAHL": 0.9961771258,
        "COVERAGE_ITEM": 0.7070224834,
        "COVERAGE_ITEM_HIT": 0.0639409148,
        "ITEMS_IN_GT": 0.9926551598,
        "COVERAGE_USER": 0.977779913,
        "COVERAGE_USER_HIT": 0.3404837974,
        "USERS_IN_GT": 0.977779913,
        "DIVERSITY_GINI": 0.07480258,
        "SHANNON_ENTROPY": 10.0183020738,
        "RATIO_DIVERSITY_HERFINDAHL": 0.9965053182,
        "RATIO_DIVERSITY_GINI": 0.1469947707,
        "RATIO_SHANNON_ENTROPY": 0.7423438847,
        "RATIO_AVERAGE_POPULARITY": 3.1496189209,
        "RATIO_NOVELTY": 0.2630442311
    }
]