{
    "topK": 54,
    "alpha": 0.8654375634678889,
    "beta": 0.30485232674877033
}[
    {
        "PRECISION": 0.0532232704,
        "PRECISION_RECALL_MIN_DEN": 0.0874363972,
        "RECALL": 0.0816036698,
        "MAP": 0.0262553288,
        "MAP_MIN_DEN": 0.0425422122,
        "MRR": 0.1737086309,
        "NDCG": 0.0861247471,
        "F1": 0.0644265038,
        "HIT_RATE": 0.348540684,
        "ARHR_ALL_HITS": 0.2118740231,
        "NOVELTY": 0.0045958675,
        "AVERAGE_POPULARITY": 0.1594283139,
        "DIVERSITY_MEAN_INTER_LIST": 0.9618779957,
        "DIVERSITY_HERFINDAHL": 0.9961854365,
        "COVERAGE_ITEM": 0.7016770719,
        "COVERAGE_ITEM_HIT": 0.0635328682,
        "ITEMS_IN_GT": 0.9926551598,
        "COVERAGE_USER": 0.977779913,
        "COVERAGE_USER_HIT": 0.3407960797,
        "USERS_IN_GT": 0.977779913,
        "DIVERSITY_GINI": 0.0741996041,
        "SHANNON_ENTROPY": 10.0118333827,
        "RATIO_DIVERSITY_HERFINDAHL": 0.9965136316,
        "RATIO_DIVERSITY_GINI": 0.1458098611,
        "RATIO_SHANNON_ENTROPY": 0.7418645626,
        "RATIO_AVERAGE_POPULARITY": 3.1542162695,
        "RATIO_NOVELTY": 0.2629153136
    }
]