{
    "topK": 70,
    "alpha": 0.5530367465098776,
    "beta": 0.34358420831740083
}[
    {
        "PRECISION": 0.053412441,
        "PRECISION_RECALL_MIN_DEN": 0.0879106106,
        "RECALL": 0.0820798712,
        "MAP": 0.0262697204,
        "MAP_MIN_DEN": 0.0425373693,
        "MRR": 0.1735716664,
        "NDCG": 0.086186046,
        "F1": 0.0647134322,
        "HIT_RATE": 0.3493514151,
        "ARHR_ALL_HITS": 0.2118293042,
        "NOVELTY": 0.0045619888,
        "AVERAGE_POPULARITY": 0.1628744181,
        "DIVERSITY_MEAN_INTER_LIST": 0.9599556523,
        "DIVERSITY_HERFINDAHL": 0.9959932069,
        "COVERAGE_ITEM": 0.6729913902,
        "COVERAGE_ITEM_HIT": 0.067980577,
        "ITEMS_IN_GT": 0.9926551598,
        "COVERAGE_USER": 0.977779913,
        "COVERAGE_USER_HIT": 0.3415887963,
        "USERS_IN_GT": 0.977779913,
        "DIVERSITY_GINI": 0.0656089894,
        "SHANNON_ENTROPY": 9.8950261641,
        "RATIO_DIVERSITY_HERFINDAHL": 0.9963213386,
        "RATIO_DIVERSITY_GINI": 0.1289284186,
        "RATIO_SHANNON_ENTROPY": 0.7332092911,
        "RATIO_AVERAGE_POPULARITY": 3.2223958651,
        "RATIO_NOVELTY": 0.2609772178
    }
]