{
    "topK": 57,
    "alpha": 0.8303446975041721,
    "beta": 0.2985684559577353
}[
    {
        "PRECISION": 0.0531741352,
        "PRECISION_RECALL_MIN_DEN": 0.0873141343,
        "RECALL": 0.0814716162,
        "MAP": 0.0262511397,
        "MAP_MIN_DEN": 0.0425070215,
        "MRR": 0.1736132851,
        "NDCG": 0.0860407995,
        "F1": 0.0643493417,
        "HIT_RATE": 0.34765625,
        "ARHR_ALL_HITS": 0.2118235231,
        "NOVELTY": 0.0045831307,
        "AVERAGE_POPULARITY": 0.161041855,
        "DIVERSITY_MEAN_INTER_LIST": 0.9609527179,
        "DIVERSITY_HERFINDAHL": 0.996092911,
        "COVERAGE_ITEM": 0.7014322438,
        "COVERAGE_ITEM_HIT": 0.0632880402,
        "ITEMS_IN_GT": 0.9926551598,
        "COVERAGE_USER": 0.977779913,
        "COVERAGE_USER_HIT": 0.3399312979,
        "USERS_IN_GT": 0.977779913,
        "DIVERSITY_GINI": 0.0725549296,
        "SHANNON_ENTROPY": 9.9666190923,
        "RATIO_DIVERSITY_HERFINDAHL": 0.9964210756,
        "RATIO_DIVERSITY_GINI": 0.1425779062,
        "RATIO_SHANNON_ENTROPY": 0.7385142392,
        "RATIO_AVERAGE_POPULARITY": 3.1861394418,
        "RATIO_NOVELTY": 0.2621866777
    }
]