{
    "alpha": 0.8297229361409855,
    "beta": 0.04101471507271034
}[
    {
        "PRECISION": 0.0568887579,
        "PRECISION_RECALL_MIN_DEN": 0.0939488514,
        "RECALL": 0.0877315553,
        "MAP": 0.0284986441,
        "MAP_MIN_DEN": 0.0461643321,
        "MRR": 0.1854184507,
        "NDCG": 0.0925305803,
        "F1": 0.0690212751,
        "HIT_RATE": 0.3655169025,
        "ARHR_ALL_HITS": 0.2278686877,
        "NOVELTY": 0.0043608533,
        "AVERAGE_POPULARITY": 0.1885473989,
        "DIVERSITY_MEAN_INTER_LIST": 0.9489640047,
        "DIVERSITY_HERFINDAHL": 0.9948940691,
        "COVERAGE_ITEM": 0.1661158036,
        "COVERAGE_ITEM_HIT": 0.0632064308,
        "ITEMS_IN_GT": 0.9926551598,
        "COVERAGE_USER": 0.977779913,
        "COVERAGE_USER_HIT": 0.3573950852,
        "USERS_IN_GT": 0.977779913,
        "DIVERSITY_GINI": 0.0236816316,
        "SHANNON_ENTROPY": 9.198541764,
        "RATIO_DIVERSITY_HERFINDAHL": 0.9952218388,
        "RATIO_DIVERSITY_GINI": 0.0465368441,
        "RATIO_SHANNON_ENTROPY": 0.6816006521,
        "RATIO_AVERAGE_POPULARITY": 3.7303240473,
        "RATIO_NOVELTY": 0.2494708763
    }
]