{
    "alpha": 0.7072878308602816,
    "beta": 0.2382675254035493
}[
    {
        "PRECISION": 0.0567315252,
        "PRECISION_RECALL_MIN_DEN": 0.0935537126,
        "RECALL": 0.0873490176,
        "MAP": 0.0283762643,
        "MAP_MIN_DEN": 0.0459471694,
        "MRR": 0.1846637572,
        "NDCG": 0.0921704178,
        "F1": 0.0687871227,
        "HIT_RATE": 0.3649027123,
        "ARHR_ALL_HITS": 0.2269495179,
        "NOVELTY": 0.0043595812,
        "AVERAGE_POPULARITY": 0.1967400197,
        "DIVERSITY_MEAN_INTER_LIST": 0.9423583656,
        "DIVERSITY_HERFINDAHL": 0.9942335214,
        "COVERAGE_ITEM": 0.1735830579,
        "COVERAGE_ITEM_HIT": 0.0640633288,
        "ITEMS_IN_GT": 0.9926551598,
        "COVERAGE_USER": 0.977779913,
        "COVERAGE_USER_HIT": 0.3567945423,
        "USERS_IN_GT": 0.977779913,
        "DIVERSITY_GINI": 0.0251989994,
        "SHANNON_ENTROPY": 9.1947409648,
        "RATIO_DIVERSITY_HERFINDAHL": 0.9945610735,
        "RATIO_DIVERSITY_GINI": 0.0495186282,
        "RATIO_SHANNON_ENTROPY": 0.6813190176,
        "RATIO_AVERAGE_POPULARITY": 3.8924113021,
        "RATIO_NOVELTY": 0.2493981052
    }
]