{
    "alpha": 0.7286623541584395,
    "beta": 0.04182600290992904
}[
    {
        "PRECISION": 0.0568863011,
        "PRECISION_RECALL_MIN_DEN": 0.0938821386,
        "RECALL": 0.0876573896,
        "MAP": 0.0284943448,
        "MAP_MIN_DEN": 0.0461434917,
        "MRR": 0.1854240954,
        "NDCG": 0.0924905114,
        "F1": 0.0689965039,
        "HIT_RATE": 0.365738011,
        "ARHR_ALL_HITS": 0.227860674,
        "NOVELTY": 0.0043601311,
        "AVERAGE_POPULARITY": 0.1876405478,
        "DIVERSITY_MEAN_INTER_LIST": 0.9497164114,
        "DIVERSITY_HERFINDAHL": 0.9949693079,
        "COVERAGE_ITEM": 0.1652589056,
        "COVERAGE_ITEM_HIT": 0.0633696495,
        "ITEMS_IN_GT": 0.9926551598,
        "COVERAGE_USER": 0.977779913,
        "COVERAGE_USER_HIT": 0.3576112806,
        "USERS_IN_GT": 0.977779913,
        "DIVERSITY_GINI": 0.0234541384,
        "SHANNON_ENTROPY": 9.1966686691,
        "RATIO_DIVERSITY_HERFINDAHL": 0.9952971024,
        "RATIO_DIVERSITY_GINI": 0.0460897965,
        "RATIO_SHANNON_ENTROPY": 0.6814618581,
        "RATIO_AVERAGE_POPULARITY": 3.7123824137,
        "RATIO_NOVELTY": 0.2494295622
    }
]