{
    "alpha": 0.9877905305984619,
    "beta": 0.04001062714589738
}[
    {
        "PRECISION": 0.0569649175,
        "PRECISION_RECALL_MIN_DEN": 0.0940690865,
        "RECALL": 0.0878303293,
        "MAP": 0.0285161378,
        "MAP_MIN_DEN": 0.0461839765,
        "MRR": 0.1855969461,
        "NDCG": 0.0926098721,
        "F1": 0.0691078964,
        "HIT_RATE": 0.3662293632,
        "ARHR_ALL_HITS": 0.2280505952,
        "NOVELTY": 0.0043618254,
        "AVERAGE_POPULARITY": 0.1896621495,
        "DIVERSITY_MEAN_INTER_LIST": 0.9480680666,
        "DIVERSITY_HERFINDAHL": 0.9948044775,
        "COVERAGE_ITEM": 0.1678295997,
        "COVERAGE_ITEM_HIT": 0.0636552822,
        "ITEMS_IN_GT": 0.9926551598,
        "COVERAGE_USER": 0.977779913,
        "COVERAGE_USER_HIT": 0.3580917149,
        "USERS_IN_GT": 0.977779913,
        "DIVERSITY_GINI": 0.0239853713,
        "SHANNON_ENTROPY": 9.202055849,
        "RATIO_DIVERSITY_HERFINDAHL": 0.9951322176,
        "RATIO_DIVERSITY_GINI": 0.047133724,
        "RATIO_SHANNON_ENTROPY": 0.6818610415,
        "RATIO_AVERAGE_POPULARITY": 3.7523788776,
        "RATIO_NOVELTY": 0.2495264878
    }
]