{
    "alpha": 0.7928492978901613,
    "beta": 0.006760155543540656
}[
    {
        "PRECISION": 0.056466195,
        "PRECISION_RECALL_MIN_DEN": 0.0934552764,
        "RECALL": 0.087372258,
        "MAP": 0.0282236468,
        "MAP_MIN_DEN": 0.0458299594,
        "MRR": 0.1844500287,
        "NDCG": 0.0919725485,
        "F1": 0.0685988879,
        "HIT_RATE": 0.3646570362,
        "ARHR_ALL_HITS": 0.2262841451,
        "NOVELTY": 0.0043350977,
        "AVERAGE_POPULARITY": 0.2000800348,
        "DIVERSITY_MEAN_INTER_LIST": 0.9397302017,
        "DIVERSITY_HERFINDAHL": 0.9939707115,
        "COVERAGE_ITEM": 0.1850899743,
        "COVERAGE_ITEM_HIT": 0.0621047048,
        "ITEMS_IN_GT": 0.9926551598,
        "COVERAGE_USER": 0.977779913,
        "COVERAGE_USER_HIT": 0.3565543251,
        "USERS_IN_GT": 0.977779913,
        "DIVERSITY_GINI": 0.0237628031,
        "SHANNON_ENTROPY": 9.0854566432,
        "RATIO_DIVERSITY_HERFINDAHL": 0.994298177,
        "RATIO_DIVERSITY_GINI": 0.0466963545,
        "RATIO_SHANNON_ENTROPY": 0.6732211835,
        "RATIO_AVERAGE_POPULARITY": 3.9584919729,
        "RATIO_NOVELTY": 0.2479974806
    }
]