{
    "alpha": 0.7289755420016903,
    "beta": 0.03978984202537053
}[
    {
        "PRECISION": 0.057021423,
        "PRECISION_RECALL_MIN_DEN": 0.0941428673,
        "RECALL": 0.0879182531,
        "MAP": 0.028528873,
        "MAP_MIN_DEN": 0.0462283876,
        "MRR": 0.1854584511,
        "NDCG": 0.0926334334,
        "F1": 0.0691766952,
        "HIT_RATE": 0.3659345519,
        "ARHR_ALL_HITS": 0.2280355719,
        "NOVELTY": 0.0043607408,
        "AVERAGE_POPULARITY": 0.1878877683,
        "DIVERSITY_MEAN_INTER_LIST": 0.949500606,
        "DIVERSITY_HERFINDAHL": 0.9949477279,
        "COVERAGE_ITEM": 0.1652997103,
        "COVERAGE_ITEM_HIT": 0.0633288448,
        "ITEMS_IN_GT": 0.9926551598,
        "COVERAGE_USER": 0.977779913,
        "COVERAGE_USER_HIT": 0.3578034543,
        "USERS_IN_GT": 0.977779913,
        "DIVERSITY_GINI": 0.0235534411,
        "SHANNON_ENTROPY": 9.1984553841,
        "RATIO_DIVERSITY_HERFINDAHL": 0.9952755153,
        "RATIO_DIVERSITY_GINI": 0.0462849367,
        "RATIO_SHANNON_ENTROPY": 0.6815942515,
        "RATIO_AVERAGE_POPULARITY": 3.7172735582,
        "RATIO_NOVELTY": 0.2494644433
    }
]