{
    "topK": 465,
    "alpha": 0.0038485523418806704,
    "l1_ratio": 0.00926248019379584
}[
    {
        "PRECISION": 0.0552655487,
        "PRECISION_RECALL_MIN_DEN": 0.0914134611,
        "RECALL": 0.0853983462,
        "MAP": 0.0276371453,
        "MAP_MIN_DEN": 0.0450292804,
        "MRR": 0.184146403,
        "NDCG": 0.0862427406,
        "F1": 0.0671044473,
        "HIT_RATE": 0.3620448351,
        "ARHR_ALL_HITS": 0.2239202884,
        "NOVELTY": 0.0043497738,
        "AVERAGE_POPULARITY": 0.1821527892,
        "DIVERSITY_MEAN_INTER_LIST": 0.9532577641,
        "DIVERSITY_HERFINDAHL": 0.9953234358,
        "COVERAGE_ITEM": 0.158322112,
        "COVERAGE_ITEM_HIT": 0.0583506753,
        "ITEMS_IN_GT": 0.9931448158,
        "COVERAGE_USER": 0.9783324125,
        "COVERAGE_USER_HIT": 0.354200197,
        "USERS_IN_GT": 0.9783324125,
        "DIVERSITY_GINI": 0.0218589004,
        "SHANNON_ENTROPY": 9.1434769042,
        "RATIO_DIVERSITY_HERFINDAHL": 0.995651473,
        "RATIO_DIVERSITY_GINI": 0.0429700437,
        "RATIO_SHANNON_ENTROPY": 0.6775501636,
        "RATIO_AVERAGE_POPULARITY": 3.5942008921,
        "RATIO_NOVELTY": 0.2488479801
    }
]