{
    "alpha": 0.9784996133792591,
    "beta": 0.048152291599854256
}[
    {
        "PRECISION": 0.0569477201,
        "PRECISION_RECALL_MIN_DEN": 0.0940419061,
        "RECALL": 0.0878226577,
        "MAP": 0.0285419114,
        "MAP_MIN_DEN": 0.0462344649,
        "MRR": 0.1857249414,
        "NDCG": 0.0926381209,
        "F1": 0.0690928656,
        "HIT_RATE": 0.3659591195,
        "ARHR_ALL_HITS": 0.2282171285,
        "NOVELTY": 0.0043611905,
        "AVERAGE_POPULARITY": 0.188546075,
        "DIVERSITY_MEAN_INTER_LIST": 0.9489650592,
        "DIVERSITY_HERFINDAHL": 0.9948941745,
        "COVERAGE_ITEM": 0.166074999,
        "COVERAGE_ITEM_HIT": 0.0633288448,
        "ITEMS_IN_GT": 0.9926551598,
        "COVERAGE_USER": 0.977779913,
        "COVERAGE_USER_HIT": 0.357827476,
        "USERS_IN_GT": 0.977779913,
        "DIVERSITY_GINI": 0.0237121686,
        "SHANNON_ENTROPY": 9.1999982666,
        "RATIO_DIVERSITY_HERFINDAHL": 0.9952219443,
        "RATIO_DIVERSITY_GINI": 0.0465968526,
        "RATIO_SHANNON_ENTROPY": 0.6817085772,
        "RATIO_AVERAGE_POPULARITY": 3.7302978554,
        "RATIO_NOVELTY": 0.2494901708
    }
]