{
    "alpha": 0.8808544414625644,
    "beta": 0.05603842354516275
}[
    {
        "PRECISION": 0.0569624607,
        "PRECISION_RECALL_MIN_DEN": 0.0939311764,
        "RECALL": 0.0877099403,
        "MAP": 0.0285269115,
        "MAP_MIN_DEN": 0.0461913628,
        "MRR": 0.1855040377,
        "NDCG": 0.0925623589,
        "F1": 0.0690687926,
        "HIT_RATE": 0.3655169025,
        "ARHR_ALL_HITS": 0.2280465884,
        "NOVELTY": 0.0043599872,
        "AVERAGE_POPULARITY": 0.1867969692,
        "DIVERSITY_MEAN_INTER_LIST": 0.9503615843,
        "DIVERSITY_HERFINDAHL": 0.9950338236,
        "COVERAGE_ITEM": 0.1640347656,
        "COVERAGE_ITEM_HIT": 0.0630432121,
        "ITEMS_IN_GT": 0.9926551598,
        "COVERAGE_USER": 0.977779913,
        "COVERAGE_USER_HIT": 0.3573950852,
        "USERS_IN_GT": 0.977779913,
        "DIVERSITY_GINI": 0.0232842977,
        "SHANNON_ENTROPY": 9.1962257401,
        "RATIO_DIVERSITY_HERFINDAHL": 0.9953616393,
        "RATIO_DIVERSITY_GINI": 0.0457560421,
        "RATIO_SHANNON_ENTROPY": 0.6814290376,
        "RATIO_AVERAGE_POPULARITY": 3.6956925961,
        "RATIO_NOVELTY": 0.2494213325
    }
]