{
    "alpha": 0.0456180823477569,
    "beta": 0.7890742999166246
}[
    {
        "PRECISION": 0.0512925638,
        "PRECISION_RECALL_MIN_DEN": 0.0855739311,
        "RECALL": 0.0799849381,
        "MAP": 0.0251799865,
        "MAP_MIN_DEN": 0.0411842938,
        "MRR": 0.1702984671,
        "NDCG": 0.0886121609,
        "F1": 0.0625032085,
        "HIT_RATE": 0.3434807159,
        "ARHR_ALL_HITS": 0.2056158008,
        "NOVELTY": 0.0043787921,
        "AVERAGE_POPULARITY": 0.1972459569,
        "DIVERSITY_MEAN_INTER_LIST": 0.9369886938,
        "DIVERSITY_HERFINDAHL": 0.9936965691,
        "COVERAGE_ITEM": 0.5081813359,
        "COVERAGE_ITEM_HIT": 0.0579426286,
        "ITEMS_IN_GT": 0.9937568858,
        "COVERAGE_USER": 0.9784765428,
        "COVERAGE_USER_HIT": 0.3360878234,
        "USERS_IN_GT": 0.9784765428,
        "DIVERSITY_GINI": 0.0375338154,
        "SHANNON_ENTROPY": 9.136085055,
        "RATIO_DIVERSITY_HERFINDAHL": 0.9940245024,
        "RATIO_DIVERSITY_GINI": 0.0738042603,
        "RATIO_SHANNON_ENTROPY": 0.6769978784,
        "RATIO_AVERAGE_POPULARITY": 3.9084769762,
        "RATIO_NOVELTY": 0.2505064226
    }
]