{
    "topK": 1099,
    "shrink": 730.8265580281308
}[
    {
        "PRECISION": 0.0385744441,
        "PRECISION_RECALL_MIN_DEN": 0.0658636655,
        "RECALL": 0.0619714585,
        "MAP": 0.0171497014,
        "MAP_MIN_DEN": 0.0289118911,
        "MRR": 0.1271545178,
        "NDCG": 0.0654111383,
        "F1": 0.0475507106,
        "HIT_RATE": 0.2847184723,
        "ARHR_ALL_HITS": 0.1471607046,
        "NOVELTY": 0.0040377336,
        "AVERAGE_POPULARITY": 0.2614637157,
        "DIVERSITY_MEAN_INTER_LIST": 0.887616315,
        "DIVERSITY_HERFINDAHL": 0.9887594529,
        "COVERAGE_ITEM": 0.1718284572,
        "COVERAGE_ITEM_HIT": 0.0278695883,
        "ITEMS_IN_GT": 0.9932264251,
        "COVERAGE_USER": 0.9786927382,
        "COVERAGE_USER_HIT": 0.2786519013,
        "USERS_IN_GT": 0.9786927382,
        "DIVERSITY_GINI": 0.0092337074,
        "SHANNON_ENTROPY": 7.7587173479,
        "RATIO_DIVERSITY_HERFINDAHL": 0.9890875815,
        "RATIO_DIVERSITY_GINI": 0.018349163,
        "RATIO_SHANNON_ENTROPY": 0.5752424155,
        "RATIO_AVERAGE_POPULARITY": 5.152387996,
        "RATIO_NOVELTY": 0.3198882442
    }
]