{
    "topK": 790,
    "shrink": 202.0666599421366
}[
    {
        "PRECISION": 0.0461920083,
        "PRECISION_RECALL_MIN_DEN": 0.077065028,
        "RECALL": 0.0719519803,
        "MAP": 0.022511814,
        "MAP_MIN_DEN": 0.0370170889,
        "MRR": 0.1565715307,
        "NDCG": 0.0822650879,
        "F1": 0.0562636577,
        "HIT_RATE": 0.3179016136,
        "ARHR_ALL_HITS": 0.1866263887,
        "NOVELTY": 0.0041651412,
        "AVERAGE_POPULARITY": 0.2284856801,
        "DIVERSITY_MEAN_INTER_LIST": 0.9194052045,
        "DIVERSITY_HERFINDAHL": 0.9919382624,
        "COVERAGE_ITEM": 0.2427469703,
        "COVERAGE_ITEM_HIT": 0.0383971926,
        "ITEMS_IN_GT": 0.9934304484,
        "COVERAGE_USER": 0.9780921953,
        "COVERAGE_USER_HIT": 0.3109370871,
        "USERS_IN_GT": 0.9780921953,
        "DIVERSITY_GINI": 0.0148359535,
        "SHANNON_ENTROPY": 8.366900326,
        "RATIO_DIVERSITY_HERFINDAHL": 0.9922654174,
        "RATIO_DIVERSITY_GINI": 0.0291921012,
        "RATIO_SHANNON_ENTROPY": 0.6200834932,
        "RATIO_AVERAGE_POPULARITY": 4.493149423,
        "RATIO_NOVELTY": 0.238315706
    }
]