{
    "alpha": 0.26787679343978904,
    "beta": 0.4557292556511457
}[
    {
        "PRECISION": 0.0560571752,
        "PRECISION_RECALL_MIN_DEN": 0.1024112974,
        "RECALL": 0.1012956746,
        "MAP": 0.0276254723,
        "MAP_MIN_DEN": 0.0497261007,
        "MRR": 0.1963915247,
        "NDCG": 0.1118452835,
        "F1": 0.0721734546,
        "HIT_RATE": 0.3958864044,
        "ARHR_ALL_HITS": 0.232121142,
        "NOVELTY": 0.0042876737,
        "AVERAGE_POPULARITY": 0.1954006343,
        "DIVERSITY_MEAN_INTER_LIST": 0.9421715667,
        "DIVERSITY_HERFINDAHL": 0.994212712,
        "COVERAGE_ITEM": 0.1222915902,
        "COVERAGE_ITEM_HIT": 0.0463541029,
        "ITEMS_IN_GT": 0.9928591831,
        "COVERAGE_USER": 0.9873311598,
        "COVERAGE_USER_HIT": 0.3908709828,
        "USERS_IN_GT": 0.9873311598,
        "DIVERSITY_GINI": 0.0164687631,
        "SHANNON_ENTROPY": 8.7592974476,
        "RATIO_DIVERSITY_HERFINDAHL": 0.994541452,
        "RATIO_DIVERSITY_GINI": 0.0323904231,
        "RATIO_SHANNON_ENTROPY": 0.6491506418,
        "RATIO_AVERAGE_POPULARITY": 3.8635227844,
        "RATIO_NOVELTY": 0.2453213276
    }
]