{
    "alpha": 0.2078925615043259,
    "beta": 0.6504808746874499
}[
    {
        "PRECISION": 0.0536318066,
        "PRECISION_RECALL_MIN_DEN": 0.0892348337,
        "RECALL": 0.0834945048,
        "MAP": 0.0265070706,
        "MAP_MIN_DEN": 0.0431585233,
        "MRR": 0.1774712756,
        "NDCG": 0.0945274454,
        "F1": 0.0653114794,
        "HIT_RATE": 0.3552191862,
        "ARHR_ALL_HITS": 0.2153990701,
        "NOVELTY": 0.0043508535,
        "AVERAGE_POPULARITY": 0.190405341,
        "DIVERSITY_MEAN_INTER_LIST": 0.9455318408,
        "DIVERSITY_HERFINDAHL": 0.9945508607,
        "COVERAGE_ITEM": 0.2942424613,
        "COVERAGE_ITEM_HIT": 0.0594115967,
        "ITEMS_IN_GT": 0.9929815971,
        "COVERAGE_USER": 0.9775877393,
        "COVERAGE_USER_HIT": 0.3472579212,
        "USERS_IN_GT": 0.9775877393,
        "DIVERSITY_GINI": 0.0257261393,
        "SHANNON_ENTROPY": 9.1258329517,
        "RATIO_DIVERSITY_HERFINDAHL": 0.9948795341,
        "RATIO_DIVERSITY_GINI": 0.0506071731,
        "RATIO_SHANNON_ENTROPY": 0.6763279445,
        "RATIO_AVERAGE_POPULARITY": 3.7614916347,
        "RATIO_NOVELTY": 0.2489411215
    }
]