{
    "alpha": 0.6542525769384203,
    "beta": 0.4605469276532925,
    "topK": 131
}[
    {
        "PRECISION": 0.0533286286,
        "PRECISION_RECALL_MIN_DEN": 0.098424535,
        "RECALL": 0.0973976872,
        "MAP": 0.0261198,
        "MAP_MIN_DEN": 0.0476957445,
        "MRR": 0.1905023841,
        "NDCG": 0.1073958832,
        "F1": 0.0689207463,
        "HIT_RATE": 0.3847565279,
        "ARHR_ALL_HITS": 0.2224624458,
        "NOVELTY": 0.0043239924,
        "AVERAGE_POPULARITY": 0.1949868845,
        "DIVERSITY_MEAN_INTER_LIST": 0.9396375255,
        "DIVERSITY_HERFINDAHL": 0.9939593318,
        "COVERAGE_ITEM": 0.2529481373,
        "COVERAGE_ITEM_HIT": 0.0459460562,
        "ITEMS_IN_GT": 0.9932672298,
        "COVERAGE_USER": 0.9866771887,
        "COVERAGE_USER_HIT": 0.3796304893,
        "USERS_IN_GT": 0.9866771887,
        "DIVERSITY_GINI": 0.0216430155,
        "SHANNON_ENTROPY": 8.8364937465,
        "RATIO_DIVERSITY_HERFINDAHL": 0.9942872391,
        "RATIO_DIVERSITY_GINI": 0.0425533592,
        "RATIO_SHANNON_ENTROPY": 0.6548422421,
        "RATIO_AVERAGE_POPULARITY": 3.8310346916,
        "RATIO_NOVELTY": 0.2473882099
    }
]