{
    "alpha": 0.6589242531275835,
    "beta": 0.33600386450849645,
    "topK": 81
}[
    {
        "PRECISION": 0.0544580584,
        "PRECISION_RECALL_MIN_DEN": 0.0985079028,
        "RECALL": 0.0973386861,
        "MAP": 0.0265116261,
        "MAP_MIN_DEN": 0.0474293458,
        "MRR": 0.1915558286,
        "NDCG": 0.1067462655,
        "F1": 0.0698417594,
        "HIT_RATE": 0.3888784166,
        "ARHR_ALL_HITS": 0.2244852864,
        "NOVELTY": 0.0043681859,
        "AVERAGE_POPULARITY": 0.1856457207,
        "DIVERSITY_MEAN_INTER_LIST": 0.9466864105,
        "DIVERSITY_HERFINDAHL": 0.9946641798,
        "COVERAGE_ITEM": 0.2705349492,
        "COVERAGE_ITEM_HIT": 0.0493328437,
        "ITEMS_IN_GT": 0.9933488391,
        "COVERAGE_USER": 0.9856014863,
        "COVERAGE_USER_HIT": 0.3832791454,
        "USERS_IN_GT": 0.9856014863,
        "DIVERSITY_GINI": 0.0244064436,
        "SHANNON_ENTROPY": 9.0199969573,
        "RATIO_DIVERSITY_HERFINDAHL": 0.9949917928,
        "RATIO_DIVERSITY_GINI": 0.0479963565,
        "RATIO_SHANNON_ENTROPY": 0.66843708,
        "RATIO_AVERAGE_POPULARITY": 3.6426202858,
        "RATIO_NOVELTY": 0.2499151695
    }
]