{
    "topK": 388,
    "alpha": 0.040569853739810924,
    "l1_ratio": 0.06497498147983727
}[
    {
        "PRECISION": 0.0560670444,
        "PRECISION_RECALL_MIN_DEN": 0.1019914527,
        "RECALL": 0.1007982457,
        "MAP": 0.027274381,
        "MAP_MIN_DEN": 0.0487507028,
        "MRR": 0.1962969333,
        "NDCG": 0.1096037353,
        "F1": 0.0720549423,
        "HIT_RATE": 0.3982058546,
        "ARHR_ALL_HITS": 0.2306574973,
        "NOVELTY": 0.0042808772,
        "AVERAGE_POPULARITY": 0.2001498978,
        "DIVERSITY_MEAN_INTER_LIST": 0.9404137943,
        "DIVERSITY_HERFINDAHL": 0.9940369393,
        "COVERAGE_ITEM": 0.1056024809,
        "COVERAGE_ITEM_HIT": 0.0458236422,
        "ITEMS_IN_GT": 0.9919206757,
        "COVERAGE_USER": 0.9863549574,
        "COVERAGE_USER_HIT": 0.3927723187,
        "USERS_IN_GT": 0.9863549574,
        "DIVERSITY_GINI": 0.0168990685,
        "SHANNON_ENTROPY": 8.7959960615,
        "RATIO_DIVERSITY_HERFINDAHL": 0.9943652628,
        "RATIO_DIVERSITY_GINI": 0.0332056394,
        "RATIO_SHANNON_ENTROPY": 0.6518078887,
        "RATIO_AVERAGE_POPULARITY": 3.9645351149,
        "RATIO_NOVELTY": 0.244908988
    }
]