{
    "RP3betaG1": [
        0.020063269375914735
    ],
    "newRP3betaG1": [
        0.019852304316917025
    ],
    "P3alpha+RP3beta": [
        0.020537384442550276
    ],
    "ItemKNNCF+RP3beta": [
        0.020011761191260042
    ],
    "ItemKNNCFG1": [
        0.018959296513505964
    ],
    "SlimElasticNetG1": [
        0.020880313644658376
    ],
    "SLIM Elastic Net": [
        0.02088802875409108
    ],
    "CombinedItemKNNCFG2": [
        0.01919540818858706
    ],
    "RP3betaG2": [
        0.02041663524548234
    ],
    "RP3beta_ItemKNNCF_Hybrid": [
        0.02051878793503911
    ]
}