{
    "topK": 4108,
    "shrink": 1106,
    "similarity": "cosine",
    "normalization": "bm25"
}[
    {
        "PRECISION": 0.0254983636,
        "PRECISION_RECALL_MIN_DEN": 0.0631926046,
        "RECALL": 0.0631463336,
        "MAP": 0.0124650008,
        "MAP_MIN_DEN": 0.0308281567,
        "MRR": 0.1057624888,
        "NDCG": 0.0664250831,
        "F1": 0.0363276817,
        "HIT_RATE": 0.2143211346,
        "ARHR_ALL_HITS": 0.114754561,
        "NOVELTY": 0.0038756168,
        "AVERAGE_POPULARITY": 0.3513271636,
        "DIVERSITY_MEAN_INTER_LIST": 0.7344717972,
        "DIVERSITY_HERFINDAHL": 0.9734398955,
        "COVERAGE_ITEM": 0.0773656506,
        "COVERAGE_ITEM_HIT": 0.020524748,
        "ITEMS_IN_GT": 0.9934304484,
        "COVERAGE_USER": 0.9688671087,
        "COVERAGE_USER_HIT": 0.207648698,
        "USERS_IN_GT": 0.9688671087,
        "DIVERSITY_GINI": 0.0067664499,
        "SHANNON_ENTROPY": 6.8398987794,
        "RATIO_DIVERSITY_HERFINDAHL": 0.9737619844,
        "RATIO_DIVERSITY_GINI": 0.0133103738,
        "RATIO_SHANNON_ENTROPY": 0.5069381599,
        "RATIO_AVERAGE_POPULARITY": 6.922287648,
        "RATIO_NOVELTY": 0.2217601472
    }
]