{
    "topK": 4057,
    "shrink": 500.9935312891215,
    "similarity": "rp3beta",
    "normalization": "tfidf"
}[
    {
        "PRECISION": 0.0204389575,
        "PRECISION_RECALL_MIN_DEN": 0.0526640103,
        "RECALL": 0.052656439,
        "MAP": 0.0090781255,
        "MAP_MIN_DEN": 0.0237673338,
        "MRR": 0.0792170183,
        "NDCG": 0.0513845162,
        "F1": 0.0294476197,
        "HIT_RATE": 0.1790123457,
        "ARHR_ALL_HITS": 0.0848029793,
        "NOVELTY": 0.0035758459,
        "AVERAGE_POPULARITY": 0.4439247341,
        "DIVERSITY_MEAN_INTER_LIST": 0.505613322,
        "DIVERSITY_HERFINDAHL": 0.9505563781,
        "COVERAGE_ITEM": 0.0198718733,
        "COVERAGE_ITEM_HIT": 0.008854613,
        "ITEMS_IN_GT": 0.9922471131,
        "COVERAGE_USER": 0.9806860767,
        "COVERAGE_USER_HIT": 0.175554915,
        "USERS_IN_GT": 0.9806860767,
        "DIVERSITY_GINI": 0.0013741697,
        "SHANNON_ENTROPY": 5.156034159,
        "RATIO_DIVERSITY_HERFINDAHL": 0.9508704528,
        "RATIO_DIVERSITY_GINI": 0.0027015797,
        "RATIO_SHANNON_ENTROPY": 0.3820842136,
        "RATIO_AVERAGE_POPULARITY": 8.7968864885,
        "RATIO_NOVELTY": 0.2045782551
    }
]