{
    "RP3betaG1": [
        0.0120332420359319
    ],
    "P3alpha+RP3beta": [
        0.012084173719701325
    ],
    "ItemKNNCF+RP3beta": [
        0.012264711225387985
    ],
    "P3alpha": [
        0.011049819190775717
    ],
    "ItemKNNCFG1": [
        0.011632123487498473
    ]
}