{
    "RP3betaG1": [
        0.011764435692483307
    ],
    "newRP3betaG1": [
        0.011668924486404105
    ],
    "P3alpha+RP3beta": [
        0.011717999090664934
    ],
    "ItemKNNCF+RP3beta": [
        0.011997960979288463
    ],
    "ItemKNNCFG1": [
        0.011330860593984922
    ],
    "SlimElasticNetG1": [
        0.011498183657729942
    ]
}