{
    "RP3betaG1": [
        0.012189744439156418
    ],
    "SLIM Elastic Net": [
        0.01213140262963883
    ],
    "SlimElasticNetG1": [
        0.012186326748348962
    ],
    "P3alpha+RP3beta": [
        0.012299219413416817
    ],
    "ItemKNNCF+RP3beta": [
        0.01231002849242109
    ],
    "ItemKNNCFG1": [
        0.011618437955886393
    ]
}