{
    "RP3betaG1": [
        0.01185055518953065
    ],
    "SLIM Elastic Net": [
        0.012122554448135729
    ],
    "SlimElasticNetG1": [
        0.012234982469748322
    ],
    "P3alpha+RP3beta": [
        0.011911654073855922
    ],

    "ItemKNNCFG0": [
        0.009121450922304578
    ],
    "ItemKNNCFG1": [
        0.009140094823786271
    ]
}