{
    "ItemKNNCFG1": [
        0.011254849221941473
    ],
    "aItemKNNCFG1": [
        0.011270004989553033
    ],
    "bItemKNNCFG1": [
        0.01123777169675982
    ]
}