{
    "RP3betaG1": [
        0.011856690585761243
    ],
    "CombinedRP3betaG1": [
        0.01160558671720904
    ]
}