{
    "RP3betaG1": [
        0.012226623603243034
    ],
    "CombinedRP3betaG1": [
        0.012048488417746282
    ]
}