{
    "SLIM Elastic Net": [
        0.012212445590240699
    ],
    "SlimElasticNetG1": [
        0.012276055969661168
    ],
    "newSlimElasticNetG1": [
        0.01203244970016242
    ]
}