{
    "RP3betaG1": [
        0.011831277594076598
    ],
    "newRP3betaG1": [
        0.011858895022635596
    ],
    "SLIM Elastic Net": [
        0.011909728060179094
    ],
    "SlimElasticNetG1": [
        0.011863740526941653
    ],
    "P3alpha+RP3beta": [
        0.011917223996961024
    ],
    "ItemKNNCFG0": [
        0.009298149134114163
    ],
    "ItemKNNCFG1": [
        0.009349270177536107
    ],
    "newItemKNNCFG1": [
        0.011569402411153978
    ]
}