{
    "RP3betaG1": [
        0.012004094359623702
    ],
    "newRP3betaG1": [
        0.01185998857676756
    ]
}