{
    "alpha": 0.07806573588790788,
    "beta": 0.8465619360796353
}[
    {
        "PRECISION": 0.025029656,
        "PRECISION_RECALL_MIN_DEN": 0.0626879782,
        "RECALL": 0.0626412442,
        "MAP": 0.011454493,
        "MAP_MIN_DEN": 0.0289095947,
        "MRR": 0.0985104926,
        "NDCG": 0.063962744,
        "F1": 0.0357675988,
        "HIT_RATE": 0.2129300119,
        "ARHR_ALL_HITS": 0.1061411045,
        "NOVELTY": 0.003929817,
        "AVERAGE_POPULARITY": 0.3138533572,
        "DIVERSITY_MEAN_INTER_LIST": 0.8025109931,
        "DIVERSITY_HERFINDAHL": 0.9802431662,
        "COVERAGE_ITEM": 0.0936467132,
        "COVERAGE_ITEM_HIT": 0.01844371,
        "ITEMS_IN_GT": 0.9925327457,
        "COVERAGE_USER": 0.9720380513,
        "COVERAGE_USER_HIT": 0.2069760738,
        "USERS_IN_GT": 0.9720380513,
        "DIVERSITY_GINI": 0.0073998214,
        "SHANNON_ENTROPY": 7.1558640813,
        "RATIO_DIVERSITY_HERFINDAHL": 0.9805681599,
        "RATIO_DIVERSITY_GINI": 0.0145610446,
        "RATIO_SHANNON_ENTROPY": 0.5303640619,
        "RATIO_AVERAGE_POPULARITY": 6.1951284785,
        "RATIO_NOVELTY": 0.2248649168
    }
]