{
    "alpha": 0.4770536011269113,
    "beta": 0.36946801560978637,
    "topK": 190
}[
    {
        "PRECISION": 0.0251104782,
        "PRECISION_RECALL_MIN_DEN": 0.0649921516,
        "RECALL": 0.0649869438,
        "MAP": 0.012197878,
        "MAP_MIN_DEN": 0.0311748189,
        "MRR": 0.1041675435,
        "NDCG": 0.0687226266,
        "F1": 0.0362241938,
        "HIT_RATE": 0.2125110478,
        "ARHR_ALL_HITS": 0.1127828984,
        "NOVELTY": 0.0043186925,
        "AVERAGE_POPULARITY": 0.2194475867,
        "DIVERSITY_MEAN_INTER_LIST": 0.917423478,
        "DIVERSITY_HERFINDAHL": 0.9917333384,
        "COVERAGE_ITEM": 0.2593136655,
        "COVERAGE_ITEM_HIT": 0.0236667075,
        "ITEMS_IN_GT": 0.9940425185,
        "COVERAGE_USER": 0.9784760258,
        "COVERAGE_USER_HIT": 0.2079369655,
        "USERS_IN_GT": 0.9784760258,
        "DIVERSITY_GINI": 0.030108752,
        "SHANNON_ENTROPY": 8.8600490445,
        "RATIO_DIVERSITY_HERFINDAHL": 0.9920603859,
        "RATIO_DIVERSITY_GINI": 0.0592290235,
        "RATIO_SHANNON_ENTROPY": 0.656583902,
        "RATIO_AVERAGE_POPULARITY": 4.317535843,
        "RATIO_NOVELTY": 0.2470835049
    }
]