{
    "alpha": 0.5715315472066637,
    "beta": 0.3918931238022657,
    "topK": 681
}[
    {
        "PRECISION": 0.0259526873,
        "PRECISION_RECALL_MIN_DEN": 0.0642080617,
        "RECALL": 0.0641676274,
        "MAP": 0.0122828988,
        "MAP_MIN_DEN": 0.0297730233,
        "MRR": 0.102426397,
        "NDCG": 0.0659685182,
        "F1": 0.0369577575,
        "HIT_RATE": 0.2148866673,
        "ARHR_ALL_HITS": 0.1121164702,
        "NOVELTY": 0.0041311983,
        "AVERAGE_POPULARITY": 0.2839307534,
        "DIVERSITY_MEAN_INTER_LIST": 0.8367904564,
        "DIVERSITY_HERFINDAHL": 0.983670763,
        "COVERAGE_ITEM": 0.2525808953,
        "COVERAGE_ITEM_HIT": 0.02027992,
        "ITEMS_IN_GT": 0.9929815971,
        "COVERAGE_USER": 0.9707888921,
        "COVERAGE_USER_HIT": 0.2086095897,
        "USERS_IN_GT": 0.9707888921,
        "DIVERSITY_GINI": 0.0242952785,
        "SHANNON_ENTROPY": 8.0145489073,
        "RATIO_DIVERSITY_HERFINDAHL": 0.9839951921,
        "RATIO_DIVERSITY_GINI": 0.04778832,
        "RATIO_SHANNON_ENTROPY": 0.5939231485,
        "RATIO_AVERAGE_POPULARITY": 5.5982585562,
        "RATIO_NOVELTY": 0.23635488
    }
]