{
    "alpha": 0.612531391112378,
    "beta": 0.30067354757914466,
    "topK": 188
}[
    {
        "PRECISION": 0.0256859832,
        "PRECISION_RECALL_MIN_DEN": 0.0636979646,
        "RECALL": 0.0636564921,
        "MAP": 0.0123674025,
        "MAP_MIN_DEN": 0.0305812333,
        "MRR": 0.1031516467,
        "NDCG": 0.0670803336,
        "F1": 0.0366025136,
        "HIT_RATE": 0.2142644874,
        "ARHR_ALL_HITS": 0.1127464877,
        "NOVELTY": 0.0042469113,
        "AVERAGE_POPULARITY": 0.2333775947,
        "DIVERSITY_MEAN_INTER_LIST": 0.9024224317,
        "DIVERSITY_HERFINDAHL": 0.9902333039,
        "COVERAGE_ITEM": 0.2362998327,
        "COVERAGE_ITEM_HIT": 0.0224017628,
        "ITEMS_IN_GT": 0.9927775738,
        "COVERAGE_USER": 0.9700201787,
        "COVERAGE_USER_HIT": 0.2078408763,
        "USERS_IN_GT": 0.9700201787,
        "DIVERSITY_GINI": 0.0251271999,
        "SHANNON_ENTROPY": 8.5654795242,
        "RATIO_DIVERSITY_HERFINDAHL": 0.990560545,
        "RATIO_DIVERSITY_GINI": 0.0493839525,
        "RATIO_SHANNON_ENTROPY": 0.6347294161,
        "RATIO_AVERAGE_POPULARITY": 4.6295647502,
        "RATIO_NOVELTY": 0.2429671159
    }
]