{
    "alpha": 0.6190367265325001,
    "beta": 0.4018626515197256,
    "topK": 206
}[
    {
        "PRECISION": 0.0262740432,
        "PRECISION_RECALL_MIN_DEN": 0.0635971518,
        "RECALL": 0.0635411661,
        "MAP": 0.0128179364,
        "MAP_MIN_DEN": 0.0305817013,
        "MRR": 0.1056058374,
        "NDCG": 0.0661407238,
        "F1": 0.0371759607,
        "HIT_RATE": 0.2154471545,
        "ARHR_ALL_HITS": 0.1162051201,
        "NOVELTY": 0.0043131554,
        "AVERAGE_POPULARITY": 0.2232846284,
        "DIVERSITY_MEAN_INTER_LIST": 0.9106018337,
        "DIVERSITY_HERFINDAHL": 0.991051155,
        "COVERAGE_ITEM": 0.2824091076,
        "COVERAGE_ITEM_HIT": 0.0233402701,
        "ITEMS_IN_GT": 0.9926959644,
        "COVERAGE_USER": 0.9691553762,
        "COVERAGE_USER_HIT": 0.208801768,
        "USERS_IN_GT": 0.9691553762,
        "DIVERSITY_GINI": 0.0326323186,
        "SHANNON_ENTROPY": 8.8196884241,
        "RATIO_DIVERSITY_HERFINDAHL": 0.9913793218,
        "RATIO_DIVERSITY_GINI": 0.0641775982,
        "RATIO_SHANNON_ENTROPY": 0.6536504087,
        "RATIO_AVERAGE_POPULARITY": 4.4305794204,
        "RATIO_NOVELTY": 0.2467884134
    }
]