{
    "alpha": 0.12339776851765241,
    "beta": 0.8903099556732366
}[
    {
        "PRECISION": 0.0276122368,
        "PRECISION_RECALL_MIN_DEN": 0.0682125042,
        "RECALL": 0.0681754915,
        "MAP": 0.0132637076,
        "MAP_MIN_DEN": 0.0324547725,
        "MRR": 0.1106517743,
        "NDCG": 0.0715977285,
        "F1": 0.039305198,
        "HIT_RATE": 0.2290425109,
        "ARHR_ALL_HITS": 0.1210804624,
        "NOVELTY": 0.0041682736,
        "AVERAGE_POPULARITY": 0.2520755406,
        "DIVERSITY_MEAN_INTER_LIST": 0.8872377301,
        "DIVERSITY_HERFINDAHL": 0.9887149606,
        "COVERAGE_ITEM": 0.1621577508,
        "COVERAGE_ITEM_HIT": 0.0230138328,
        "ITEMS_IN_GT": 0.9940017138,
        "COVERAGE_USER": 0.9674257711,
        "COVERAGE_USER_HIT": 0.2215816278,
        "USERS_IN_GT": 0.9674257711,
        "DIVERSITY_GINI": 0.0173530471,
        "SHANNON_ENTROPY": 8.3236099642,
        "RATIO_DIVERSITY_HERFINDAHL": 0.9890406295,
        "RATIO_DIVERSITY_GINI": 0.034101184,
        "RATIO_SHANNON_ENTROPY": 0.6167400142,
        "RATIO_AVERAGE_POPULARITY": 4.9934083284,
        "RATIO_NOVELTY": 0.2384426794
    }
]