{
    "topK": 495,
    "alpha": 0.009671095975656935,
    "l1_ratio": 0.19560103734687712
}[
    {
        "PRECISION": 0.0260507534,
        "PRECISION_RECALL_MIN_DEN": 0.0640198397,
        "RECALL": 0.0639471444,
        "MAP": 0.0130158927,
        "MAP_MIN_DEN": 0.0316769378,
        "MRR": 0.1071270439,
        "NDCG": 0.0683418492,
        "F1": 0.0370202267,
        "HIT_RATE": 0.2145122918,
        "ARHR_ALL_HITS": 0.1178077757,
        "NOVELTY": 0.0044647415,
        "AVERAGE_POPULARITY": 0.1751150969,
        "DIVERSITY_MEAN_INTER_LIST": 0.9560224363,
        "DIVERSITY_HERFINDAHL": 0.9955927668,
        "COVERAGE_ITEM": 0.146039907,
        "COVERAGE_ITEM_HIT": 0.0285632676,
        "ITEMS_IN_GT": 0.9933896438,
        "COVERAGE_USER": 0.9693475545,
        "COVERAGE_USER_HIT": 0.2079369655,
        "USERS_IN_GT": 0.9693475545,
        "DIVERSITY_GINI": 0.0312952247,
        "SHANNON_ENTROPY": 9.5314798708,
        "RATIO_DIVERSITY_HERFINDAHL": 0.9959217116,
        "RATIO_DIVERSITY_GINI": 0.061532449,
        "RATIO_SHANNON_ENTROPY": 0.7063584622,
        "RATIO_AVERAGE_POPULARITY": 3.4444092087,
        "RATIO_NOVELTY": 0.2554456449
    }
]