{
    "topK": 216,
    "alpha": 0.09376418450176816,
    "l1_ratio": 0.03954091993785014
}[
    {
        "PRECISION": 0.0242352941,
        "PRECISION_RECALL_MIN_DEN": 0.0641176082,
        "RECALL": 0.064103645,
        "MAP": 0.0116131069,
        "MAP_MIN_DEN": 0.0303784815,
        "MRR": 0.1000426393,
        "NDCG": 0.0657561059,
        "F1": 0.0351729533,
        "HIT_RATE": 0.2081372549,
        "ARHR_ALL_HITS": 0.1078018596,
        "NOVELTY": 0.0042653274,
        "AVERAGE_POPULARITY": 0.2056953518,
        "DIVERSITY_MEAN_INTER_LIST": 0.9366939761,
        "DIVERSITY_HERFINDAHL": 0.9936602143,
        "COVERAGE_ITEM": 0.0949932672,
        "COVERAGE_ITEM_HIT": 0.0235442935,
        "ITEMS_IN_GT": 0.9941241278,
        "COVERAGE_USER": 0.9801095417,
        "COVERAGE_USER_HIT": 0.2039973095,
        "USERS_IN_GT": 0.9801095417,
        "DIVERSITY_GINI": 0.0169367849,
        "SHANNON_ENTROPY": 8.7697891234,
        "RATIO_DIVERSITY_HERFINDAHL": 0.9939882189,
        "RATIO_DIVERSITY_GINI": 0.0332968812,
        "RATIO_SHANNON_ENTROPY": 0.6498713773,
        "RATIO_AVERAGE_POPULARITY": 4.0656543324,
        "RATIO_NOVELTY": 0.2440214469
    }
]