{
    "topK": 101,
    "alpha": 0.7174940790708533,
    "l1_ratio": 0.013622050676921682
}[
    {
        "PRECISION": 0.0221656051,
        "PRECISION_RECALL_MIN_DEN": 0.0592691102,
        "RECALL": 0.0592682194,
        "MAP": 0.0103237053,
        "MAP_MIN_DEN": 0.0276010097,
        "MRR": 0.0892155262,
        "NDCG": 0.0581786868,
        "F1": 0.032264626,
        "HIT_RATE": 0.1920627144,
        "ARHR_ALL_HITS": 0.0958846037,
        "NOVELTY": 0.0040755354,
        "AVERAGE_POPULARITY": 0.2481824451,
        "DIVERSITY_MEAN_INTER_LIST": 0.9021027521,
        "DIVERSITY_HERFINDAHL": 0.9902014354,
        "COVERAGE_ITEM": 0.0530868731,
        "COVERAGE_ITEM_HIT": 0.0157506019,
        "ITEMS_IN_GT": 0.9930224018,
        "COVERAGE_USER": 0.9805899875,
        "COVERAGE_USER_HIT": 0.1883347747,
        "USERS_IN_GT": 0.9805899875,
        "DIVERSITY_GINI": 0.0084253687,
        "SHANNON_ENTROPY": 7.8656390559,
        "RATIO_DIVERSITY_HERFINDAHL": 0.9905291994,
        "RATIO_DIVERSITY_GINI": 0.0165681574,
        "RATIO_SHANNON_ENTROPY": 0.5829431094,
        "RATIO_AVERAGE_POPULARITY": 4.8790307162,
        "RATIO_NOVELTY": 0.2331922931
    }
]