{
    "IALS": [
        0.03876503496396829
    ],
    "CombinedItemKNNCFG2": [
        0.05288857457174341
    ],
    "RP3betaG2": [
        0.05769120705413106
    ]
}