{
    "SLIM Elastic Net": [
        0.06189160559606578
    ],
    "CombinedItemKNNCFG3": [
        0.05279019406795073
    ],
    "RP3betaG3": [
        0.05797709451943818
    ],
    "RP3beta_ItemKNNCF_Hybrid": [
        0.05819977524798267
    ]
}