{
    "SLIM Elastic Net": [
        0.06162352849636573
    ],
    "CombinedItemKNNCFG3": [
        0.0535459003862986
    ],
    "RP3betaG3": [
        0.058051825305285416
    ],
    "RP3beta_ItemKNNCF_Hybrid": [
        0.05814814433398611
    ]
}