{
    "SLIM Elastic Net": [
        0.062337100160836184
    ],
    "CombinedItemKNNCFG3": [
        0.0526197915236085
    ],
    "RP3betaG3": [
        0.057681703457515845
    ],
    "RP3beta_ItemKNNCF_Hybrid": [
        0.057779105361301174
    ]
}