{
    "IALS": [
        0.03860769743627349
    ],
    "CombinedItemKNNCFG2": [
        0.053562068618297425
    ],
    "RP3betaG2": [
        0.057486726716830576
    ]
}