{
    "CombinedItemKNNCFG2": [
        0.05255403385124695
    ],
    "RP3betaG2": [
        0.05685802384384797
    ],
    "RP3beta_ItemKNNCF_Hybrid": [
        0.05730533626232829
    ]
}