{
    "topK": 408,
    "shrink": 57.6924228938274,
    "similarity": "dice",
    "normalization": "bm25"
}[
    {
        "PRECISION": 0.1042792576,
        "PRECISION_RECALL_MIN_DEN": 0.128019254,
        "RECALL": 0.1086792806,
        "MAP": 0.0512078962,
        "MAP_MIN_DEN": 0.0624194528,
        "MRR": 0.3083924049,
        "NDCG": 0.12987981,
        "F1": 0.1064338138,
        "HIT_RATE": 0.6144821617,
        "ARHR_ALL_HITS": 0.3952035223,
        "NOVELTY": 0.0042584897,
        "AVERAGE_POPULARITY": 0.2091882257,
        "DIVERSITY_MEAN_INTER_LIST": 0.9131272036,
        "DIVERSITY_HERFINDAHL": 0.9913039394,
        "COVERAGE_ITEM": 0.0720202391,
        "COVERAGE_ITEM_HIT": 0.03994777,
        "ITEMS_IN_GT": 0.9931448158,
        "COVERAGE_USER": 0.9992312866,
        "COVERAGE_USER_HIT": 0.6140098011,
        "USERS_IN_GT": 0.9992312866,
        "DIVERSITY_GINI": 0.0101912483,
        "SHANNON_ENTROPY": 8.0590703462,
        "RATIO_DIVERSITY_HERFINDAHL": 0.9916324056,
        "RATIO_DIVERSITY_GINI": 0.0200525658,
        "RATIO_SHANNON_ENTROPY": 0.5973050064,
        "RATIO_AVERAGE_POPULARITY": 4.1382158254,
        "RATIO_NOVELTY": 0.2436711848
    }
]