{
    "alpha": 0.5352823016396772,
    "beta": 0.3935480420321214,
    "topK": 100
}[
    {
        "PRECISION": 0.1122847523,
        "PRECISION_RECALL_MIN_DEN": 0.1364375043,
        "RECALL": 0.1145223087,
        "MAP": 0.0557556823,
        "MAP_MIN_DEN": 0.0666600658,
        "MRR": 0.3218895684,
        "NDCG": 0.1415297905,
        "F1": 0.1133924932,
        "HIT_RATE": 0.6378066378,
        "ARHR_ALL_HITS": 0.42067676,
        "NOVELTY": 0.0043398841,
        "AVERAGE_POPULARITY": 0.1752471651,
        "DIVERSITY_MEAN_INTER_LIST": 0.9492747999,
        "DIVERSITY_HERFINDAHL": 0.994918348,
        "COVERAGE_ITEM": 0.086913943,
        "COVERAGE_ITEM_HIT": 0.049292039,
        "ITEMS_IN_GT": 0.9931040111,
        "COVERAGE_USER": 0.99884693,
        "COVERAGE_USER_HIT": 0.6370712021,
        "USERS_IN_GT": 0.99884693,
        "DIVERSITY_GINI": 0.01501834,
        "SHANNON_ENTROPY": 8.7174343264,
        "RATIO_DIVERSITY_HERFINDAHL": 0.9952464928,
        "RATIO_DIVERSITY_GINI": 0.0295052831,
        "RATIO_SHANNON_ENTROPY": 0.6459526491,
        "RATIO_AVERAGE_POPULARITY": 3.4727098231,
        "RATIO_NOVELTY": 0.2482718609
    }
]