{
    "alpha": 0.5674554399991163,
    "beta": 0.38051048617892586,
    "topK": 100
}[
    {
        "PRECISION": 0.1119592386,
        "PRECISION_RECALL_MIN_DEN": 0.1367000165,
        "RECALL": 0.1151060542,
        "MAP": 0.0558120233,
        "MAP_MIN_DEN": 0.0671881134,
        "MRR": 0.3270047274,
        "NDCG": 0.1426717958,
        "F1": 0.1135108411,
        "HIT_RATE": 0.6404537589,
        "ARHR_ALL_HITS": 0.4250423835,
        "NOVELTY": 0.0043368315,
        "AVERAGE_POPULARITY": 0.1757475431,
        "DIVERSITY_MEAN_INTER_LIST": 0.9485617287,
        "DIVERSITY_HERFINDAHL": 0.9948470538,
        "COVERAGE_ITEM": 0.0849553189,
        "COVERAGE_ITEM_HIT": 0.0475374383,
        "ITEMS_IN_GT": 0.9936344718,
        "COVERAGE_USER": 0.9995195541,
        "COVERAGE_USER_HIT": 0.6401460555,
        "USERS_IN_GT": 0.9995195541,
        "DIVERSITY_GINI": 0.014842649,
        "SHANNON_ENTROPY": 8.7017443676,
        "RATIO_DIVERSITY_HERFINDAHL": 0.9951763198,
        "RATIO_DIVERSITY_GINI": 0.0292031191,
        "RATIO_SHANNON_ENTROPY": 0.6449191121,
        "RATIO_AVERAGE_POPULARITY": 3.4832945362,
        "RATIO_NOVELTY": 0.2481468931
    }
]