{
    "topK": 151,
    "alpha": 0.006631835071627831,
    "l1_ratio": 0.3860800651291567
}[
    {
        "PRECISION": 0.1196864782,
        "PRECISION_RECALL_MIN_DEN": 0.1463632353,
        "RECALL": 0.1235390873,
        "MAP": 0.0597457234,
        "MAP_MIN_DEN": 0.0719450939,
        "MRR": 0.33978478,
        "NDCG": 0.1518653999,
        "F1": 0.1215822707,
        "HIT_RATE": 0.6705135603,
        "ARHR_ALL_HITS": 0.4475075717,
        "NOVELTY": 0.0043710104,
        "AVERAGE_POPULARITY": 0.1637181757,
        "DIVERSITY_MEAN_INTER_LIST": 0.9592219821,
        "DIVERSITY_HERFINDAHL": 0.9959129732,
        "COVERAGE_ITEM": 0.087036357,
        "COVERAGE_ITEM_HIT": 0.0505977884,
        "ITEMS_IN_GT": 0.9937160811,
        "COVERAGE_USER": 0.9991351975,
        "COVERAGE_USER_HIT": 0.6699336985,
        "USERS_IN_GT": 0.9991351975,
        "DIVERSITY_GINI": 0.0176745597,
        "SHANNON_ENTROPY": 8.9877946525,
        "RATIO_DIVERSITY_HERFINDAHL": 0.9962422146,
        "RATIO_DIVERSITY_GINI": 0.0347608678,
        "RATIO_SHANNON_ENTROPY": 0.6660743465,
        "RATIO_AVERAGE_POPULARITY": 3.2463734363,
        "RATIO_NOVELTY": 0.2500856468
    }
]