{
    "topK": 218,
    "alpha": 0.8561168568686058
}[
    {
        "PRECISION": 0.0463606428,
        "PRECISION_RECALL_MIN_DEN": 0.0778376517,
        "RECALL": 0.0728613763,
        "MAP": 0.0216810423,
        "MAP_MIN_DEN": 0.0359082732,
        "MRR": 0.1519917429,
        "NDCG": 0.0794225458,
        "F1": 0.0566657111,
        "HIT_RATE": 0.3232663292,
        "ARHR_ALL_HITS": 0.1802171511,
        "NOVELTY": 0.0040325189,
        "AVERAGE_POPULARITY": 0.2720790172,
        "DIVERSITY_MEAN_INTER_LIST": 0.8598624026,
        "DIVERSITY_HERFINDAHL": 0.9859841273,
        "COVERAGE_ITEM": 0.2674337944,
        "COVERAGE_ITEM_HIT": 0.0370914433,
        "ITEMS_IN_GT": 0.9928591831,
        "COVERAGE_USER": 0.9775396959,
        "COVERAGE_USER_HIT": 0.3160056691,
        "USERS_IN_GT": 0.9775396959,
        "DIVERSITY_GINI": 0.0122555858,
        "SHANNON_ENTROPY": 7.6479308166,
        "RATIO_DIVERSITY_HERFINDAHL": 0.9863097947,
        "RATIO_DIVERSITY_GINI": 0.0240939411,
        "RATIO_SHANNON_ENTROPY": 0.5667566286,
        "RATIO_AVERAGE_POPULARITY": 5.3835507323,
        "RATIO_NOVELTY": 0.2307100058
    }
]