recommender,alpha,beta,topK,MAP
RP3betaRecommender,0.2832114208732082,0.16078270603940928,168,0.01784853989623898
RP3betaRecommender,0.45143565342354586,0.3005631415843857,286,0.01759253123174025
RP3betaRecommender,0.7120459129314705,0.25722643387895294,492,0.01657755160470034
RP3betaRecommender,0.21885981111142377,0.1077842692526791,452,0.015965961257189035
RP3betaRecommender,0.19819965807197493,0.7954831713191537,351,0.011500900009098034
RP3betaRecommender,0.7683178013820088,0.8799715157957391,462,0.009760289589446683
