{
    "topK": 513,
    "alpha": 0.7985491776063485
}[
    {
        "PRECISION": 0.0516706646,
        "PRECISION_RECALL_MIN_DEN": 0.0705441155,
        "RECALL": 0.0614636894,
        "MAP": 0.0238831967,
        "MAP_MIN_DEN": 0.0323815831,
        "MRR": 0.1606776521,
        "NDCG": 0.0745186038,
        "F1": 0.0561433299,
        "HIT_RATE": 0.3448426256,
        "ARHR_ALL_HITS": 0.1945723351,
        "NOVELTY": 0.0040371908,
        "AVERAGE_POPULARITY": 0.2899506926,
        "DIVERSITY_MEAN_INTER_LIST": 0.8376185755,
        "DIVERSITY_HERFINDAHL": 0.983759828,
        "COVERAGE_ITEM": 0.4203696903,
        "COVERAGE_ITEM_HIT": 0.0312971804,
        "ITEMS_IN_GT": 0.9985718366,
        "COVERAGE_USER": 0.9914002258,
        "COVERAGE_USER_HIT": 0.3418770569,
        "USERS_IN_GT": 0.9914002258,
        "DIVERSITY_GINI": 0.0225308255,
        "SHANNON_ENTROPY": 7.734979217,
        "RATIO_DIVERSITY_HERFINDAHL": 0.9840843496,
        "RATIO_DIVERSITY_GINI": 0.044692397,
        "RATIO_SHANNON_ENTROPY": 0.5733520851,
        "RATIO_AVERAGE_POPULARITY": 5.7063992588,
        "RATIO_NOVELTY": 0.3068440172
    }
]