{
    "topK": 317,
    "alpha": 0.7889355800245335
}[
    {
        "PRECISION": 0.0524085012,
        "PRECISION_RECALL_MIN_DEN": 0.0714179188,
        "RECALL": 0.0622545939,
        "MAP": 0.024281046,
        "MAP_MIN_DEN": 0.0327169156,
        "MRR": 0.1621171987,
        "NDCG": 0.0753549174,
        "F1": 0.0569088067,
        "HIT_RATE": 0.3468241673,
        "ARHR_ALL_HITS": 0.1971733299,
        "NOVELTY": 0.004086974,
        "AVERAGE_POPULARITY": 0.2807925938,
        "DIVERSITY_MEAN_INTER_LIST": 0.8487655349,
        "DIVERSITY_HERFINDAHL": 0.984874499,
        "COVERAGE_ITEM": 0.4904313053,
        "COVERAGE_ITEM_HIT": 0.0336230465,
        "ITEMS_IN_GT": 0.9982045946,
        "COVERAGE_USER": 0.9923851161,
        "COVERAGE_USER_HIT": 0.3441831416,
        "USERS_IN_GT": 0.9923851161,
        "DIVERSITY_GINI": 0.0298438609,
        "SHANNON_ENTROPY": 7.9586207983,
        "RATIO_DIVERSITY_HERFINDAHL": 0.9852001355,
        "RATIO_DIVERSITY_GINI": 0.0592342735,
        "RATIO_SHANNON_ENTROPY": 0.5899452913,
        "RATIO_AVERAGE_POPULARITY": 5.513926982,
        "RATIO_NOVELTY": 0.3106361148
    }
]