{
    "topK": 298,
    "alpha": 0.8466281579376986
}[
    {
        "PRECISION": 0.0522704168,
        "PRECISION_RECALL_MIN_DEN": 0.0709474132,
        "RECALL": 0.0615591574,
        "MAP": 0.0245673043,
        "MAP_MIN_DEN": 0.0331757954,
        "MRR": 0.161891382,
        "NDCG": 0.0753303899,
        "F1": 0.0565357964,
        "HIT_RATE": 0.3407077504,
        "ARHR_ALL_HITS": 0.1979322317,
        "NOVELTY": 0.0042939896,
        "AVERAGE_POPULARITY": 0.2357173042,
        "DIVERSITY_MEAN_INTER_LIST": 0.8988460588,
        "DIVERSITY_HERFINDAHL": 0.9898824302,
        "COVERAGE_ITEM": 0.5806912311,
        "COVERAGE_ITEM_HIT": 0.0371322479,
        "ITEMS_IN_GT": 0.9989390786,
        "COVERAGE_USER": 0.9924331596,
        "COVERAGE_USER_HIT": 0.3381296692,
        "USERS_IN_GT": 0.9924331596,
        "DIVERSITY_GINI": 0.051994231,
        "SHANNON_ENTROPY": 8.8188352035,
        "RATIO_DIVERSITY_HERFINDAHL": 0.9902080262,
        "RATIO_DIVERSITY_GINI": 0.1031937526,
        "RATIO_SHANNON_ENTROPY": 0.6537028802,
        "RATIO_AVERAGE_POPULARITY": 4.6287712124,
        "RATIO_NOVELTY": 0.3263670488
    }
]