{
    "topK": 759,
    "alpha": 0.557883776090034
}[
    {
        "PRECISION": 0.0368185507,
        "PRECISION_RECALL_MIN_DEN": 0.0635184392,
        "RECALL": 0.0596685569,
        "MAP": 0.0161739912,
        "MAP_MIN_DEN": 0.0274315511,
        "MRR": 0.1194356428,
        "NDCG": 0.0631931902,
        "F1": 0.0455378929,
        "HIT_RATE": 0.272530553,
        "ARHR_ALL_HITS": 0.1382242183,
        "NOVELTY": 0.0036608527,
        "AVERAGE_POPULARITY": 0.4081567664,
        "DIVERSITY_MEAN_INTER_LIST": 0.6015249801,
        "DIVERSITY_HERFINDAHL": 0.9601510189,
        "COVERAGE_ITEM": 0.0823030155,
        "COVERAGE_ITEM_HIT": 0.018321296,
        "ITEMS_IN_GT": 0.9934304484,
        "COVERAGE_USER": 0.9768911096,
        "COVERAGE_USER_HIT": 0.2662326743,
        "USERS_IN_GT": 0.9768911096,
        "DIVERSITY_GINI": 0.0026393642,
        "SHANNON_ENTROPY": 5.6993783129,
        "RATIO_DIVERSITY_HERFINDAHL": 0.960468803,
        "RATIO_DIVERSITY_GINI": 0.005189256,
        "RATIO_SHANNON_ENTROPY": 0.4223900375,
        "RATIO_AVERAGE_POPULARITY": 8.0591254897,
        "RATIO_NOVELTY": 0.2094622667
    }
]