{
    "topK": 424,
    "alpha": 0.8779015738944255
}[
    {
        "PRECISION": 0.0458996238,
        "PRECISION_RECALL_MIN_DEN": 0.0764487293,
        "RECALL": 0.071469496,
        "MAP": 0.021587969,
        "MAP_MIN_DEN": 0.0351624322,
        "MRR": 0.1499757613,
        "NDCG": 0.0774219677,
        "F1": 0.0558992516,
        "HIT_RATE": 0.3159318366,
        "ARHR_ALL_HITS": 0.1789705568,
        "NOVELTY": 0.0040366518,
        "AVERAGE_POPULARITY": 0.2740664718,
        "DIVERSITY_MEAN_INTER_LIST": 0.8598056454,
        "DIVERSITY_HERFINDAHL": 0.9859784503,
        "COVERAGE_ITEM": 0.2977516628,
        "COVERAGE_ITEM_HIT": 0.0348879912,
        "ITEMS_IN_GT": 0.9922063084,
        "COVERAGE_USER": 0.9768911096,
        "COVERAGE_USER_HIT": 0.3086310024,
        "USERS_IN_GT": 0.9768911096,
        "DIVERSITY_GINI": 0.0137123218,
        "SHANNON_ENTROPY": 7.6770792535,
        "RATIO_DIVERSITY_HERFINDAHL": 0.9863045047,
        "RATIO_DIVERSITY_GINI": 0.0269570737,
        "RATIO_SHANNON_ENTROPY": 0.5689239729,
        "RATIO_AVERAGE_POPULARITY": 5.3935545699,
        "RATIO_NOVELTY": 0.2309494148
    }
]