 {
    "topK": 424,
    "alpha": 0.8779015738944255
}[
    {
        "PRECISION": 0.0592813211,
        "PRECISION_RECALL_MIN_DEN": 0.0812605265,
        "RECALL": 0.0707256804,
        "MAP": 0.0291431154,
        "MAP_MIN_DEN": 0.0394386287,
        "MRR": 0.1855136246,
        "NDCG": 0.0874968049,
        "F1": 0.0644997842,
        "HIT_RATE": 0.3752724103,
        "ARHR_ALL_HITS": 0.2302529159,
        "NOVELTY": 0.0040892141,
        "AVERAGE_POPULARITY": 0.2633021189,
        "DIVERSITY_MEAN_INTER_LIST": 0.8723700234,
        "DIVERSITY_HERFINDAHL": 0.98723489,
        "COVERAGE_ITEM": 0.3720569633,
        "COVERAGE_ITEM_HIT": 0.0387644347,
        "ITEMS_IN_GT": 0.9983678133,
        "COVERAGE_USER": 0.9920488121,
        "COVERAGE_USER_HIT": 0.3722885488,
        "USERS_IN_GT": 0.9920488121,
        "DIVERSITY_GINI": 0.0190953749,
        "SHANNON_ENTROPY": 7.9278225543,
        "RATIO_DIVERSITY_HERFINDAHL": 0.9875604338,
        "RATIO_DIVERSITY_GINI": 0.0376264696,
        "RATIO_SHANNON_ENTROPY": 0.5875280724,
        "RATIO_AVERAGE_POPULARITY": 5.1875550149,
        "RATIO_NOVELTY": 0.2485883974
    }
]