{
    "bestItemKNNCFG0": [
        0.004949581269766079
    ],
    "lastP3alpha": [
        0.004442897944141746
    ],
    "RP3betaG0": [
        0.004509218834023405
    ],
    "new2 RP3beta + P3alpha": [
        0.004566162009303459
    ],
    "P3alpha5k": [
        0.004408531793037853
    ],
    "ItemKNNCFG05k": [
        0.004906410878336981
    ],
    "rp3beta + ItemKNN": [
        0.004957403082847308
    ]
}