{
    "slimMulti": [
        0.004529654202418208
    ],
    "slim": [
        0.004747820971838101
    ]
}