{
    "RP3betaG0": [
        0.004504775229237294
    ],
    "bestItemKNNCFG0": [
        0.004825923236008382
    ],
    "lastP3alpha": [
        0.004486383699850262
    ],
    "new RP3beta + P3alpha": [
        0.004621265862694114
    ]
}