{
    "bestItemKNNCFG0": [
        0.004934957815296177
    ],
    "lastP3alpha": [
        0.004551793389779924
    ],
    "RP3betaG0": [
        0.004575045207956619
    ],
    "new2 RP3beta + P3alpha": [
        0.004618797872080746
    ],
    "P3alpha5k": [
        0.004495548682819495
    ],
    "ItemKNNCFG05k": [
        0.004907307258247773
    ],
    "new3 RP3beta + P3alpha + ItemKNN": [
        0.004618797872080746
    ]
}