{
    "old RP3beta + ItemKNNCF": [
        0.005015649848471234
    ],
    "lastRP3betaG0": [
        0.004719366992228544
    ],
    "lastItemKNNCFG0": [
        0.005033006271191544
    ],
    "lastP3alpha": [
        0.0045607118477510936
    ],
    "slimBPR": [
        0.004532351771836671
    ]
}