{
    "slimMulti": [
        0.004625680204861718
    ],
    "slim": [
        0.004799850307857443
    ],
    "slimMultiBin": [
        0.0006733133743809895
    ],
    "slimBin": [
        0.0007283228831271528
    ]
}