{
    "slimMulti": [
        0.004055163722265571
    ],
    "slim": [
        0.004202661640651212
    ]
}