{
    "bestItemKNNCFG0": [
        0.004782231567017024
    ],
    "lastP3alpha": [
        0.0044777141656205536
    ],
    "RP3betaG0": [
        0.004498280219996753
    ],
    "new2 RP3beta + P3alpha": [
        0.004555001060202638
    ],
    "P3alpha5k": [
        0.004458386578022491
    ],
    "ItemKNNCFG05k": [
        0.004799992306494277
    ],
    "rp3beta + ItemKNN": [
        0.004771559173379726
    ]
}