{
    "ItemKNNCFG0": [
        0.004881249046432402
    ],
    "RP3betaG0": [
        0.004597015262732623
    ],
    "newRP3betaG0": [
        0.004555943575167513
    ],
    "old RP3beta + ItemKNNCF": [
        0.004943346311270859
    ],
    "SlimElasticNet": [
        0.00435735664464752
    ]
}