{
    "ItemKNNCFG0": [
        0.004609885930846647
    ],
    "RP3betaG0": [
        0.004465585360781883
    ],
    "newRP3betaG0": [
        0.004451319691494383
    ],
    "old RP3beta + ItemKNNCF": [
        0.004732876981785292
    ],
    "lastRP3betaG0": [
        0.004473383239758805
    ],
    "lastItemKNNCFG0": [
        0.004669857006101567
    ],
    "lastP3alpha": [
        0.0043574219884263765
    ]
}