{
    "old RP3beta + ItemKNNCF": [
        0.00466633304199914
    ],
    "RP3betaG0": [
        0.004308170515097713
    ],
    "ItemKNNCFG0": [
        0.004710479573712271
    ],
    "lastP3alpha": [
        0.004340992603870067
    ],
    "new RP3beta + ItemKNNCF": [
        0.00460665651695849
    ]
}