{
    "bestItemKNNCFG0": [
        0.004889650763477557
    ],
    "lastP3alpha": [
        0.004433195479292683
    ],
    "RP3betaG0": [
        0.00447360877739875
    ],
    "new2 RP3beta + P3alpha": [
        0.004509807249500749
    ],
    "P3alpha5k": [
        0.004426934529702757
    ],
    "ItemKNNCFG05k": [
        0.00484602684287847
    ],
    "new3 RP3beta + P3alpha + ItemKNN": [
        0.004544016172862575
    ]
}