{
    "RP3betaG0": [
        0.004253192821174002
    ],
    "bestRP3betaG0": [
        0.0042021917654643
    ],
    "ItemKNNCFG0": [
        0.004718639349010174
    ],
    "bestItemKNNCFG0": [
        0.004735147659220665
    ],
    "lastP3alpha": [
        0.0042356521576651296
    ],
    "bestP3alpha": [
        0.004203985537711277
    ]
}