{
    "old RP3beta + ItemKNNCF": [
        0.004848680802197958
    ],
    "RP3betaG0": [
        0.004525773311563353
    ],
    "lastRP3betaG0": [
        0.004440306463106052
    ],
    "ItemKNNCFG0": [
        0.004909810709563284
    ],
    "lastItemKNNCFG0": [
        0.004884244063282608
    ],
    "P3alpha": [
        0.004394835425234875
    ],
    "lastP3alpha": [
        0.0045758779533965266
    ]
}