{
    "bestItemKNNCFG0": [
        0.0050072103221454065
    ],
    "lastP3alpha": [
        0.004491833923652123
    ],
    "RP3betaG0": [
        0.004423638050261446
    ],
    "new2 RP3beta + P3alpha": [
        0.004580840876295441
    ],
    "P3alpha5k": [
        0.004522638256404504
    ],
    "ItemKNNCFG05k": [
        0.005018285826727405
    ],
    "rp3beta + ItemKNN": [
        0.004557898090365642
    ]
}