{
    "bestItemKNNCFG0": [
        0.00508119837996092
    ],
    "lastP3alpha": [
        0.004756236495776884
    ],
    "RP3betaG0": [
        0.00486313849837718
    ],
    "new2 RP3beta + P3alpha": [
        0.004920550738464727
    ],
    "P3alpha5k": [
        0.004781982209501385
    ],
    "RP3beta5k": [
        0.004785789114310049
    ]
}