{
    "RP3betaG0": [
        0.004752382460864307
    ],
    "bestItemKNNCFG0": [
        0.005091008685092812
    ],
    "lastP3alpha": [
        0.004705737327797219
    ],
    "new1 RP3beta + P3alpha": [
        0.004779676581173394
    ],
    "new2 RP3beta + P3alpha": [
        0.004852281769601823
    ]
}