{
    "topK": 1409,
    "shrink": 4956,
    "similarity": "cosine",
    "normalization": "bm25"
}[
    {
        "PRECISION": 0.0164451115,
        "PRECISION_RECALL_MIN_DEN": 0.045923918,
        "RECALL": 0.0459183704,
        "MAP": 0.0078193548,
        "MAP_MIN_DEN": 0.0214627715,
        "MRR": 0.0693588513,
        "NDCG": 0.044292026,
        "F1": 0.0242171443,
        "HIT_RATE": 0.145511721,
        "ARHR_ALL_HITS": 0.0735997951,
        "NOVELTY": 0.0038482071,
        "AVERAGE_POPULARITY": 0.3665981336,
        "DIVERSITY_MEAN_INTER_LIST": 0.707201963,
        "DIVERSITY_HERFINDAHL": 0.970715142,
        "COVERAGE_ITEM": 0.096870282,
        "COVERAGE_ITEM_HIT": 0.0165258906,
        "ITEMS_IN_GT": 0.9937568858,
        "COVERAGE_USER": 0.9556724267,
        "COVERAGE_USER_HIT": 0.1390615395,
        "USERS_IN_GT": 0.9556724267,
        "DIVERSITY_GINI": 0.0072292727,
        "SHANNON_ENTROPY": 6.7484881567,
        "RATIO_DIVERSITY_HERFINDAHL": 0.9710345842,
        "RATIO_DIVERSITY_GINI": 0.0142117269,
        "RATIO_SHANNON_ENTROPY": 0.5000831173,
        "RATIO_AVERAGE_POPULARITY": 7.2118083269,
        "RATIO_NOVELTY": 0.2201564958
    }
]