{
    "topK": 1995,
    "shrink": 92,
    "similarity": "rp3beta",
    "normalization": "tfidf"
}[
    {
        "PRECISION": 0.0160488597,
        "PRECISION_RECALL_MIN_DEN": 0.0446746161,
        "RECALL": 0.0446657368,
        "MAP": 0.0074596282,
        "MAP_MIN_DEN": 0.0204973757,
        "MRR": 0.0660369238,
        "NDCG": 0.0430149388,
        "F1": 0.0236132391,
        "HIT_RATE": 0.1419190849,
        "ARHR_ALL_HITS": 0.0701366124,
        "NOVELTY": 0.0037370521,
        "AVERAGE_POPULARITY": 0.3896392856,
        "DIVERSITY_MEAN_INTER_LIST": 0.6588141219,
        "DIVERSITY_HERFINDAHL": 0.9658767605,
        "COVERAGE_ITEM": 0.067613335,
        "COVERAGE_ITEM_HIT": 0.0142816338,
        "ITEMS_IN_GT": 0.9933896438,
        "COVERAGE_USER": 0.9546373686,
        "COVERAGE_USER_HIT": 0.1354812618,
        "USERS_IN_GT": 0.9546373686,
        "DIVERSITY_GINI": 0.0042370884,
        "SHANNON_ENTROPY": 6.2288585222,
        "RATIO_DIVERSITY_HERFINDAHL": 0.9661968194,
        "RATIO_DIVERSITY_GINI": 0.0083378922,
        "RATIO_SHANNON_ENTROPY": 0.4616664746,
        "RATIO_AVERAGE_POPULARITY": 7.7283867856,
        "RATIO_NOVELTY": 0.2138387414
    }
]