{
    "topK": 4160,
    "shrink": 82,
    "similarity": "rp3beta",
    "normalization": "tfidf"
}[
    {
        "PRECISION": 0.0158300339,
        "PRECISION_RECALL_MIN_DEN": 0.0442227171,
        "RECALL": 0.0442196106,
        "MAP": 0.0073001059,
        "MAP_MIN_DEN": 0.0199007088,
        "MRR": 0.0649977499,
        "NDCG": 0.042901011,
        "F1": 0.0233139744,
        "HIT_RATE": 0.1404128959,
        "ARHR_ALL_HITS": 0.0688438757,
        "NOVELTY": 0.0037582189,
        "AVERAGE_POPULARITY": 0.3828891014,
        "DIVERSITY_MEAN_INTER_LIST": 0.6748745632,
        "DIVERSITY_HERFINDAHL": 0.9674826849,
        "COVERAGE_ITEM": 0.0715305831,
        "COVERAGE_ITEM_HIT": 0.0140368058,
        "ITEMS_IN_GT": 0.9928183784,
        "COVERAGE_USER": 0.9568393993,
        "COVERAGE_USER_HIT": 0.134352591,
        "USERS_IN_GT": 0.9568393993,
        "DIVERSITY_GINI": 0.0046747531,
        "SHANNON_ENTROPY": 6.3468655947,
        "RATIO_DIVERSITY_HERFINDAHL": 0.9678026651,
        "RATIO_DIVERSITY_GINI": 0.009191776,
        "RATIO_SHANNON_ENTROPY": 0.4703414446,
        "RATIO_AVERAGE_POPULARITY": 7.5985443268,
        "RATIO_NOVELTY": 0.2150172921
    }
]