{
    "topK": 5893,
    "shrink": 50,
    "normalization": "tfidf"
}[
    {
        "PRECISION": 0.0155231075,
        "PRECISION_RECALL_MIN_DEN": 0.0431689945,
        "RECALL": 0.0431487272,
        "MAP": 0.0072106027,
        "MAP_MIN_DEN": 0.0200910078,
        "MRR": 0.0638852604,
        "NDCG": 0.0413075791,
        "F1": 0.022832159,
        "HIT_RATE": 0.1371562234,
        "ARHR_ALL_HITS": 0.0678708973,
        "NOVELTY": 0.0038425566,
        "AVERAGE_POPULARITY": 0.3580152078,
        "DIVERSITY_MEAN_INTER_LIST": 0.7220846871,
        "DIVERSITY_HERFINDAHL": 0.9722033505,
        "COVERAGE_ITEM": 0.1037662709,
        "COVERAGE_ITEM_HIT": 0.0150569225,
        "ITEMS_IN_GT": 0.9931040111,
        "COVERAGE_USER": 0.9535653937,
        "COVERAGE_USER_HIT": 0.1307874282,
        "USERS_IN_GT": 0.9535653937,
        "DIVERSITY_GINI": 0.0071767068,
        "SHANNON_ENTROPY": 6.7800145025,
        "RATIO_DIVERSITY_HERFINDAHL": 0.9725245823,
        "RATIO_DIVERSITY_GINI": 0.014115394,
        "RATIO_SHANNON_ENTROPY": 0.5024608301,
        "RATIO_AVERAGE_POPULARITY": 7.1251390922,
        "RATIO_NOVELTY": 0.2198513955
    }
]