{
    "topK": 338,
    "shrink": 194.8198097717293
}[
    {
        "PRECISION": 0.0463945612,
        "PRECISION_RECALL_MIN_DEN": 0.0772001194,
        "RECALL": 0.0721976038,
        "MAP": 0.0226374884,
        "MAP_MIN_DEN": 0.0369008649,
        "MRR": 0.1558781369,
        "NDCG": 0.0804195569,
        "F1": 0.0564889957,
        "HIT_RATE": 0.3167092087,
        "ARHR_ALL_HITS": 0.1864915352,
        "NOVELTY": 0.0043128171,
        "AVERAGE_POPULARITY": 0.2137146931,
        "DIVERSITY_MEAN_INTER_LIST": 0.9100399503,
        "DIVERSITY_HERFINDAHL": 0.9910017615,
        "COVERAGE_ITEM": 0.3705063859,
        "COVERAGE_ITEM_HIT": 0.0518627331,
        "ITEMS_IN_GT": 0.9925735504,
        "COVERAGE_USER": 0.9787407817,
        "COVERAGE_USER_HIT": 0.3099762185,
        "USERS_IN_GT": 0.9787407817,
        "DIVERSITY_GINI": 0.0269253616,
        "SHANNON_ENTROPY": 8.6782511972,
        "RATIO_DIVERSITY_HERFINDAHL": 0.9913299536,
        "RATIO_DIVERSITY_GINI": 0.0529666256,
        "RATIO_SHANNON_ENTROPY": 0.6431722519,
        "RATIO_AVERAGE_POPULARITY": 4.2492688003,
        "RATIO_NOVELTY": 0.2467706427
    }
]