{
    "alpha": 0.7094999549046719,
    "topK": 108
}[
    {
        "PRECISION": 0.0151687389,
        "PRECISION_RECALL_MIN_DEN": 0.0416583495,
        "RECALL": 0.0416429464,
        "MAP": 0.0070768248,
        "MAP_MIN_DEN": 0.0192453007,
        "MRR": 0.0629103442,
        "NDCG": 0.0412964615,
        "F1": 0.0222373611,
        "HIT_RATE": 0.1339253996,
        "ARHR_ALL_HITS": 0.066676027,
        "NOVELTY": 0.0039974133,
        "AVERAGE_POPULARITY": 0.2981252221,
        "DIVERSITY_MEAN_INTER_LIST": 0.827188137,
        "DIVERSITY_HERFINDAHL": 0.9827129367,
        "COVERAGE_ITEM": 0.1912106745,
        "COVERAGE_ITEM_HIT": 0.0150161178,
        "ITEMS_IN_GT": 0.9929407924,
        "COVERAGE_USER": 0.9575481325,
        "COVERAGE_USER_HIT": 0.1282400163,
        "USERS_IN_GT": 0.9575481325,
        "DIVERSITY_GINI": 0.0138951611,
        "SHANNON_ENTROPY": 7.5967013632,
        "RATIO_DIVERSITY_HERFINDAHL": 0.9830371928,
        "RATIO_DIVERSITY_GINI": 0.0273300259,
        "RATIO_SHANNON_ENTROPY": 0.5629914714,
        "RATIO_AVERAGE_POPULARITY": 5.8573108618,
        "RATIO_NOVELTY": 0.2287142293
    }
]