{
    "alpha": 0.7548498182179307,
    "topK": 140
}[
    {
        "PRECISION": 0.0153900409,
        "PRECISION_RECALL_MIN_DEN": 0.0436752279,
        "RECALL": 0.0436696708,
        "MAP": 0.0071239031,
        "MAP_MIN_DEN": 0.0201242036,
        "MRR": 0.0628517074,
        "NDCG": 0.0419284285,
        "F1": 0.022759272,
        "HIT_RATE": 0.1355621385,
        "ARHR_ALL_HITS": 0.0668998695,
        "NOVELTY": 0.003995067,
        "AVERAGE_POPULARITY": 0.2961005149,
        "DIVERSITY_MEAN_INTER_LIST": 0.8244715848,
        "DIVERSITY_HERFINDAHL": 0.9824413433,
        "COVERAGE_ITEM": 0.1973313747,
        "COVERAGE_ITEM_HIT": 0.0155465785,
        "ITEMS_IN_GT": 0.9927367691,
        "COVERAGE_USER": 0.9541049798,
        "COVERAGE_USER_HIT": 0.1293405114,
        "USERS_IN_GT": 0.9541049798,
        "DIVERSITY_GINI": 0.0141029079,
        "SHANNON_ENTROPY": 7.5784968473,
        "RATIO_DIVERSITY_HERFINDAHL": 0.9827660555,
        "RATIO_DIVERSITY_GINI": 0.0277225867,
        "RATIO_SHANNON_ENTROPY": 0.5615934318,
        "RATIO_AVERAGE_POPULARITY": 5.8894309909,
        "RATIO_NOVELTY": 0.2285600797
    }
]