{
    "alpha": 0.03437859434222601,
    "beta": 0.46265460538311587
}[
    {
        "PRECISION": 0.0156475584,
        "PRECISION_RECALL_MIN_DEN": 0.0434250553,
        "RECALL": 0.0434126898,
        "MAP": 0.0074233703,
        "MAP_MIN_DEN": 0.0207527239,
        "MRR": 0.0654529089,
        "NDCG": 0.0430811428,
        "F1": 0.0230037163,
        "HIT_RATE": 0.1376503892,
        "ARHR_ALL_HITS": 0.0696283659,
        "NOVELTY": 0.0040835804,
        "AVERAGE_POPULARITY": 0.2865394312,
        "DIVERSITY_MEAN_INTER_LIST": 0.8398859293,
        "DIVERSITY_HERFINDAHL": 0.9839826489,
        "COVERAGE_ITEM": 0.2879177378,
        "COVERAGE_ITEM_HIT": 0.0166074999,
        "ITEMS_IN_GT": 0.9928183784,
        "COVERAGE_USER": 0.9575116894,
        "COVERAGE_USER_HIT": 0.1318018567,
        "USERS_IN_GT": 0.9575116894,
        "DIVERSITY_GINI": 0.0237943126,
        "SHANNON_ENTROPY": 7.9425823795,
        "RATIO_DIVERSITY_HERFINDAHL": 0.9843070507,
        "RATIO_DIVERSITY_GINI": 0.0467915787,
        "RATIO_SHANNON_ENTROPY": 0.5885803513,
        "RATIO_AVERAGE_POPULARITY": 5.66226613,
        "RATIO_NOVELTY": 0.2336267156
    }
]