{
    "alpha": 0.7214044471574582,
    "beta": 0.2601292831489424,
    "topK": 209
}[
    {
        "PRECISION": 0.0155047565,
        "PRECISION_RECALL_MIN_DEN": 0.0427286239,
        "RECALL": 0.0427045165,
        "MAP": 0.0073692189,
        "MAP_MIN_DEN": 0.0200460464,
        "MRR": 0.06413925,
        "NDCG": 0.0423088326,
        "F1": 0.0227497474,
        "HIT_RATE": 0.1355956269,
        "ARHR_ALL_HITS": 0.0687241525,
        "NOVELTY": 0.0043844147,
        "AVERAGE_POPULARITY": 0.226901626,
        "DIVERSITY_MEAN_INTER_LIST": 0.9078788159,
        "DIVERSITY_HERFINDAHL": 0.9907814363,
        "COVERAGE_ITEM": 0.4778226629,
        "COVERAGE_ITEM_HIT": 0.0198718733,
        "ITEMS_IN_GT": 0.9924511364,
        "COVERAGE_USER": 0.9571894537,
        "COVERAGE_USER_HIT": 0.129790704,
        "USERS_IN_GT": 0.9571894537,
        "DIVERSITY_GINI": 0.0615075088,
        "SHANNON_ENTROPY": 9.1791396046,
        "RATIO_DIVERSITY_HERFINDAHL": 0.9911092166,
        "RATIO_DIVERSITY_GINI": 0.1209570651,
        "RATIO_SHANNON_ENTROPY": 0.6802691216,
        "RATIO_AVERAGE_POPULARITY": 4.4773739965,
        "RATIO_NOVELTY": 0.250857896
    }
]