{
    "alpha": 0.6419696179241512,
    "beta": 0.17548429620374373,
    "topK": 279
}[
    {
        "PRECISION": 0.0163687743,
        "PRECISION_RECALL_MIN_DEN": 0.0454805919,
        "RECALL": 0.0454598567,
        "MAP": 0.0076688169,
        "MAP_MIN_DEN": 0.021227522,
        "MRR": 0.0670151609,
        "NDCG": 0.0443947924,
        "F1": 0.024070471,
        "HIT_RATE": 0.1429176969,
        "ARHR_ALL_HITS": 0.0716384361,
        "NOVELTY": 0.0042048887,
        "AVERAGE_POPULARITY": 0.256412326,
        "DIVERSITY_MEAN_INTER_LIST": 0.8794098015,
        "DIVERSITY_HERFINDAHL": 0.9879347674,
        "COVERAGE_ITEM": 0.344309789,
        "COVERAGE_ITEM_HIT": 0.0188925613,
        "ITEMS_IN_GT": 0.9922471131,
        "COVERAGE_USER": 0.9572597552,
        "COVERAGE_USER_HIT": 0.1368093596,
        "USERS_IN_GT": 0.9572597552,
        "DIVERSITY_GINI": 0.0332383933,
        "SHANNON_ENTROPY": 8.4772635687,
        "RATIO_DIVERSITY_HERFINDAHL": 0.9882612501,
        "RATIO_DIVERSITY_GINI": 0.0653704161,
        "RATIO_SHANNON_ENTROPY": 0.6282507639,
        "RATIO_AVERAGE_POPULARITY": 5.0626433666,
        "RATIO_NOVELTY": 0.2405853677
    }
]