{
    "alpha": 0.5586366746595548,
    "beta": 0.177920918292248
}[
    {
        "PRECISION": 0.0166040411,
        "PRECISION_RECALL_MIN_DEN": 0.0454503075,
        "RECALL": 0.0454349465,
        "MAP": 0.0079768994,
        "MAP_MIN_DEN": 0.0218789296,
        "MRR": 0.06872411,
        "NDCG": 0.0454599467,
        "F1": 0.0243203105,
        "HIT_RATE": 0.1434243176,
        "ARHR_ALL_HITS": 0.073974359,
        "NOVELTY": 0.004012376,
        "AVERAGE_POPULARITY": 0.3005700806,
        "DIVERSITY_MEAN_INTER_LIST": 0.8266538217,
        "DIVERSITY_HERFINDAHL": 0.9826595215,
        "COVERAGE_ITEM": 0.1407353001,
        "COVERAGE_ITEM_HIT": 0.0181172726,
        "ITEMS_IN_GT": 0.9923695271,
        "COVERAGE_USER": 0.9567252255,
        "COVERAGE_USER_HIT": 0.1372176626,
        "USERS_IN_GT": 0.9567252255,
        "DIVERSITY_GINI": 0.0124682499,
        "SHANNON_ENTROPY": 7.7026414387,
        "RATIO_DIVERSITY_HERFINDAHL": 0.9829845833,
        "RATIO_DIVERSITY_GINI": 0.0245133216,
        "RATIO_SHANNON_ENTROPY": 0.5708117548,
        "RATIO_AVERAGE_POPULARITY": 5.9709001026,
        "RATIO_NOVELTY": 0.229557884
    }
]