{
    "alpha": 0.5529761624349181,
    "beta": 0.19151847665941332,
    "topK": 246
}[
    {
        "PRECISION": 0.015879646,
        "PRECISION_RECALL_MIN_DEN": 0.0432808821,
        "RECALL": 0.0432681904,
        "MAP": 0.0074322995,
        "MAP_MIN_DEN": 0.0198965178,
        "MRR": 0.0649885658,
        "NDCG": 0.0424107819,
        "F1": 0.0232327534,
        "HIT_RATE": 0.1390442478,
        "ARHR_ALL_HITS": 0.0695076275,
        "NOVELTY": 0.0042507364,
        "AVERAGE_POPULARITY": 0.2447431853,
        "DIVERSITY_MEAN_INTER_LIST": 0.8921558515,
        "DIVERSITY_HERFINDAHL": 0.989209269,
        "COVERAGE_ITEM": 0.361529359,
        "COVERAGE_ITEM_HIT": 0.0192189987,
        "ITEMS_IN_GT": 0.9924919411,
        "COVERAGE_USER": 0.9569783198,
        "COVERAGE_USER_HIT": 0.1330623306,
        "USERS_IN_GT": 0.9569783198,
        "DIVERSITY_GINI": 0.0369585837,
        "SHANNON_ENTROPY": 8.670314258,
        "RATIO_DIVERSITY_HERFINDAHL": 0.989535989,
        "RATIO_DIVERSITY_GINI": 0.0726520436,
        "RATIO_SHANNON_ENTROPY": 0.642534814,
        "RATIO_AVERAGE_POPULARITY": 4.8253417869,
        "RATIO_NOVELTY": 0.2431998833
    }
]