{
    "alpha": 0.5973236168542123,
    "beta": 0.057935940935008756
}[
    {
        "PRECISION": 0.0164488636,
        "PRECISION_RECALL_MIN_DEN": 0.0447710363,
        "RECALL": 0.0447464206,
        "MAP": 0.0081206795,
        "MAP_MIN_DEN": 0.0220179424,
        "MRR": 0.0713230238,
        "NDCG": 0.0461732312,
        "F1": 0.0240550487,
        "HIT_RATE": 0.1438920455,
        "ARHR_ALL_HITS": 0.0760426249,
        "NOVELTY": 0.0039399374,
        "AVERAGE_POPULARITY": 0.329497846,
        "DIVERSITY_MEAN_INTER_LIST": 0.7837366762,
        "DIVERSITY_HERFINDAHL": 0.9783681013,
        "COVERAGE_ITEM": 0.1338393112,
        "COVERAGE_ITEM_HIT": 0.0170563512,
        "ITEMS_IN_GT": 0.9932672298,
        "COVERAGE_USER": 0.9560021727,
        "COVERAGE_USER_HIT": 0.1375611081,
        "USERS_IN_GT": 0.9560021727,
        "DIVERSITY_GINI": 0.0104274491,
        "SHANNON_ENTROPY": 7.314823508,
        "RATIO_DIVERSITY_HERFINDAHL": 0.9786911794,
        "RATIO_DIVERSITY_GINI": 0.0205034368,
        "RATIO_SHANNON_ENTROPY": 0.5420617302,
        "RATIO_AVERAGE_POPULARITY": 6.4884905459,
        "RATIO_NOVELTY": 0.2254091706
    }
]