{
    "alpha": 0.3281013138044576,
    "beta": 0.7779050787709695
}[
    {
        "PRECISION": 0.0163635082,
        "PRECISION_RECALL_MIN_DEN": 0.0448506421,
        "RECALL": 0.0448379304,
        "MAP": 0.0078557468,
        "MAP_MIN_DEN": 0.0214630337,
        "MRR": 0.0684914648,
        "NDCG": 0.0443510171,
        "F1": 0.0239767515,
        "HIT_RATE": 0.1419204738,
        "ARHR_ALL_HITS": 0.0733615006,
        "NOVELTY": 0.0039087541,
        "AVERAGE_POPULARITY": 0.3392059705,
        "DIVERSITY_MEAN_INTER_LIST": 0.7639015587,
        "DIVERSITY_HERFINDAHL": 0.9763847702,
        "COVERAGE_ITEM": 0.1380013874,
        "COVERAGE_ITEM_HIT": 0.0168115232,
        "ITEMS_IN_GT": 0.9929407924,
        "COVERAGE_USER": 0.9572788014,
        "COVERAGE_USER_HIT": 0.135857461,
        "USERS_IN_GT": 0.9572788014,
        "DIVERSITY_GINI": 0.0097611364,
        "SHANNON_ENTROPY": 7.1320699878,
        "RATIO_DIVERSITY_HERFINDAHL": 0.9767079242,
        "RATIO_DIVERSITY_GINI": 0.0191986846,
        "RATIO_SHANNON_ENTROPY": 0.5285972726,
        "RATIO_AVERAGE_POPULARITY": 6.694314505,
        "RATIO_NOVELTY": 0.2236583075
    }
]