{
    "alpha": 0.26140389280810755,
    "beta": 0.6076551744145402
}[
    {
        "PRECISION": 0.0166028369,
        "PRECISION_RECALL_MIN_DEN": 0.0459779917,
        "RECALL": 0.0459646669,
        "MAP": 0.0077247214,
        "MAP_MIN_DEN": 0.0210351277,
        "MRR": 0.0674340594,
        "NDCG": 0.0444136913,
        "F1": 0.0243942565,
        "HIT_RATE": 0.1455319149,
        "ARHR_ALL_HITS": 0.072149696,
        "NOVELTY": 0.003904891,
        "AVERAGE_POPULARITY": 0.3399376139,
        "DIVERSITY_MEAN_INTER_LIST": 0.7603900211,
        "DIVERSITY_HERFINDAHL": 0.9760336093,
        "COVERAGE_ITEM": 0.1347778186,
        "COVERAGE_ITEM_HIT": 0.0161178439,
        "ITEMS_IN_GT": 0.9931040111,
        "COVERAGE_USER": 0.9548317194,
        "COVERAGE_USER_HIT": 0.1389584885,
        "USERS_IN_GT": 0.9548317194,
        "DIVERSITY_GINI": 0.0095071078,
        "SHANNON_ENTROPY": 7.1040822686,
        "RATIO_DIVERSITY_HERFINDAHL": 0.9763555259,
        "RATIO_DIVERSITY_GINI": 0.0186833105,
        "RATIO_SHANNON_ENTROPY": 0.5264228514,
        "RATIO_AVERAGE_POPULARITY": 6.7455305702,
        "RATIO_NOVELTY": 0.223394785
    }
]