{
    "alpha": 0.8809506750624347,
    "beta": 0.14461666144193963,
    "topK": 256
}[
    {
        "PRECISION": 0.0150662719,
        "PRECISION_RECALL_MIN_DEN": 0.04109395,
        "RECALL": 0.041083802,
        "MAP": 0.0069502693,
        "MAP_MIN_DEN": 0.0187405635,
        "MRR": 0.0612970461,
        "NDCG": 0.0409554256,
        "F1": 0.0220473345,
        "HIT_RATE": 0.1329667231,
        "ARHR_ALL_HITS": 0.0651975398,
        "NOVELTY": 0.0042189773,
        "AVERAGE_POPULARITY": 0.2552942249,
        "DIVERSITY_MEAN_INTER_LIST": 0.8806118358,
        "DIVERSITY_HERFINDAHL": 0.9880549751,
        "COVERAGE_ITEM": 0.3598971722,
        "COVERAGE_ITEM_HIT": 0.0181172726,
        "ITEMS_IN_GT": 0.9937160811,
        "COVERAGE_USER": 0.9576019444,
        "COVERAGE_USER_HIT": 0.1273291925,
        "USERS_IN_GT": 0.9576019444,
        "DIVERSITY_GINI": 0.0361148853,
        "SHANNON_ENTROPY": 8.5141389463,
        "RATIO_DIVERSITY_HERFINDAHL": 0.9883812352,
        "RATIO_DIVERSITY_GINI": 0.0710131931,
        "RATIO_SHANNON_ENTROPY": 0.6309643594,
        "RATIO_AVERAGE_POPULARITY": 5.0293515426,
        "RATIO_NOVELTY": 0.241384096
    }
]