{
    "topK": 500,
    "epochs": 100,
    "lambda_i": 0.004,
    "lambda_j": 0.003
}[
    {
        "PRECISION": 0.014570563,
        "PRECISION_RECALL_MIN_DEN": 0.0398376855,
        "RECALL": 0.0398164744,
        "MAP": 0.0068250138,
        "MAP_MIN_DEN": 0.0184547091,
        "MRR": 0.0605181237,
        "NDCG": 0.0387464967,
        "F1": 0.0213340706,
        "HIT_RATE": 0.1294300007,
        "ARHR_ALL_HITS": 0.0642224985,
        "NOVELTY": 0.0039151869,
        "AVERAGE_POPULARITY": 0.3439428855,
        "DIVERSITY_MEAN_INTER_LIST": 0.7507550902,
        "DIVERSITY_HERFINDAHL": 0.9750702194,
        "COVERAGE_ITEM": 0.2538866446,
        "COVERAGE_ITEM_HIT": 0.0124454238,
        "ITEMS_IN_GT": 0.9927775738,
        "COVERAGE_USER": 0.9580801944,
        "COVERAGE_USER_HIT": 0.1240043202,
        "USERS_IN_GT": 0.9580801944,
        "DIVERSITY_GINI": 0.0171601729,
        "SHANNON_ENTROPY": 7.1616245091,
        "RATIO_DIVERSITY_HERFINDAHL": 0.9753915691,
        "RATIO_DIVERSITY_GINI": 0.0337454085,
        "RATIO_SHANNON_ENTROPY": 0.5307088983,
        "RATIO_AVERAGE_POPULARITY": 6.7478963764,
        "RATIO_NOVELTY": 0.2239931245
    }
]