{
    "topK": 500,
    "epochs": 100,
    "lambda_i": 0.004,
    "lambda_j": 0.003
}[
    {
        "PRECISION": 0.0144645636,
        "PRECISION_RECALL_MIN_DEN": 0.0398516494,
        "RECALL": 0.0398447906,
        "MAP": 0.0068217732,
        "MAP_MIN_DEN": 0.0185188047,
        "MRR": 0.0607987143,
        "NDCG": 0.0392043178,
        "F1": 0.0212242445,
        "HIT_RATE": 0.1289432734,
        "ARHR_ALL_HITS": 0.0643714059,
        "NOVELTY": 0.0039176398,
        "AVERAGE_POPULARITY": 0.3450864931,
        "DIVERSITY_MEAN_INTER_LIST": 0.750189965,
        "DIVERSITY_HERFINDAHL": 0.9750136903,
        "COVERAGE_ITEM": 0.2570694087,
        "COVERAGE_ITEM_HIT": 0.0124046191,
        "ITEMS_IN_GT": 0.9925735504,
        "COVERAGE_USER": 0.9547541869,
        "COVERAGE_USER_HIT": 0.1231091302,
        "USERS_IN_GT": 0.9547541869,
        "DIVERSITY_GINI": 0.0175356912,
        "SHANNON_ENTROPY": 7.171613803,
        "RATIO_DIVERSITY_HERFINDAHL": 0.9753349297,
        "RATIO_DIVERSITY_GINI": 0.0344898581,
        "RATIO_SHANNON_ENTROPY": 0.5314620666,
        "RATIO_AVERAGE_POPULARITY": 6.7532030313,
        "RATIO_NOVELTY": 0.2241389068
    }
]