{
    "topK": 202,
    "alpha": 0.06996827621221764,
    "l1_ratio": 0.08384068190209393
}[
    {
        "PRECISION": 0.0152018833,
        "PRECISION_RECALL_MIN_DEN": 0.0417571965,
        "RECALL": 0.0417437938,
        "MAP": 0.0073621613,
        "MAP_MIN_DEN": 0.0201122222,
        "MRR": 0.0647982922,
        "NDCG": 0.0427631102,
        "F1": 0.0222873557,
        "HIT_RATE": 0.1334712512,
        "ARHR_ALL_HITS": 0.0690454959,
        "NOVELTY": 0.0043791717,
        "AVERAGE_POPULARITY": 0.1912366918,
        "DIVERSITY_MEAN_INTER_LIST": 0.9459679125,
        "DIVERSITY_HERFINDAHL": 0.994590043,
        "COVERAGE_ITEM": 0.1013587954,
        "COVERAGE_ITEM_HIT": 0.0215856694,
        "ITEMS_IN_GT": 0.9931448158,
        "COVERAGE_USER": 0.952503907,
        "COVERAGE_USER_HIT": 0.1271318883,
        "USERS_IN_GT": 0.952503907,
        "DIVERSITY_GINI": 0.0197682237,
        "SHANNON_ENTROPY": 8.9973820232,
        "RATIO_DIVERSITY_HERFINDAHL": 0.9949179946,
        "RATIO_DIVERSITY_GINI": 0.0388594706,
        "RATIO_SHANNON_ENTROPY": 0.6667502475,
        "RATIO_AVERAGE_POPULARITY": 3.7618501827,
        "RATIO_NOVELTY": 0.2505395901
    }
]