{
    "topK": 214,
    "alpha": 0.22747568631546267,
    "l1_ratio": 0.007954654152433904
}[
    {
        "PRECISION": 0.015729699,
        "PRECISION_RECALL_MIN_DEN": 0.0431527057,
        "RECALL": 0.0431397253,
        "MAP": 0.0073836368,
        "MAP_MIN_DEN": 0.0197973064,
        "MRR": 0.0649051202,
        "NDCG": 0.0426266942,
        "F1": 0.0230535597,
        "HIT_RATE": 0.1375638842,
        "ARHR_ALL_HITS": 0.0692412996,
        "NOVELTY": 0.0042966792,
        "AVERAGE_POPULARITY": 0.1981922931,
        "DIVERSITY_MEAN_INTER_LIST": 0.9420772651,
        "DIVERSITY_HERFINDAHL": 0.9942010394,
        "COVERAGE_ITEM": 0.1375933407,
        "COVERAGE_ITEM_HIT": 0.0215448647,
        "ITEMS_IN_GT": 0.9938384951,
        "COVERAGE_USER": 0.9558314675,
        "COVERAGE_USER_HIT": 0.1314878893,
        "USERS_IN_GT": 0.9558314675,
        "DIVERSITY_GINI": 0.0207454041,
        "SHANNON_ENTROPY": 8.9642098531,
        "RATIO_DIVERSITY_HERFINDAHL": 0.994529546,
        "RATIO_DIVERSITY_GINI": 0.0407884434,
        "RATIO_SHANNON_ENTROPY": 0.6642837947,
        "RATIO_AVERAGE_POPULARITY": 3.9308304008,
        "RATIO_NOVELTY": 0.2458170111
    }
]