{
    "topK": 294,
    "epochs": 81,
    "lambda_i": 0.005395219424452056,
    "lambda_j": 0.003534801756655624
}[
    {
        "PRECISION": 0.0146687473,
        "PRECISION_RECALL_MIN_DEN": 0.0412460565,
        "RECALL": 0.041228477,
        "MAP": 0.0066473377,
        "MAP_MIN_DEN": 0.0183805408,
        "MRR": 0.0595817937,
        "NDCG": 0.0395567768,
        "F1": 0.0216386456,
        "HIT_RATE": 0.1319336076,
        "ARHR_ALL_HITS": 0.0629005409,
        "NOVELTY": 0.003959865,
        "AVERAGE_POPULARITY": 0.3262219463,
        "DIVERSITY_MEAN_INTER_LIST": 0.7762117352,
        "DIVERSITY_HERFINDAHL": 0.9776156677,
        "COVERAGE_ITEM": 0.27412576,
        "COVERAGE_ITEM_HIT": 0.0130574938,
        "ITEMS_IN_GT": 0.9925735504,
        "COVERAGE_USER": 0.9564450475,
        "COVERAGE_USER_HIT": 0.1261872456,
        "USERS_IN_GT": 0.9564450475,
        "DIVERSITY_GINI": 0.0200643289,
        "SHANNON_ENTROPY": 7.3844907758,
        "RATIO_DIVERSITY_HERFINDAHL": 0.9779388084,
        "RATIO_DIVERSITY_GINI": 0.0394618609,
        "RATIO_SHANNON_ENTROPY": 0.5472526088,
        "RATIO_AVERAGE_POPULARITY": 6.4559940524,
        "RATIO_NOVELTY": 0.2265609394
    }
]