{
    "topK": 100,
    "epochs": 100,
    "lambda_i": 0.005,
    "lambda_j": 0.005
}[
    {
        "PRECISION": 0.0140601875,
        "PRECISION_RECALL_MIN_DEN": 0.0392803726,
        "RECALL": 0.039261493,
        "MAP": 0.0065971488,
        "MAP_MIN_DEN": 0.0184025372,
        "MRR": 0.0584950951,
        "NDCG": 0.038406812,
        "F1": 0.0207054221,
        "HIT_RATE": 0.1248149975,
        "ARHR_ALL_HITS": 0.0620462475,
        "NOVELTY": 0.0040603121,
        "AVERAGE_POPULARITY": 0.2880111516,
        "DIVERSITY_MEAN_INTER_LIST": 0.8387995388,
        "DIVERSITY_HERFINDAHL": 0.9838740423,
        "COVERAGE_ITEM": 0.2939976333,
        "COVERAGE_ITEM_HIT": 0.0138735871,
        "ITEMS_IN_GT": 0.9923287224,
        "COVERAGE_USER": 0.95884579,
        "COVERAGE_USER_HIT": 0.1196783349,
        "USERS_IN_GT": 0.95884579,
        "DIVERSITY_GINI": 0.0239990053,
        "SHANNON_ENTROPY": 7.8919159551,
        "RATIO_DIVERSITY_HERFINDAHL": 0.9841989764,
        "RATIO_DIVERSITY_GINI": 0.0471793152,
        "RATIO_SHANNON_ENTROPY": 0.5848638742,
        "RATIO_AVERAGE_POPULARITY": 5.6890138864,
        "RATIO_NOVELTY": 0.2323106535
    }
]