{
    "topK": 462,
    "alpha": 0.3795734358566363,
    "l1_ratio": 0.41381284542388896
}[
    {
        "PRECISION": 0.0081508688,
        "PRECISION_RECALL_MIN_DEN": 0.022074653,
        "RECALL": 0.0220663056,
        "MAP": 0.004335487,
        "MAP_MIN_DEN": 0.0116257705,
        "MRR": 0.0395087639,
        "NDCG": 0.0237520512,
        "F1": 0.0119044593,
        "HIT_RATE": 0.0737392287,
        "ARHR_ALL_HITS": 0.0413560004,
        "NOVELTY": 0.0050458271,
        "AVERAGE_POPULARITY": 0.1732330756,
        "DIVERSITY_MEAN_INTER_LIST": 0.7373149063,
        "DIVERSITY_HERFINDAHL": 0.9737262829,
        "COVERAGE_ITEM": 0.0062431142,
        "COVERAGE_ITEM_HIT": 0.0044477088,
        "ITEMS_IN_GT": 0.9926551598,
        "COVERAGE_USER": 0.9557820833,
        "COVERAGE_USER_HIT": 0.0704786336,
        "USERS_IN_GT": 0.9557820833,
        "DIVERSITY_GINI": 0.001768833,
        "SHANNON_ENTROPY": 5.8210247722,
        "RATIO_DIVERSITY_HERFINDAHL": 0.9740484926,
        "RATIO_DIVERSITY_GINI": 0.0034785104,
        "RATIO_SHANNON_ENTROPY": 0.431400104,
        "RATIO_AVERAGE_POPULARITY": 3.4341729151,
        "RATIO_NOVELTY": 0.2887024922
    }
]